solid OpenSCAD_Model
  facet normal 0 0.997844 0.0656309
    outer loop
      vertex 1.6 13.8103 12.8434
      vertex 0 13.8 13
      vertex 1.6 13.8 13
    endloop
  endfacet
  facet normal 0 0.997844 0.0656309
    outer loop
      vertex 0 13.8 13
      vertex 1.6 13.8103 12.8434
      vertex 0 13.8103 12.8434
    endloop
  endfacet
  facet normal 0 -0.194891 0.980825
    outer loop
      vertex 0 15.3106 11.8409
      vertex 1.6 15.1566 11.8103
      vertex 1.6 15.3106 11.8409
    endloop
  endfacet
  facet normal 0 -0.194891 0.980825
    outer loop
      vertex 1.6 15.1566 11.8103
      vertex 0 15.3106 11.8409
      vertex 0 15.1566 11.8103
    endloop
  endfacet
  facet normal 0 -0.0656309 0.997844
    outer loop
      vertex 0 15.1566 11.8103
      vertex 1.6 15 11.8
      vertex 1.6 15.1566 11.8103
    endloop
  endfacet
  facet normal 0 -0.0656309 0.997844
    outer loop
      vertex 1.6 15 11.8
      vertex 0 15.1566 11.8103
      vertex 0 15 11.8
    endloop
  endfacet
  facet normal 0 -0.321194 0.947013
    outer loop
      vertex 0 15.4592 11.8913
      vertex 1.6 15.3106 11.8409
      vertex 1.6 15.4592 11.8913
    endloop
  endfacet
  facet normal 0 -0.321194 0.947013
    outer loop
      vertex 1.6 15.3106 11.8409
      vertex 0 15.4592 11.8913
      vertex 0 15.3106 11.8409
    endloop
  endfacet
  facet normal 0 -0.997844 0.0656309
    outer loop
      vertex 0 16.1897 12.8434
      vertex 1.6 16.2 13
      vertex 0 16.2 13
    endloop
  endfacet
  facet normal 0 -0.997844 0.0656309
    outer loop
      vertex 1.6 16.2 13
      vertex 0 16.1897 12.8434
      vertex 1.6 16.1897 12.8434
    endloop
  endfacet
  facet normal 0 0.751787 -0.659406
    outer loop
      vertex 1.6 14.048 13.7305
      vertex 0 14.1515 13.8485
      vertex 1.6 14.1515 13.8485
    endloop
  endfacet
  facet normal 0 0.751787 -0.659406
    outer loop
      vertex 0 14.1515 13.8485
      vertex 1.6 14.048 13.7305
      vertex 0 14.048 13.7305
    endloop
  endfacet
  facet normal 0 0.0656309 -0.997844
    outer loop
      vertex 0 14.8434 14.1897
      vertex 1.6 15 14.2
      vertex 1.6 14.8434 14.1897
    endloop
  endfacet
  facet normal 0 0.0656309 -0.997844
    outer loop
      vertex 1.6 15 14.2
      vertex 0 14.8434 14.1897
      vertex 0 15 14.2
    endloop
  endfacet
  facet normal 0 -0.751787 -0.659406
    outer loop
      vertex 0 15.952 13.7305
      vertex 1.6 15.8485 13.8485
      vertex 0 15.8485 13.8485
    endloop
  endfacet
  facet normal 0 -0.751787 -0.659406
    outer loop
      vertex 1.6 15.8485 13.8485
      vertex 0 15.952 13.7305
      vertex 1.6 15.952 13.7305
    endloop
  endfacet
  facet normal 0 -0.659406 0.751787
    outer loop
      vertex 0 15.8485 12.1515
      vertex 1.6 15.7305 12.048
      vertex 1.6 15.8485 12.1515
    endloop
  endfacet
  facet normal 0 -0.659406 0.751787
    outer loop
      vertex 1.6 15.7305 12.048
      vertex 0 15.8485 12.1515
      vertex 0 15.7305 12.048
    endloop
  endfacet
  facet normal -0 0.0656309 0.997844
    outer loop
      vertex 0 15 11.8
      vertex 1.6 14.8434 11.8103
      vertex 1.6 15 11.8
    endloop
  endfacet
  facet normal 0 0.0656309 0.997844
    outer loop
      vertex 1.6 14.8434 11.8103
      vertex 0 15 11.8
      vertex 0 14.8434 11.8103
    endloop
  endfacet
  facet normal 0 -0.896708 0.442622
    outer loop
      vertex 0 16.0392 12.4
      vertex 1.6 16.1087 12.5408
      vertex 0 16.1087 12.5408
    endloop
  endfacet
  facet normal 0 -0.896708 0.442622
    outer loop
      vertex 1.6 16.1087 12.5408
      vertex 0 16.0392 12.4
      vertex 1.6 16.0392 12.4
    endloop
  endfacet
  facet normal -0 0.442622 0.896708
    outer loop
      vertex 0 14.5408 11.8913
      vertex 1.6 14.4 11.9608
      vertex 1.6 14.5408 11.8913
    endloop
  endfacet
  facet normal 0 0.442622 0.896708
    outer loop
      vertex 1.6 14.4 11.9608
      vertex 0 14.5408 11.8913
      vertex 0 14.4 11.9608
    endloop
  endfacet
  facet normal 0 0.947013 -0.321194
    outer loop
      vertex 1.6 13.8409 13.3106
      vertex 0 13.8913 13.4592
      vertex 1.6 13.8913 13.4592
    endloop
  endfacet
  facet normal 0 0.947013 -0.321194
    outer loop
      vertex 0 13.8913 13.4592
      vertex 1.6 13.8409 13.3106
      vertex 0 13.8409 13.3106
    endloop
  endfacet
  facet normal 0 -0.555582 0.831462
    outer loop
      vertex 0 15.7305 12.048
      vertex 1.6 15.6 11.9608
      vertex 1.6 15.7305 12.048
    endloop
  endfacet
  facet normal 0 -0.555582 0.831462
    outer loop
      vertex 1.6 15.6 11.9608
      vertex 0 15.7305 12.048
      vertex 0 15.6 11.9608
    endloop
  endfacet
  facet normal 0 -0.442622 0.896708
    outer loop
      vertex 0 15.6 11.9608
      vertex 1.6 15.4592 11.8913
      vertex 1.6 15.6 11.9608
    endloop
  endfacet
  facet normal 0 -0.442622 0.896708
    outer loop
      vertex 1.6 15.4592 11.8913
      vertex 0 15.6 11.9608
      vertex 0 15.4592 11.8913
    endloop
  endfacet
  facet normal 0 0.555582 -0.831462
    outer loop
      vertex 0 14.2695 13.952
      vertex 1.6 14.4 14.0392
      vertex 1.6 14.2695 13.952
    endloop
  endfacet
  facet normal 0 0.555582 -0.831462
    outer loop
      vertex 1.6 14.4 14.0392
      vertex 0 14.2695 13.952
      vertex 0 14.4 14.0392
    endloop
  endfacet
  facet normal 0 0.896708 0.442622
    outer loop
      vertex 1.6 13.9608 12.4
      vertex 0 13.8913 12.5408
      vertex 1.6 13.8913 12.5408
    endloop
  endfacet
  facet normal 0 0.896708 0.442622
    outer loop
      vertex 0 13.8913 12.5408
      vertex 1.6 13.9608 12.4
      vertex 0 13.9608 12.4
    endloop
  endfacet
  facet normal 0 -0.0656309 -0.997844
    outer loop
      vertex 0 15 14.2
      vertex 1.6 15.1566 14.1897
      vertex 1.6 15 14.2
    endloop
  endfacet
  facet normal -0 -0.0656309 -0.997844
    outer loop
      vertex 1.6 15.1566 14.1897
      vertex 0 15 14.2
      vertex 0 15.1566 14.1897
    endloop
  endfacet
  facet normal 0 -0.896708 -0.442622
    outer loop
      vertex 0 16.1087 13.4592
      vertex 1.6 16.0392 13.6
      vertex 0 16.0392 13.6
    endloop
  endfacet
  facet normal 0 -0.896708 -0.442622
    outer loop
      vertex 1.6 16.0392 13.6
      vertex 0 16.1087 13.4592
      vertex 1.6 16.1087 13.4592
    endloop
  endfacet
  facet normal 0 -0.980825 0.194891
    outer loop
      vertex 0 16.1591 12.6894
      vertex 1.6 16.1897 12.8434
      vertex 0 16.1897 12.8434
    endloop
  endfacet
  facet normal 0 -0.980825 0.194891
    outer loop
      vertex 1.6 16.1897 12.8434
      vertex 0 16.1591 12.6894
      vertex 1.6 16.1591 12.6894
    endloop
  endfacet
  facet normal 0 -0.659406 -0.751787
    outer loop
      vertex 0 15.7305 13.952
      vertex 1.6 15.8485 13.8485
      vertex 1.6 15.7305 13.952
    endloop
  endfacet
  facet normal -0 -0.659406 -0.751787
    outer loop
      vertex 1.6 15.8485 13.8485
      vertex 0 15.7305 13.952
      vertex 0 15.8485 13.8485
    endloop
  endfacet
  facet normal -0 0.321194 0.947013
    outer loop
      vertex 0 14.6894 11.8409
      vertex 1.6 14.5408 11.8913
      vertex 1.6 14.6894 11.8409
    endloop
  endfacet
  facet normal 0 0.321194 0.947013
    outer loop
      vertex 1.6 14.5408 11.8913
      vertex 0 14.6894 11.8409
      vertex 0 14.5408 11.8913
    endloop
  endfacet
  facet normal 0 -0.194891 -0.980825
    outer loop
      vertex 0 15.1566 14.1897
      vertex 1.6 15.3106 14.1591
      vertex 1.6 15.1566 14.1897
    endloop
  endfacet
  facet normal -0 -0.194891 -0.980825
    outer loop
      vertex 1.6 15.3106 14.1591
      vertex 0 15.1566 14.1897
      vertex 0 15.3106 14.1591
    endloop
  endfacet
  facet normal 0 0.896708 -0.442622
    outer loop
      vertex 1.6 13.8913 13.4592
      vertex 0 13.9608 13.6
      vertex 1.6 13.9608 13.6
    endloop
  endfacet
  facet normal 0 0.896708 -0.442622
    outer loop
      vertex 0 13.9608 13.6
      vertex 1.6 13.8913 13.4592
      vertex 0 13.8913 13.4592
    endloop
  endfacet
  facet normal 0 -0.831462 -0.555582
    outer loop
      vertex 0 16.0392 13.6
      vertex 1.6 15.952 13.7305
      vertex 0 15.952 13.7305
    endloop
  endfacet
  facet normal 0 -0.831462 -0.555582
    outer loop
      vertex 1.6 15.952 13.7305
      vertex 0 16.0392 13.6
      vertex 1.6 16.0392 13.6
    endloop
  endfacet
  facet normal 0 0.751787 0.659406
    outer loop
      vertex 1.6 14.1515 12.1515
      vertex 0 14.048 12.2695
      vertex 1.6 14.048 12.2695
    endloop
  endfacet
  facet normal 0 0.751787 0.659406
    outer loop
      vertex 0 14.048 12.2695
      vertex 1.6 14.1515 12.1515
      vertex 0 14.1515 12.1515
    endloop
  endfacet
  facet normal 0 -0.947013 -0.321194
    outer loop
      vertex 0 16.1591 13.3106
      vertex 1.6 16.1087 13.4592
      vertex 0 16.1087 13.4592
    endloop
  endfacet
  facet normal 0 -0.947013 -0.321194
    outer loop
      vertex 1.6 16.1087 13.4592
      vertex 0 16.1591 13.3106
      vertex 1.6 16.1591 13.3106
    endloop
  endfacet
  facet normal -0 0.555582 0.831462
    outer loop
      vertex 0 14.4 11.9608
      vertex 1.6 14.2695 12.048
      vertex 1.6 14.4 11.9608
    endloop
  endfacet
  facet normal 0 0.555582 0.831462
    outer loop
      vertex 1.6 14.2695 12.048
      vertex 0 14.4 11.9608
      vertex 0 14.2695 12.048
    endloop
  endfacet
  facet normal 0 0.831462 0.555582
    outer loop
      vertex 1.6 14.048 12.2695
      vertex 0 13.9608 12.4
      vertex 1.6 13.9608 12.4
    endloop
  endfacet
  facet normal 0 0.831462 0.555582
    outer loop
      vertex 0 13.9608 12.4
      vertex 1.6 14.048 12.2695
      vertex 0 14.048 12.2695
    endloop
  endfacet
  facet normal -0 0.659406 0.751787
    outer loop
      vertex 0 14.2695 12.048
      vertex 1.6 14.1515 12.1515
      vertex 1.6 14.2695 12.048
    endloop
  endfacet
  facet normal 0 0.659406 0.751787
    outer loop
      vertex 1.6 14.1515 12.1515
      vertex 0 14.2695 12.048
      vertex 0 14.1515 12.1515
    endloop
  endfacet
  facet normal -0 0.194891 0.980825
    outer loop
      vertex 0 14.8434 11.8103
      vertex 1.6 14.6894 11.8409
      vertex 1.6 14.8434 11.8103
    endloop
  endfacet
  facet normal 0 0.194891 0.980825
    outer loop
      vertex 1.6 14.6894 11.8409
      vertex 0 14.8434 11.8103
      vertex 0 14.6894 11.8409
    endloop
  endfacet
  facet normal 0 -0.997844 -0.0656309
    outer loop
      vertex 0 16.2 13
      vertex 1.6 16.1897 13.1566
      vertex 0 16.1897 13.1566
    endloop
  endfacet
  facet normal 0 -0.997844 -0.0656309
    outer loop
      vertex 1.6 16.1897 13.1566
      vertex 0 16.2 13
      vertex 1.6 16.2 13
    endloop
  endfacet
  facet normal 0 0.442622 -0.896708
    outer loop
      vertex 0 14.4 14.0392
      vertex 1.6 14.5408 14.1087
      vertex 1.6 14.4 14.0392
    endloop
  endfacet
  facet normal 0 0.442622 -0.896708
    outer loop
      vertex 1.6 14.5408 14.1087
      vertex 0 14.4 14.0392
      vertex 0 14.5408 14.1087
    endloop
  endfacet
  facet normal 0 -0.442622 -0.896708
    outer loop
      vertex 0 15.4592 14.1087
      vertex 1.6 15.6 14.0392
      vertex 1.6 15.4592 14.1087
    endloop
  endfacet
  facet normal -0 -0.442622 -0.896708
    outer loop
      vertex 1.6 15.6 14.0392
      vertex 0 15.4592 14.1087
      vertex 0 15.6 14.0392
    endloop
  endfacet
  facet normal 0 -0.831462 0.555582
    outer loop
      vertex 0 15.952 12.2695
      vertex 1.6 16.0392 12.4
      vertex 0 16.0392 12.4
    endloop
  endfacet
  facet normal 0 -0.831462 0.555582
    outer loop
      vertex 1.6 16.0392 12.4
      vertex 0 15.952 12.2695
      vertex 1.6 15.952 12.2695
    endloop
  endfacet
  facet normal 0 0.194891 -0.980825
    outer loop
      vertex 0 14.6894 14.1591
      vertex 1.6 14.8434 14.1897
      vertex 1.6 14.6894 14.1591
    endloop
  endfacet
  facet normal 0 0.194891 -0.980825
    outer loop
      vertex 1.6 14.8434 14.1897
      vertex 0 14.6894 14.1591
      vertex 0 14.8434 14.1897
    endloop
  endfacet
  facet normal 0 0.947013 0.321194
    outer loop
      vertex 1.6 13.8913 12.5408
      vertex 0 13.8409 12.6894
      vertex 1.6 13.8409 12.6894
    endloop
  endfacet
  facet normal 0 0.947013 0.321194
    outer loop
      vertex 0 13.8409 12.6894
      vertex 1.6 13.8913 12.5408
      vertex 0 13.8913 12.5408
    endloop
  endfacet
  facet normal 0 -0.751787 0.659406
    outer loop
      vertex 0 15.8485 12.1515
      vertex 1.6 15.952 12.2695
      vertex 0 15.952 12.2695
    endloop
  endfacet
  facet normal 0 -0.751787 0.659406
    outer loop
      vertex 1.6 15.952 12.2695
      vertex 0 15.8485 12.1515
      vertex 1.6 15.8485 12.1515
    endloop
  endfacet
  facet normal 0 0.980825 0.194891
    outer loop
      vertex 1.6 13.8409 12.6894
      vertex 0 13.8103 12.8434
      vertex 1.6 13.8103 12.8434
    endloop
  endfacet
  facet normal 0 0.980825 0.194891
    outer loop
      vertex 0 13.8103 12.8434
      vertex 1.6 13.8409 12.6894
      vertex 0 13.8409 12.6894
    endloop
  endfacet
  facet normal 0 -0.321194 -0.947013
    outer loop
      vertex 0 15.3106 14.1591
      vertex 1.6 15.4592 14.1087
      vertex 1.6 15.3106 14.1591
    endloop
  endfacet
  facet normal -0 -0.321194 -0.947013
    outer loop
      vertex 1.6 15.4592 14.1087
      vertex 0 15.3106 14.1591
      vertex 0 15.4592 14.1087
    endloop
  endfacet
  facet normal 0 -0.980825 -0.194891
    outer loop
      vertex 0 16.1897 13.1566
      vertex 1.6 16.1591 13.3106
      vertex 0 16.1591 13.3106
    endloop
  endfacet
  facet normal 0 -0.980825 -0.194891
    outer loop
      vertex 1.6 16.1591 13.3106
      vertex 0 16.1897 13.1566
      vertex 1.6 16.1897 13.1566
    endloop
  endfacet
  facet normal 0 0.997844 -0.0656309
    outer loop
      vertex 1.6 13.8 13
      vertex 0 13.8103 13.1566
      vertex 1.6 13.8103 13.1566
    endloop
  endfacet
  facet normal 0 0.997844 -0.0656309
    outer loop
      vertex 0 13.8103 13.1566
      vertex 1.6 13.8 13
      vertex 0 13.8 13
    endloop
  endfacet
  facet normal 0 0.321194 -0.947013
    outer loop
      vertex 0 14.5408 14.1087
      vertex 1.6 14.6894 14.1591
      vertex 1.6 14.5408 14.1087
    endloop
  endfacet
  facet normal 0 0.321194 -0.947013
    outer loop
      vertex 1.6 14.6894 14.1591
      vertex 0 14.5408 14.1087
      vertex 0 14.6894 14.1591
    endloop
  endfacet
  facet normal 0 0.659406 -0.751787
    outer loop
      vertex 0 14.1515 13.8485
      vertex 1.6 14.2695 13.952
      vertex 1.6 14.1515 13.8485
    endloop
  endfacet
  facet normal 0 0.659406 -0.751787
    outer loop
      vertex 1.6 14.2695 13.952
      vertex 0 14.1515 13.8485
      vertex 0 14.2695 13.952
    endloop
  endfacet
  facet normal 0 0.980825 -0.194891
    outer loop
      vertex 1.6 13.8103 13.1566
      vertex 0 13.8409 13.3106
      vertex 1.6 13.8409 13.3106
    endloop
  endfacet
  facet normal 0 0.980825 -0.194891
    outer loop
      vertex 0 13.8409 13.3106
      vertex 1.6 13.8103 13.1566
      vertex 0 13.8103 13.1566
    endloop
  endfacet
  facet normal 0 0.831462 -0.555582
    outer loop
      vertex 1.6 13.9608 13.6
      vertex 0 14.048 13.7305
      vertex 1.6 14.048 13.7305
    endloop
  endfacet
  facet normal 0 0.831462 -0.555582
    outer loop
      vertex 0 14.048 13.7305
      vertex 1.6 13.9608 13.6
      vertex 0 13.9608 13.6
    endloop
  endfacet
  facet normal 0 -0.947013 0.321194
    outer loop
      vertex 0 16.1087 12.5408
      vertex 1.6 16.1591 12.6894
      vertex 0 16.1591 12.6894
    endloop
  endfacet
  facet normal 0 -0.947013 0.321194
    outer loop
      vertex 1.6 16.1591 12.6894
      vertex 0 16.1087 12.5408
      vertex 1.6 16.1087 12.5408
    endloop
  endfacet
  facet normal 0 -0.555582 -0.831462
    outer loop
      vertex 0 15.6 14.0392
      vertex 1.6 15.7305 13.952
      vertex 1.6 15.6 14.0392
    endloop
  endfacet
  facet normal -0 -0.555582 -0.831462
    outer loop
      vertex 1.6 15.7305 13.952
      vertex 0 15.6 14.0392
      vertex 0 15.7305 13.952
    endloop
  endfacet
  facet normal 0.679267 0.702941 -0.210882
    outer loop
      vertex 3 12.5941 13.6447
      vertex 1.6 13.8913 13.4592
      vertex 3 12.5944 13.6457
    endloop
  endfacet
  facet normal 0.67707 0.696925 -0.236373
    outer loop
      vertex 1.6 13.8913 13.4592
      vertex 3 12.5941 13.6447
      vertex 1.6 13.8409 13.3106
    endloop
  endfacet
  facet normal 0.677059 -0.236593 0.696861
    outer loop
      vertex 3 15.6457 10.5944
      vertex 3 15.9532 10.6988
      vertex 1.6 15.4592 11.8913
    endloop
  endfacet
  facet normal 0.677076 -0.408839 0.611898
    outer loop
      vertex 3 16.2454 10.8429
      vertex 3 16.5154 11.0233
      vertex 1.6 15.6 11.9608
    endloop
  endfacet
  facet normal 0.677839 0.519872 -0.519872
    outer loop
      vertex 3 13.238 14.7604
      vertex 1.6 14.1515 13.8485
      vertex 3 13.2388 14.7612
    endloop
  endfacet
  facet normal 0.677076 0.553249 -0.485265
    outer loop
      vertex 1.6 14.1515 13.8485
      vertex 3 13.238 14.7604
      vertex 1.6 14.048 13.7305
    endloop
  endfacet
  facet normal 0.677062 -0.0482761 0.734341
    outer loop
      vertex 3 15 10.5092
      vertex 3 15.324 10.5305
      vertex 1.6 15 11.8
    endloop
  endfacet
  facet normal 0.674712 0 0.738081
    outer loop
      vertex 1.6 15.1566 11.8103
      vertex 3 15.324 10.5305
      vertex 3 15.3251 10.5305
    endloop
  endfacet
  facet normal 0.677064 -0.0482993 0.734337
    outer loop
      vertex 3 15.324 10.5305
      vertex 1.6 15.1566 11.8103
      vertex 1.6 15 11.8
    endloop
  endfacet
  facet normal 0.677202 0.658117 -0.329058
    outer loop
      vertex 3 12.8424 14.2444
      vertex 1.6 13.9608 13.6
      vertex 3 12.8429 14.2454
    endloop
  endfacet
  facet normal 0.677086 0.659891 -0.325727
    outer loop
      vertex 1.6 13.9608 13.6
      vertex 3 12.8424 14.2444
      vertex 1.6 13.8913 13.4592
    endloop
  endfacet
  facet normal 0.677062 -0.734341 0.0482761
    outer loop
      vertex 3 17.4695 12.676
      vertex 3 17.4908 13
      vertex 1.6 16.2 13
    endloop
  endfacet
  facet normal 0.677064 0.0482993 0.734337
    outer loop
      vertex 1.6 14.8434 11.8103
      vertex 3 14.676 10.5305
      vertex 1.6 15 11.8
    endloop
  endfacet
  facet normal 0.674712 0 0.738081
    outer loop
      vertex 3 14.676 10.5305
      vertex 1.6 14.8434 11.8103
      vertex 3 14.6749 10.5305
    endloop
  endfacet
  facet normal 0.677059 -0.236593 -0.696861
    outer loop
      vertex 3 15.9532 15.3012
      vertex 3 15.6457 15.4056
      vertex 1.6 15.4592 14.1087
    endloop
  endfacet
  facet normal 0.677064 -0.0482993 -0.734337
    outer loop
      vertex 1.6 15.1566 14.1897
      vertex 3 15.324 15.4695
      vertex 1.6 15 14.2
    endloop
  endfacet
  facet normal 0.674712 0 -0.738081
    outer loop
      vertex 3 15.324 15.4695
      vertex 1.6 15.1566 14.1897
      vertex 3 15.3251 15.4695
    endloop
  endfacet
  facet normal 0.677064 0.734337 0.0482993
    outer loop
      vertex 3 12.5305 12.676
      vertex 1.6 13.8103 12.8434
      vertex 1.6 13.8 13
    endloop
  endfacet
  facet normal 0.674712 0.738081 0
    outer loop
      vertex 1.6 13.8103 12.8434
      vertex 3 12.5305 12.676
      vertex 3 12.5305 12.6749
    endloop
  endfacet
  facet normal 0.677076 -0.48526 -0.553255
    outer loop
      vertex 3 16.7604 14.762
      vertex 3 16.5163 14.9761
      vertex 1.6 15.7305 13.952
    endloop
  endfacet
  facet normal 0.67706 0.325485 0.660037
    outer loop
      vertex 3 13.7556 10.8424
      vertex 3 14.0468 10.6988
      vertex 1.6 14.5408 11.8913
    endloop
  endfacet
  facet normal 0.679267 0.210882 -0.702941
    outer loop
      vertex 1.6 14.5408 14.1087
      vertex 3 14.3553 15.4059
      vertex 3 14.3543 15.4056
    endloop
  endfacet
  facet normal 0.67707 0.236373 -0.696925
    outer loop
      vertex 3 14.3553 15.4059
      vertex 1.6 14.5408 14.1087
      vertex 1.6 14.6894 14.1591
    endloop
  endfacet
  facet normal 0.677076 0.611898 0.408839
    outer loop
      vertex 3 12.8429 11.7546
      vertex 3 13.0233 11.4846
      vertex 1.6 13.9608 12.4
    endloop
  endfacet
  facet normal 0.67707 0.696925 0.236373
    outer loop
      vertex 3 12.5941 12.3553
      vertex 1.6 13.8913 12.5408
      vertex 1.6 13.8409 12.6894
    endloop
  endfacet
  facet normal 0.679267 0.702941 0.210882
    outer loop
      vertex 1.6 13.8913 12.5408
      vertex 3 12.5941 12.3553
      vertex 3 12.5944 12.3543
    endloop
  endfacet
  facet normal 0.677076 0.553255 -0.48526
    outer loop
      vertex 3 13.238 14.7604
      vertex 3 13.0239 14.5163
      vertex 1.6 14.048 13.7305
    endloop
  endfacet
  facet normal 0.67706 -0.660037 -0.325485
    outer loop
      vertex 3 17.3012 13.9532
      vertex 3 17.1576 14.2444
      vertex 1.6 16.1087 13.4592
    endloop
  endfacet
  facet normal 0.674712 0.738081 -0
    outer loop
      vertex 3 12.5305 13.324
      vertex 1.6 13.8103 13.1566
      vertex 3 12.5305 13.3251
    endloop
  endfacet
  facet normal 0.677064 0.734337 -0.0482993
    outer loop
      vertex 1.6 13.8103 13.1566
      vertex 3 12.5305 13.324
      vertex 1.6 13.8 13
    endloop
  endfacet
  facet normal 0.677076 0.721752 -0.143671
    outer loop
      vertex 3 12.5939 13.6436
      vertex 3 12.5305 13.3251
      vertex 1.6 13.8103 13.1566
    endloop
  endfacet
  facet normal 0.677086 0.325727 -0.659891
    outer loop
      vertex 3 13.7556 15.1576
      vertex 1.6 14.4 14.0392
      vertex 1.6 14.5408 14.1087
    endloop
  endfacet
  facet normal 0.677202 0.329058 -0.658117
    outer loop
      vertex 1.6 14.4 14.0392
      vertex 3 13.7556 15.1576
      vertex 3 13.7546 15.1571
    endloop
  endfacet
  facet normal 0.677086 -0.659891 0.325727
    outer loop
      vertex 1.6 16.0392 12.4
      vertex 3 17.1576 11.7556
      vertex 1.6 16.1087 12.5408
    endloop
  endfacet
  facet normal 0.677202 -0.658117 0.329058
    outer loop
      vertex 3 17.1576 11.7556
      vertex 1.6 16.0392 12.4
      vertex 3 17.1571 11.7546
    endloop
  endfacet
  facet normal 0.677062 0.734341 0.0482761
    outer loop
      vertex 3 12.5092 13
      vertex 3 12.5305 12.676
      vertex 1.6 13.8 13
    endloop
  endfacet
  facet normal 0.677059 0.696861 0.236593
    outer loop
      vertex 3 12.5944 12.3543
      vertex 3 12.6988 12.0468
      vertex 1.6 13.8913 12.5408
    endloop
  endfacet
  facet normal 0.677062 0.0482761 0.734341
    outer loop
      vertex 3 14.676 10.5305
      vertex 3 15 10.5092
      vertex 1.6 15 11.8
    endloop
  endfacet
  facet normal 0.677059 -0.696861 -0.236593
    outer loop
      vertex 3 17.4056 13.6457
      vertex 3 17.3012 13.9532
      vertex 1.6 16.1087 13.4592
    endloop
  endfacet
  facet normal 0.677076 0.611898 -0.408839
    outer loop
      vertex 3 13.0233 14.5154
      vertex 3 12.8429 14.2454
      vertex 1.6 13.9608 13.6
    endloop
  endfacet
  facet normal 0.677076 0.143671 -0.721752
    outer loop
      vertex 3 14.6749 15.4695
      vertex 3 14.3564 15.4061
      vertex 1.6 14.8434 14.1897
    endloop
  endfacet
  facet normal 0.677076 -0.553249 0.485265
    outer loop
      vertex 1.6 15.8485 12.1515
      vertex 3 16.762 11.2396
      vertex 1.6 15.952 12.2695
    endloop
  endfacet
  facet normal 0.677839 -0.519872 0.519872
    outer loop
      vertex 3 16.762 11.2396
      vertex 1.6 15.8485 12.1515
      vertex 3 16.7612 11.2388
    endloop
  endfacet
  facet normal 0.677059 0.236593 0.696861
    outer loop
      vertex 3 14.0468 10.6988
      vertex 3 14.3543 10.5944
      vertex 1.6 14.5408 11.8913
    endloop
  endfacet
  facet normal 0.67706 0.660037 0.325485
    outer loop
      vertex 3 12.6988 12.0468
      vertex 3 12.8424 11.7556
      vertex 1.6 13.8913 12.5408
    endloop
  endfacet
  facet normal 0.67707 -0.696925 0.236373
    outer loop
      vertex 1.6 16.1087 12.5408
      vertex 3 17.4059 12.3553
      vertex 1.6 16.1591 12.6894
    endloop
  endfacet
  facet normal 0.679267 -0.702941 0.210882
    outer loop
      vertex 3 17.4059 12.3553
      vertex 1.6 16.1087 12.5408
      vertex 3 17.4056 12.3543
    endloop
  endfacet
  facet normal 0.677076 -0.553255 0.48526
    outer loop
      vertex 3 16.762 11.2396
      vertex 3 16.9761 11.4837
      vertex 1.6 15.952 12.2695
    endloop
  endfacet
  facet normal 0.67706 0.660037 -0.325485
    outer loop
      vertex 3 12.8424 14.2444
      vertex 3 12.6988 13.9532
      vertex 1.6 13.8913 13.4592
    endloop
  endfacet
  facet normal 0.677839 -0.519872 -0.519872
    outer loop
      vertex 3 16.7604 14.762
      vertex 1.6 15.8485 13.8485
      vertex 3 16.7612 14.7612
    endloop
  endfacet
  facet normal 0.677076 -0.485265 -0.553249
    outer loop
      vertex 1.6 15.8485 13.8485
      vertex 3 16.7604 14.762
      vertex 1.6 15.7305 13.952
    endloop
  endfacet
  facet normal 0.67707 0.236373 0.696925
    outer loop
      vertex 1.6 14.5408 11.8913
      vertex 3 14.3553 10.5941
      vertex 1.6 14.6894 11.8409
    endloop
  endfacet
  facet normal 0.679267 0.210882 0.702941
    outer loop
      vertex 3 14.3553 10.5941
      vertex 1.6 14.5408 11.8913
      vertex 3 14.3543 10.5944
    endloop
  endfacet
  facet normal 0.677078 0.408859 0.611882
    outer loop
      vertex 1.6 14.2695 12.048
      vertex 3 13.4846 11.0233
      vertex 1.6 14.4 11.9608
    endloop
  endfacet
  facet normal 0.677053 0.408223 0.612335
    outer loop
      vertex 3 13.4846 11.0233
      vertex 1.6 14.2695 12.048
      vertex 3 13.4837 11.0239
    endloop
  endfacet
  facet normal 0.677076 0.553255 0.48526
    outer loop
      vertex 3 13.0239 11.4837
      vertex 3 13.238 11.2396
      vertex 1.6 14.048 12.2695
    endloop
  endfacet
  facet normal 0.677076 0.143671 0.721752
    outer loop
      vertex 3 14.3564 10.5939
      vertex 3 14.6749 10.5305
      vertex 1.6 14.8434 11.8103
    endloop
  endfacet
  facet normal 0.677053 0.143427 0.721823
    outer loop
      vertex 1.6 14.6894 11.8409
      vertex 3 14.3564 10.5939
      vertex 1.6 14.8434 11.8103
    endloop
  endfacet
  facet normal 0.676616 0.13172 0.724459
    outer loop
      vertex 3 14.3564 10.5939
      vertex 1.6 14.6894 11.8409
      vertex 3 14.3553 10.5941
    endloop
  endfacet
  facet normal 0.67706 0.325485 -0.660037
    outer loop
      vertex 3 14.0468 15.3012
      vertex 3 13.7556 15.1576
      vertex 1.6 14.5408 14.1087
    endloop
  endfacet
  facet normal 0.67706 -0.325485 0.660037
    outer loop
      vertex 3 15.9532 10.6988
      vertex 3 16.2444 10.8424
      vertex 1.6 15.4592 11.8913
    endloop
  endfacet
  facet normal 0.676616 0.724459 -0.13172
    outer loop
      vertex 3 12.5939 13.6436
      vertex 1.6 13.8409 13.3106
      vertex 3 12.5941 13.6447
    endloop
  endfacet
  facet normal 0.677053 0.721823 -0.143427
    outer loop
      vertex 1.6 13.8409 13.3106
      vertex 3 12.5939 13.6436
      vertex 1.6 13.8103 13.1566
    endloop
  endfacet
  facet normal 0.677076 -0.721752 -0.143671
    outer loop
      vertex 3 17.4695 13.3251
      vertex 3 17.4061 13.6436
      vertex 1.6 16.1897 13.1566
    endloop
  endfacet
  facet normal 0.677076 0.48526 -0.553255
    outer loop
      vertex 3 13.4837 14.9761
      vertex 3 13.2396 14.762
      vertex 1.6 14.2695 13.952
    endloop
  endfacet
  facet normal 0.677078 0.408859 -0.611882
    outer loop
      vertex 3 13.4846 14.9767
      vertex 1.6 14.2695 13.952
      vertex 1.6 14.4 14.0392
    endloop
  endfacet
  facet normal 0.677053 0.408223 -0.612335
    outer loop
      vertex 1.6 14.2695 13.952
      vertex 3 13.4846 14.9767
      vertex 3 13.4837 14.9761
    endloop
  endfacet
  facet normal 0.677078 -0.611882 0.408859
    outer loop
      vertex 1.6 15.952 12.2695
      vertex 3 16.9767 11.4846
      vertex 1.6 16.0392 12.4
    endloop
  endfacet
  facet normal 0.677053 -0.612335 0.408223
    outer loop
      vertex 3 16.9767 11.4846
      vertex 1.6 15.952 12.2695
      vertex 3 16.9761 11.4837
    endloop
  endfacet
  facet normal 0.677062 0.734341 -0.0482761
    outer loop
      vertex 3 12.5305 13.324
      vertex 3 12.5092 13
      vertex 1.6 13.8 13
    endloop
  endfacet
  facet normal 0.674712 0 -0.738081
    outer loop
      vertex 1.6 14.8434 14.1897
      vertex 3 14.676 15.4695
      vertex 3 14.6749 15.4695
    endloop
  endfacet
  facet normal 0.677064 0.0482993 -0.734337
    outer loop
      vertex 3 14.676 15.4695
      vertex 1.6 14.8434 14.1897
      vertex 1.6 15 14.2
    endloop
  endfacet
  facet normal 0.677078 0.611882 0.408859
    outer loop
      vertex 3 13.0233 11.4846
      vertex 1.6 14.048 12.2695
      vertex 1.6 13.9608 12.4
    endloop
  endfacet
  facet normal 0.677053 0.612335 0.408223
    outer loop
      vertex 1.6 14.048 12.2695
      vertex 3 13.0233 11.4846
      vertex 3 13.0239 11.4837
    endloop
  endfacet
  facet normal 0.677076 0.553249 0.485265
    outer loop
      vertex 3 13.238 11.2396
      vertex 1.6 14.1515 12.1515
      vertex 1.6 14.048 12.2695
    endloop
  endfacet
  facet normal 0.677839 0.519872 0.519872
    outer loop
      vertex 1.6 14.1515 12.1515
      vertex 3 13.238 11.2396
      vertex 3 13.2388 11.2388
    endloop
  endfacet
  facet normal 0.677086 0.659891 0.325727
    outer loop
      vertex 3 12.8424 11.7556
      vertex 1.6 13.9608 12.4
      vertex 1.6 13.8913 12.5408
    endloop
  endfacet
  facet normal 0.677202 0.658117 0.329058
    outer loop
      vertex 1.6 13.9608 12.4
      vertex 3 12.8424 11.7556
      vertex 3 12.8429 11.7546
    endloop
  endfacet
  facet normal 0.677053 -0.612335 -0.408223
    outer loop
      vertex 1.6 15.952 13.7305
      vertex 3 16.9767 14.5154
      vertex 3 16.9761 14.5163
    endloop
  endfacet
  facet normal 0.677078 -0.611882 -0.408859
    outer loop
      vertex 3 16.9767 14.5154
      vertex 1.6 15.952 13.7305
      vertex 1.6 16.0392 13.6
    endloop
  endfacet
  facet normal 0.677064 -0.734337 0.0482993
    outer loop
      vertex 1.6 16.1897 12.8434
      vertex 3 17.4695 12.676
      vertex 1.6 16.2 13
    endloop
  endfacet
  facet normal 0.674712 -0.738081 0
    outer loop
      vertex 3 17.4695 12.676
      vertex 1.6 16.1897 12.8434
      vertex 3 17.4695 12.6749
    endloop
  endfacet
  facet normal 0.67707 -0.236373 -0.696925
    outer loop
      vertex 1.6 15.4592 14.1087
      vertex 3 15.6447 15.4059
      vertex 1.6 15.3106 14.1591
    endloop
  endfacet
  facet normal 0.679267 -0.210882 -0.702941
    outer loop
      vertex 3 15.6447 15.4059
      vertex 1.6 15.4592 14.1087
      vertex 3 15.6457 15.4056
    endloop
  endfacet
  facet normal 0.677059 0.696861 -0.236593
    outer loop
      vertex 3 12.6988 13.9532
      vertex 3 12.5944 13.6457
      vertex 1.6 13.8913 13.4592
    endloop
  endfacet
  facet normal 0.677053 0.721823 0.143427
    outer loop
      vertex 3 12.5939 12.3564
      vertex 1.6 13.8409 12.6894
      vertex 1.6 13.8103 12.8434
    endloop
  endfacet
  facet normal 0.676616 0.724459 0.13172
    outer loop
      vertex 1.6 13.8409 12.6894
      vertex 3 12.5939 12.3564
      vertex 3 12.5941 12.3553
    endloop
  endfacet
  facet normal 0.677076 0.721752 0.143671
    outer loop
      vertex 3 12.5305 12.6749
      vertex 3 12.5939 12.3564
      vertex 1.6 13.8103 12.8434
    endloop
  endfacet
  facet normal 0.677053 -0.408223 -0.612335
    outer loop
      vertex 3 16.5154 14.9767
      vertex 1.6 15.7305 13.952
      vertex 3 16.5163 14.9761
    endloop
  endfacet
  facet normal 0.677078 -0.408859 -0.611882
    outer loop
      vertex 1.6 15.7305 13.952
      vertex 3 16.5154 14.9767
      vertex 1.6 15.6 14.0392
    endloop
  endfacet
  facet normal 0.677076 0.485265 -0.553249
    outer loop
      vertex 3 13.2396 14.762
      vertex 1.6 14.1515 13.8485
      vertex 1.6 14.2695 13.952
    endloop
  endfacet
  facet normal 0.677839 0.519872 -0.519872
    outer loop
      vertex 1.6 14.1515 13.8485
      vertex 3 13.2396 14.762
      vertex 3 13.2388 14.7612
    endloop
  endfacet
  facet normal 0.677076 0.408839 -0.611898
    outer loop
      vertex 3 13.7546 15.1571
      vertex 3 13.4846 14.9767
      vertex 1.6 14.4 14.0392
    endloop
  endfacet
  facet normal 0.677059 -0.696861 0.236593
    outer loop
      vertex 3 17.3012 12.0468
      vertex 3 17.4056 12.3543
      vertex 1.6 16.1087 12.5408
    endloop
  endfacet
  facet normal 0.677076 -0.143671 -0.721752
    outer loop
      vertex 3 15.6436 15.4061
      vertex 3 15.3251 15.4695
      vertex 1.6 15.1566 14.1897
    endloop
  endfacet
  facet normal 0.677076 -0.408839 -0.611898
    outer loop
      vertex 3 16.5154 14.9767
      vertex 3 16.2454 15.1571
      vertex 1.6 15.6 14.0392
    endloop
  endfacet
  facet normal 0.67706 -0.660037 0.325485
    outer loop
      vertex 3 17.1576 11.7556
      vertex 3 17.3012 12.0468
      vertex 1.6 16.1087 12.5408
    endloop
  endfacet
  facet normal 0.677202 -0.329058 -0.658117
    outer loop
      vertex 3 16.2444 15.1576
      vertex 1.6 15.6 14.0392
      vertex 3 16.2454 15.1571
    endloop
  endfacet
  facet normal 0.677086 -0.325727 -0.659891
    outer loop
      vertex 1.6 15.6 14.0392
      vertex 3 16.2444 15.1576
      vertex 1.6 15.4592 14.1087
    endloop
  endfacet
  facet normal 0.677059 0.236593 -0.696861
    outer loop
      vertex 3 14.3543 15.4056
      vertex 3 14.0468 15.3012
      vertex 1.6 14.5408 14.1087
    endloop
  endfacet
  facet normal 0.677076 -0.611898 0.408839
    outer loop
      vertex 3 16.9767 11.4846
      vertex 3 17.1571 11.7546
      vertex 1.6 16.0392 12.4
    endloop
  endfacet
  facet normal 0.676616 -0.724459 -0.13172
    outer loop
      vertex 1.6 16.1591 13.3106
      vertex 3 17.4061 13.6436
      vertex 3 17.4059 13.6447
    endloop
  endfacet
  facet normal 0.677053 -0.721823 -0.143427
    outer loop
      vertex 3 17.4061 13.6436
      vertex 1.6 16.1591 13.3106
      vertex 1.6 16.1897 13.1566
    endloop
  endfacet
  facet normal 0.677076 0.485265 0.553249
    outer loop
      vertex 1.6 14.1515 12.1515
      vertex 3 13.2396 11.238
      vertex 1.6 14.2695 12.048
    endloop
  endfacet
  facet normal 0.677839 0.519872 0.519872
    outer loop
      vertex 3 13.2396 11.238
      vertex 1.6 14.1515 12.1515
      vertex 3 13.2388 11.2388
    endloop
  endfacet
  facet normal 0.677202 -0.329058 0.658117
    outer loop
      vertex 1.6 15.6 11.9608
      vertex 3 16.2444 10.8424
      vertex 3 16.2454 10.8429
    endloop
  endfacet
  facet normal 0.677086 -0.325727 0.659891
    outer loop
      vertex 3 16.2444 10.8424
      vertex 1.6 15.6 11.9608
      vertex 1.6 15.4592 11.8913
    endloop
  endfacet
  facet normal 0.677053 -0.143427 -0.721823
    outer loop
      vertex 1.6 15.3106 14.1591
      vertex 3 15.6436 15.4061
      vertex 1.6 15.1566 14.1897
    endloop
  endfacet
  facet normal 0.676616 -0.13172 -0.724459
    outer loop
      vertex 3 15.6436 15.4061
      vertex 1.6 15.3106 14.1591
      vertex 3 15.6447 15.4059
    endloop
  endfacet
  facet normal 0.677076 0.48526 0.553255
    outer loop
      vertex 3 13.2396 11.238
      vertex 3 13.4837 11.0239
      vertex 1.6 14.2695 12.048
    endloop
  endfacet
  facet normal 0.676616 0.13172 -0.724459
    outer loop
      vertex 1.6 14.6894 14.1591
      vertex 3 14.3564 15.4061
      vertex 3 14.3553 15.4059
    endloop
  endfacet
  facet normal 0.677053 0.143427 -0.721823
    outer loop
      vertex 3 14.3564 15.4061
      vertex 1.6 14.6894 14.1591
      vertex 1.6 14.8434 14.1897
    endloop
  endfacet
  facet normal 0.67706 -0.325485 -0.660037
    outer loop
      vertex 3 16.2444 15.1576
      vertex 3 15.9532 15.3012
      vertex 1.6 15.4592 14.1087
    endloop
  endfacet
  facet normal 0.677839 -0.519872 -0.519872
    outer loop
      vertex 1.6 15.8485 13.8485
      vertex 3 16.762 14.7604
      vertex 3 16.7612 14.7612
    endloop
  endfacet
  facet normal 0.677076 -0.553249 -0.485265
    outer loop
      vertex 3 16.762 14.7604
      vertex 1.6 15.8485 13.8485
      vertex 1.6 15.952 13.7305
    endloop
  endfacet
  facet normal 0.677202 -0.658117 -0.329058
    outer loop
      vertex 1.6 16.0392 13.6
      vertex 3 17.1576 14.2444
      vertex 3 17.1571 14.2454
    endloop
  endfacet
  facet normal 0.677086 -0.659891 -0.325727
    outer loop
      vertex 3 17.1576 14.2444
      vertex 1.6 16.0392 13.6
      vertex 1.6 16.1087 13.4592
    endloop
  endfacet
  facet normal 0.677062 -0.0482761 -0.734341
    outer loop
      vertex 3 15.324 15.4695
      vertex 3 15 15.4908
      vertex 1.6 15 14.2
    endloop
  endfacet
  facet normal 0.679267 -0.702941 -0.210882
    outer loop
      vertex 1.6 16.1087 13.4592
      vertex 3 17.4059 13.6447
      vertex 3 17.4056 13.6457
    endloop
  endfacet
  facet normal 0.67707 -0.696925 -0.236373
    outer loop
      vertex 3 17.4059 13.6447
      vertex 1.6 16.1087 13.4592
      vertex 1.6 16.1591 13.3106
    endloop
  endfacet
  facet normal 0.677053 0.612335 -0.408223
    outer loop
      vertex 3 13.0233 14.5154
      vertex 1.6 14.048 13.7305
      vertex 3 13.0239 14.5163
    endloop
  endfacet
  facet normal 0.677078 0.611882 -0.408859
    outer loop
      vertex 1.6 14.048 13.7305
      vertex 3 13.0233 14.5154
      vertex 1.6 13.9608 13.6
    endloop
  endfacet
  facet normal 0.677053 -0.408223 0.612335
    outer loop
      vertex 1.6 15.7305 12.048
      vertex 3 16.5154 11.0233
      vertex 3 16.5163 11.0239
    endloop
  endfacet
  facet normal 0.677078 -0.408859 0.611882
    outer loop
      vertex 3 16.5154 11.0233
      vertex 1.6 15.7305 12.048
      vertex 1.6 15.6 11.9608
    endloop
  endfacet
  facet normal 0.677076 -0.48526 0.553255
    outer loop
      vertex 3 16.5163 11.0239
      vertex 3 16.7604 11.238
      vertex 1.6 15.7305 12.048
    endloop
  endfacet
  facet normal 0.677076 -0.553255 -0.48526
    outer loop
      vertex 3 16.9761 14.5163
      vertex 3 16.762 14.7604
      vertex 1.6 15.952 13.7305
    endloop
  endfacet
  facet normal 0.677076 -0.611898 -0.408839
    outer loop
      vertex 3 17.1571 14.2454
      vertex 3 16.9767 14.5154
      vertex 1.6 16.0392 13.6
    endloop
  endfacet
  facet normal 0.677086 0.325727 0.659891
    outer loop
      vertex 1.6 14.4 11.9608
      vertex 3 13.7556 10.8424
      vertex 1.6 14.5408 11.8913
    endloop
  endfacet
  facet normal 0.677202 0.329058 0.658117
    outer loop
      vertex 3 13.7556 10.8424
      vertex 1.6 14.4 11.9608
      vertex 3 13.7546 10.8429
    endloop
  endfacet
  facet normal 0.677076 0.408839 0.611898
    outer loop
      vertex 3 13.4846 11.0233
      vertex 3 13.7546 10.8429
      vertex 1.6 14.4 11.9608
    endloop
  endfacet
  facet normal 0.677062 0.0482761 -0.734341
    outer loop
      vertex 3 15 15.4908
      vertex 3 14.676 15.4695
      vertex 1.6 15 14.2
    endloop
  endfacet
  facet normal 0.677053 -0.721823 0.143427
    outer loop
      vertex 1.6 16.1591 12.6894
      vertex 3 17.4061 12.3564
      vertex 1.6 16.1897 12.8434
    endloop
  endfacet
  facet normal 0.676616 -0.724459 0.13172
    outer loop
      vertex 3 17.4061 12.3564
      vertex 1.6 16.1591 12.6894
      vertex 3 17.4059 12.3553
    endloop
  endfacet
  facet normal 0.677076 -0.721752 0.143671
    outer loop
      vertex 3 17.4061 12.3564
      vertex 3 17.4695 12.6749
      vertex 1.6 16.1897 12.8434
    endloop
  endfacet
  facet normal 0.677076 -0.143671 0.721752
    outer loop
      vertex 3 15.3251 10.5305
      vertex 3 15.6436 10.5939
      vertex 1.6 15.1566 11.8103
    endloop
  endfacet
  facet normal 0.677062 -0.734341 -0.0482761
    outer loop
      vertex 3 17.4908 13
      vertex 3 17.4695 13.324
      vertex 1.6 16.2 13
    endloop
  endfacet
  facet normal 0.674712 -0.738081 0
    outer loop
      vertex 1.6 16.1897 13.1566
      vertex 3 17.4695 13.324
      vertex 3 17.4695 13.3251
    endloop
  endfacet
  facet normal 0.677064 -0.734337 -0.0482993
    outer loop
      vertex 3 17.4695 13.324
      vertex 1.6 16.1897 13.1566
      vertex 1.6 16.2 13
    endloop
  endfacet
  facet normal 0.677839 -0.519872 0.519872
    outer loop
      vertex 1.6 15.8485 12.1515
      vertex 3 16.7604 11.238
      vertex 3 16.7612 11.2388
    endloop
  endfacet
  facet normal 0.677076 -0.485265 0.553249
    outer loop
      vertex 3 16.7604 11.238
      vertex 1.6 15.8485 12.1515
      vertex 1.6 15.7305 12.048
    endloop
  endfacet
  facet normal 0.679267 -0.210882 0.702941
    outer loop
      vertex 1.6 15.4592 11.8913
      vertex 3 15.6447 10.5941
      vertex 3 15.6457 10.5944
    endloop
  endfacet
  facet normal 0.67707 -0.236373 0.696925
    outer loop
      vertex 3 15.6447 10.5941
      vertex 1.6 15.4592 11.8913
      vertex 1.6 15.3106 11.8409
    endloop
  endfacet
  facet normal 0.676616 -0.13172 0.724459
    outer loop
      vertex 1.6 15.3106 11.8409
      vertex 3 15.6436 10.5939
      vertex 3 15.6447 10.5941
    endloop
  endfacet
  facet normal 0.677053 -0.143427 0.721823
    outer loop
      vertex 3 15.6436 10.5939
      vertex 1.6 15.3106 11.8409
      vertex 1.6 15.1566 11.8103
    endloop
  endfacet
  facet normal -0 0.195101 0.980783
    outer loop
      vertex 6.27548 14.6411 10.2735
      vertex 8.76718 14.2882 10.3437
      vertex 8.80432 14.6411 10.2735
    endloop
  endfacet
  facet normal 0 0.195101 0.980783
    outer loop
      vertex 8.76718 14.2882 10.3437
      vertex 6.27548 14.6411 10.2735
      vertex 6.24382 14.2882 10.3437
    endloop
  endfacet
  facet normal 0 -0.195101 0.980783
    outer loop
      vertex 6.37157 15.7118 10.3437
      vertex 8.87989 15.3589 10.2735
      vertex 8.91703 15.7118 10.3437
    endloop
  endfacet
  facet normal 0 -0.195101 0.980783
    outer loop
      vertex 8.87989 15.3589 10.2735
      vertex 6.37157 15.7118 10.3437
      vertex 6.33991 15.3589 10.2735
    endloop
  endfacet
  facet normal 0 -0.0653379 0.997863
    outer loop
      vertex 6.33991 15.3589 10.2735
      vertex 8.8421 15 10.25
      vertex 8.87989 15.3589 10.2735
    endloop
  endfacet
  facet normal 0 -0.0653379 0.997863
    outer loop
      vertex 8.8421 15 10.25
      vertex 6.33991 15.3589 10.2735
      vertex 6.30769 15 10.25
    endloop
  endfacet
  facet normal 0 -0.321394 0.946945
    outer loop
      vertex 6.40214 16.0524 10.4593
      vertex 8.91703 15.7118 10.3437
      vertex 8.95288 16.0524 10.4593
    endloop
  endfacet
  facet normal 0 -0.321394 0.946945
    outer loop
      vertex 8.91703 15.7118 10.3437
      vertex 6.40214 16.0524 10.4593
      vertex 6.37157 15.7118 10.3437
    endloop
  endfacet
  facet normal 0 -0.0653379 -0.997863
    outer loop
      vertex 8.8421 15 15.75
      vertex 6.33991 15.3589 15.7265
      vertex 8.87989 15.3589 15.7265
    endloop
  endfacet
  facet normal 0 -0.0653379 -0.997863
    outer loop
      vertex 6.33991 15.3589 15.7265
      vertex 8.8421 15 15.75
      vertex 6.30769 15 15.75
    endloop
  endfacet
  facet normal -0 0.89686 0.442314
    outer loop
      vertex 6.09396 12.6184 11.625
      vertex 8.57467 12.4593 11.9476
      vertex 8.59141 12.6184 11.625
    endloop
  endfacet
  facet normal 0 0.89686 0.442314
    outer loop
      vertex 8.57467 12.4593 11.9476
      vertex 6.09396 12.6184 11.625
      vertex 6.07968 12.4593 11.9476
    endloop
  endfacet
  facet normal 0 -0.980783 0.195101
    outer loop
      vertex 9.12172 17.6563 12.2882
      vertex 6.55238 17.7265 12.6411
      vertex 6.54608 17.6563 12.2882
    endloop
  endfacet
  facet normal 0 -0.980783 0.195101
    outer loop
      vertex 6.55238 17.7265 12.6411
      vertex 9.12172 17.6563 12.2882
      vertex 9.1291 17.7265 12.6411
    endloop
  endfacet
  facet normal -0 0.980783 0.195101
    outer loop
      vertex 6.06931 12.3437 12.2882
      vertex 8.55511 12.2735 12.6411
      vertex 8.5625 12.3437 12.2882
    endloop
  endfacet
  facet normal 0 0.980783 0.195101
    outer loop
      vertex 8.55511 12.2735 12.6411
      vertex 6.06931 12.3437 12.2882
      vertex 6.06301 12.2735 12.6411
    endloop
  endfacet
  facet normal -0 0.997863 0.0653379
    outer loop
      vertex 6.06301 12.2735 12.6411
      vertex 8.55263 12.25 13
      vertex 8.55511 12.2735 12.6411
    endloop
  endfacet
  facet normal 0 0.997863 0.0653379
    outer loop
      vertex 8.55263 12.25 13
      vertex 6.06301 12.2735 12.6411
      vertex 6.0609 12.25 13
    endloop
  endfacet
  facet normal 0 -0.751749 -0.659449
    outer loop
      vertex 6.50349 17.1817 14.6741
      vertex 9.04679 16.9445 14.9445
      vertex 6.4822 16.9445 14.9445
    endloop
  endfacet
  facet normal 0 -0.751749 -0.659449
    outer loop
      vertex 9.04679 16.9445 14.9445
      vertex 6.50349 17.1817 14.6741
      vertex 9.07176 17.1817 14.6741
    endloop
  endfacet
  facet normal 0 -0.555662 -0.831408
    outer loop
      vertex 8.98684 16.375 15.3816
      vertex 6.45793 16.6741 15.1817
      vertex 9.01833 16.6741 15.1817
    endloop
  endfacet
  facet normal 0 -0.555662 -0.831408
    outer loop
      vertex 6.45793 16.6741 15.1817
      vertex 8.98684 16.375 15.3816
      vertex 6.43109 16.375 15.3816
    endloop
  endfacet
  facet normal 0 -0.946945 0.321394
    outer loop
      vertex 9.10954 17.5407 11.9476
      vertex 6.54608 17.6563 12.2882
      vertex 6.5357 17.5407 11.9476
    endloop
  endfacet
  facet normal 0 -0.946945 0.321394
    outer loop
      vertex 6.54608 17.6563 12.2882
      vertex 9.10954 17.5407 11.9476
      vertex 9.12172 17.6563 12.2882
    endloop
  endfacet
  facet normal -0 0.751749 0.659449
    outer loop
      vertex 6.13318 13.0555 11.0555
      vertex 8.61245 12.8183 11.3259
      vertex 8.63742 13.0555 11.0555
    endloop
  endfacet
  facet normal 0 0.751749 0.659449
    outer loop
      vertex 8.61245 12.8183 11.3259
      vertex 6.13318 13.0555 11.0555
      vertex 6.1119 12.8183 11.3259
    endloop
  endfacet
  facet normal 0 -0.89686 -0.442314
    outer loop
      vertex 6.5357 17.5407 14.0524
      vertex 9.0928 17.3816 14.375
      vertex 6.52142 17.3816 14.375
    endloop
  endfacet
  facet normal 0 -0.89686 -0.442314
    outer loop
      vertex 9.0928 17.3816 14.375
      vertex 6.5357 17.5407 14.0524
      vertex 9.10954 17.5407 14.0524
    endloop
  endfacet
  facet normal 0 0.997863 -0.0653379
    outer loop
      vertex 8.55263 12.25 13
      vertex 6.06301 12.2735 13.3589
      vertex 8.55511 12.2735 13.3589
    endloop
  endfacet
  facet normal 0 0.997863 -0.0653379
    outer loop
      vertex 6.06301 12.2735 13.3589
      vertex 8.55263 12.25 13
      vertex 6.0609 12.25 13
    endloop
  endfacet
  facet normal -0 0.659449 0.751749
    outer loop
      vertex 6.15745 13.3259 10.8183
      vertex 8.63742 13.0555 11.0555
      vertex 8.66588 13.3259 10.8183
    endloop
  endfacet
  facet normal 0 0.659449 0.751749
    outer loop
      vertex 8.63742 13.0555 11.0555
      vertex 6.15745 13.3259 10.8183
      vertex 6.13318 13.0555 11.0555
    endloop
  endfacet
  facet normal 0 0.321394 -0.946945
    outer loop
      vertex 8.73133 13.9476 15.5407
      vertex 6.24382 14.2882 15.6563
      vertex 8.76718 14.2882 15.6563
    endloop
  endfacet
  facet normal 0 0.321394 -0.946945
    outer loop
      vertex 6.24382 14.2882 15.6563
      vertex 8.73133 13.9476 15.5407
      vertex 6.21325 13.9476 15.5407
    endloop
  endfacet
  facet normal -0 0.946945 0.321394
    outer loop
      vertex 6.07968 12.4593 11.9476
      vertex 8.5625 12.3437 12.2882
      vertex 8.57467 12.4593 11.9476
    endloop
  endfacet
  facet normal 0 0.946945 0.321394
    outer loop
      vertex 8.5625 12.3437 12.2882
      vertex 6.07968 12.4593 11.9476
      vertex 6.06931 12.3437 12.2882
    endloop
  endfacet
  facet normal 0 -0.946945 -0.321394
    outer loop
      vertex 6.54608 17.6563 13.7118
      vertex 9.10954 17.5407 14.0524
      vertex 6.5357 17.5407 14.0524
    endloop
  endfacet
  facet normal 0 -0.946945 -0.321394
    outer loop
      vertex 9.10954 17.5407 14.0524
      vertex 6.54608 17.6563 13.7118
      vertex 9.12172 17.6563 13.7118
    endloop
  endfacet
  facet normal 0 -0.831408 -0.555662
    outer loop
      vertex 6.52142 17.3816 14.375
      vertex 9.07176 17.1817 14.6741
      vertex 6.50349 17.1817 14.6741
    endloop
  endfacet
  facet normal 0 -0.831408 -0.555662
    outer loop
      vertex 9.07176 17.1817 14.6741
      vertex 6.52142 17.3816 14.375
      vertex 9.0928 17.3816 14.375
    endloop
  endfacet
  facet normal 0 -0.321394 -0.946945
    outer loop
      vertex 8.91703 15.7118 15.6563
      vertex 6.40214 16.0524 15.5407
      vertex 8.95288 16.0524 15.5407
    endloop
  endfacet
  facet normal 0 -0.321394 -0.946945
    outer loop
      vertex 6.40214 16.0524 15.5407
      vertex 8.91703 15.7118 15.6563
      vertex 6.37157 15.7118 15.6563
    endloop
  endfacet
  facet normal 0 -0.442314 0.89686
    outer loop
      vertex 6.43109 16.375 10.6184
      vertex 8.95288 16.0524 10.4593
      vertex 8.98684 16.375 10.6184
    endloop
  endfacet
  facet normal 0 -0.442314 0.89686
    outer loop
      vertex 8.95288 16.0524 10.4593
      vertex 6.43109 16.375 10.6184
      vertex 6.40214 16.0524 10.4593
    endloop
  endfacet
  facet normal 0 -0.980783 -0.195101
    outer loop
      vertex 6.55238 17.7265 13.3589
      vertex 9.12172 17.6563 13.7118
      vertex 6.54608 17.6563 13.7118
    endloop
  endfacet
  facet normal 0 -0.980783 -0.195101
    outer loop
      vertex 9.12172 17.6563 13.7118
      vertex 6.55238 17.7265 13.3589
      vertex 9.1291 17.7265 13.3589
    endloop
  endfacet
  facet normal 0 -0.751749 0.659449
    outer loop
      vertex 9.04679 16.9445 11.0555
      vertex 6.50349 17.1817 11.3259
      vertex 6.4822 16.9445 11.0555
    endloop
  endfacet
  facet normal 0 -0.751749 0.659449
    outer loop
      vertex 6.50349 17.1817 11.3259
      vertex 9.04679 16.9445 11.0555
      vertex 9.07176 17.1817 11.3259
    endloop
  endfacet
  facet normal -0 0.0653379 0.997863
    outer loop
      vertex 6.30769 15 10.25
      vertex 8.80432 14.6411 10.2735
      vertex 8.8421 15 10.25
    endloop
  endfacet
  facet normal 0 0.0653379 0.997863
    outer loop
      vertex 8.80432 14.6411 10.2735
      vertex 6.30769 15 10.25
      vertex 6.27548 14.6411 10.2735
    endloop
  endfacet
  facet normal 0 -0.89686 0.442314
    outer loop
      vertex 9.0928 17.3816 11.625
      vertex 6.5357 17.5407 11.9476
      vertex 6.52142 17.3816 11.625
    endloop
  endfacet
  facet normal 0 -0.89686 0.442314
    outer loop
      vertex 6.5357 17.5407 11.9476
      vertex 9.0928 17.3816 11.625
      vertex 9.10954 17.5407 11.9476
    endloop
  endfacet
  facet normal 0 0.946945 -0.321394
    outer loop
      vertex 8.5625 12.3437 13.7118
      vertex 6.07968 12.4593 14.0524
      vertex 8.57467 12.4593 14.0524
    endloop
  endfacet
  facet normal 0 0.946945 -0.321394
    outer loop
      vertex 6.07968 12.4593 14.0524
      vertex 8.5625 12.3437 13.7118
      vertex 6.06931 12.3437 13.7118
    endloop
  endfacet
  facet normal 0 -0.195101 -0.980783
    outer loop
      vertex 8.87989 15.3589 15.7265
      vertex 6.37157 15.7118 15.6563
      vertex 8.91703 15.7118 15.6563
    endloop
  endfacet
  facet normal 0 -0.195101 -0.980783
    outer loop
      vertex 6.37157 15.7118 15.6563
      vertex 8.87989 15.3589 15.7265
      vertex 6.33991 15.3589 15.7265
    endloop
  endfacet
  facet normal 0 -0.997863 -0.0653379
    outer loop
      vertex 6.55449 17.75 13
      vertex 9.1291 17.7265 13.3589
      vertex 6.55238 17.7265 13.3589
    endloop
  endfacet
  facet normal 0 -0.997863 -0.0653379
    outer loop
      vertex 9.1291 17.7265 13.3589
      vertex 6.55449 17.75 13
      vertex 9.13158 17.75 13
    endloop
  endfacet
  facet normal 0 0.980783 -0.195101
    outer loop
      vertex 8.55511 12.2735 13.3589
      vertex 6.06931 12.3437 13.7118
      vertex 8.5625 12.3437 13.7118
    endloop
  endfacet
  facet normal 0 0.980783 -0.195101
    outer loop
      vertex 6.06931 12.3437 13.7118
      vertex 8.55511 12.2735 13.3589
      vertex 6.06301 12.2735 13.3589
    endloop
  endfacet
  facet normal -0 0.321394 0.946945
    outer loop
      vertex 6.24382 14.2882 10.3437
      vertex 8.73133 13.9476 10.4593
      vertex 8.76718 14.2882 10.3437
    endloop
  endfacet
  facet normal 0 0.321394 0.946945
    outer loop
      vertex 8.73133 13.9476 10.4593
      vertex 6.24382 14.2882 10.3437
      vertex 6.21325 13.9476 10.4593
    endloop
  endfacet
  facet normal 0 -0.555662 0.831408
    outer loop
      vertex 6.45793 16.6741 10.8183
      vertex 8.98684 16.375 10.6184
      vertex 9.01833 16.6741 10.8183
    endloop
  endfacet
  facet normal 0 -0.555662 0.831408
    outer loop
      vertex 8.98684 16.375 10.6184
      vertex 6.45793 16.6741 10.8183
      vertex 6.43109 16.375 10.6184
    endloop
  endfacet
  facet normal 0 -0.659449 0.751749
    outer loop
      vertex 6.4822 16.9445 11.0555
      vertex 9.01833 16.6741 10.8183
      vertex 9.04679 16.9445 11.0555
    endloop
  endfacet
  facet normal 0 -0.659449 0.751749
    outer loop
      vertex 9.01833 16.6741 10.8183
      vertex 6.4822 16.9445 11.0555
      vertex 6.45793 16.6741 10.8183
    endloop
  endfacet
  facet normal 0 0.442314 -0.89686
    outer loop
      vertex 8.69737 13.625 15.3816
      vertex 6.21325 13.9476 15.5407
      vertex 8.73133 13.9476 15.5407
    endloop
  endfacet
  facet normal 0 0.442314 -0.89686
    outer loop
      vertex 6.21325 13.9476 15.5407
      vertex 8.69737 13.625 15.3816
      vertex 6.18429 13.625 15.3816
    endloop
  endfacet
  facet normal -0 0.442314 0.89686
    outer loop
      vertex 6.21325 13.9476 10.4593
      vertex 8.69737 13.625 10.6184
      vertex 8.73133 13.9476 10.4593
    endloop
  endfacet
  facet normal 0 0.442314 0.89686
    outer loop
      vertex 8.69737 13.625 10.6184
      vertex 6.21325 13.9476 10.4593
      vertex 6.18429 13.625 10.6184
    endloop
  endfacet
  facet normal 0 0.659449 -0.751749
    outer loop
      vertex 8.63742 13.0555 14.9445
      vertex 6.15745 13.3259 15.1817
      vertex 8.66588 13.3259 15.1817
    endloop
  endfacet
  facet normal 0 0.659449 -0.751749
    outer loop
      vertex 6.15745 13.3259 15.1817
      vertex 8.63742 13.0555 14.9445
      vertex 6.13318 13.0555 14.9445
    endloop
  endfacet
  facet normal -0 0.555662 0.831408
    outer loop
      vertex 6.18429 13.625 10.6184
      vertex 8.66588 13.3259 10.8183
      vertex 8.69737 13.625 10.6184
    endloop
  endfacet
  facet normal 0 0.555662 0.831408
    outer loop
      vertex 8.66588 13.3259 10.8183
      vertex 6.18429 13.625 10.6184
      vertex 6.15745 13.3259 10.8183
    endloop
  endfacet
  facet normal 0 -0.659449 -0.751749
    outer loop
      vertex 9.01833 16.6741 15.1817
      vertex 6.4822 16.9445 14.9445
      vertex 9.04679 16.9445 14.9445
    endloop
  endfacet
  facet normal 0 -0.659449 -0.751749
    outer loop
      vertex 6.4822 16.9445 14.9445
      vertex 9.01833 16.6741 15.1817
      vertex 6.45793 16.6741 15.1817
    endloop
  endfacet
  facet normal 0 -0.997863 0.0653379
    outer loop
      vertex 9.1291 17.7265 12.6411
      vertex 6.55449 17.75 13
      vertex 6.55238 17.7265 12.6411
    endloop
  endfacet
  facet normal 0 -0.997863 0.0653379
    outer loop
      vertex 6.55449 17.75 13
      vertex 9.1291 17.7265 12.6411
      vertex 9.13158 17.75 13
    endloop
  endfacet
  facet normal 0 -0.831408 0.555662
    outer loop
      vertex 9.07176 17.1817 11.3259
      vertex 6.52142 17.3816 11.625
      vertex 6.50349 17.1817 11.3259
    endloop
  endfacet
  facet normal 0 -0.831408 0.555662
    outer loop
      vertex 6.52142 17.3816 11.625
      vertex 9.07176 17.1817 11.3259
      vertex 9.0928 17.3816 11.625
    endloop
  endfacet
  facet normal 0 0.89686 -0.442314
    outer loop
      vertex 8.57467 12.4593 14.0524
      vertex 6.09396 12.6184 14.375
      vertex 8.59141 12.6184 14.375
    endloop
  endfacet
  facet normal 0 0.89686 -0.442314
    outer loop
      vertex 6.09396 12.6184 14.375
      vertex 8.57467 12.4593 14.0524
      vertex 6.07968 12.4593 14.0524
    endloop
  endfacet
  facet normal 0 0.555662 -0.831408
    outer loop
      vertex 8.66588 13.3259 15.1817
      vertex 6.18429 13.625 15.3816
      vertex 8.69737 13.625 15.3816
    endloop
  endfacet
  facet normal 0 0.555662 -0.831408
    outer loop
      vertex 6.18429 13.625 15.3816
      vertex 8.66588 13.3259 15.1817
      vertex 6.15745 13.3259 15.1817
    endloop
  endfacet
  facet normal 0 0.195101 -0.980783
    outer loop
      vertex 8.76718 14.2882 15.6563
      vertex 6.27548 14.6411 15.7265
      vertex 8.80432 14.6411 15.7265
    endloop
  endfacet
  facet normal 0 0.195101 -0.980783
    outer loop
      vertex 6.27548 14.6411 15.7265
      vertex 8.76718 14.2882 15.6563
      vertex 6.24382 14.2882 15.6563
    endloop
  endfacet
  facet normal 0 0.751749 -0.659449
    outer loop
      vertex 8.61245 12.8183 14.6741
      vertex 6.13318 13.0555 14.9445
      vertex 8.63742 13.0555 14.9445
    endloop
  endfacet
  facet normal 0 0.751749 -0.659449
    outer loop
      vertex 6.13318 13.0555 14.9445
      vertex 8.61245 12.8183 14.6741
      vertex 6.1119 12.8183 14.6741
    endloop
  endfacet
  facet normal 0 -0.442314 -0.89686
    outer loop
      vertex 8.95288 16.0524 15.5407
      vertex 6.43109 16.375 15.3816
      vertex 8.98684 16.375 15.3816
    endloop
  endfacet
  facet normal 0 -0.442314 -0.89686
    outer loop
      vertex 6.43109 16.375 15.3816
      vertex 8.95288 16.0524 15.5407
      vertex 6.40214 16.0524 15.5407
    endloop
  endfacet
  facet normal 0 0.0653379 -0.997863
    outer loop
      vertex 8.80432 14.6411 15.7265
      vertex 6.30769 15 15.75
      vertex 8.8421 15 15.75
    endloop
  endfacet
  facet normal 0 0.0653379 -0.997863
    outer loop
      vertex 6.30769 15 15.75
      vertex 8.80432 14.6411 15.7265
      vertex 6.27548 14.6411 15.7265
    endloop
  endfacet
  facet normal -0 0.831408 0.555662
    outer loop
      vertex 6.1119 12.8183 11.3259
      vertex 8.59141 12.6184 11.625
      vertex 8.61245 12.8183 11.3259
    endloop
  endfacet
  facet normal 0 0.831408 0.555662
    outer loop
      vertex 8.59141 12.6184 11.625
      vertex 6.1119 12.8183 11.3259
      vertex 6.09396 12.6184 11.625
    endloop
  endfacet
  facet normal 0 0.831408 -0.555662
    outer loop
      vertex 8.59141 12.6184 14.375
      vertex 6.1119 12.8183 14.6741
      vertex 8.61245 12.8183 14.6741
    endloop
  endfacet
  facet normal 0 0.831408 -0.555662
    outer loop
      vertex 6.1119 12.8183 14.6741
      vertex 8.59141 12.6184 14.375
      vertex 6.09396 12.6184 14.375
    endloop
  endfacet
  facet normal 0 0.997844 0.0656309
    outer loop
      vertex 1.6 35.8103 12.8434
      vertex 0 35.8 13
      vertex 1.6 35.8 13
    endloop
  endfacet
  facet normal 0 0.997844 0.0656309
    outer loop
      vertex 0 35.8 13
      vertex 1.6 35.8103 12.8434
      vertex 0 35.8103 12.8434
    endloop
  endfacet
  facet normal 0 -0.194891 0.980825
    outer loop
      vertex 0 37.3106 11.8409
      vertex 1.6 37.1566 11.8103
      vertex 1.6 37.3106 11.8409
    endloop
  endfacet
  facet normal 0 -0.194891 0.980825
    outer loop
      vertex 1.6 37.1566 11.8103
      vertex 0 37.3106 11.8409
      vertex 0 37.1566 11.8103
    endloop
  endfacet
  facet normal 0 -0.0656309 0.997844
    outer loop
      vertex 0 37.1566 11.8103
      vertex 1.6 37 11.8
      vertex 1.6 37.1566 11.8103
    endloop
  endfacet
  facet normal 0 -0.0656309 0.997844
    outer loop
      vertex 1.6 37 11.8
      vertex 0 37.1566 11.8103
      vertex 0 37 11.8
    endloop
  endfacet
  facet normal 0 -0.321194 0.947013
    outer loop
      vertex 0 37.4592 11.8913
      vertex 1.6 37.3106 11.8409
      vertex 1.6 37.4592 11.8913
    endloop
  endfacet
  facet normal 0 -0.321194 0.947013
    outer loop
      vertex 1.6 37.3106 11.8409
      vertex 0 37.4592 11.8913
      vertex 0 37.3106 11.8409
    endloop
  endfacet
  facet normal 0 -0.997844 0.0656309
    outer loop
      vertex 0 38.1897 12.8434
      vertex 1.6 38.2 13
      vertex 0 38.2 13
    endloop
  endfacet
  facet normal 0 -0.997844 0.0656309
    outer loop
      vertex 1.6 38.2 13
      vertex 0 38.1897 12.8434
      vertex 1.6 38.1897 12.8434
    endloop
  endfacet
  facet normal 0 0.751787 -0.659406
    outer loop
      vertex 1.6 36.048 13.7305
      vertex 0 36.1515 13.8485
      vertex 1.6 36.1515 13.8485
    endloop
  endfacet
  facet normal 0 0.751787 -0.659406
    outer loop
      vertex 0 36.1515 13.8485
      vertex 1.6 36.048 13.7305
      vertex 0 36.048 13.7305
    endloop
  endfacet
  facet normal 0 0.0656309 -0.997844
    outer loop
      vertex 0 36.8434 14.1897
      vertex 1.6 37 14.2
      vertex 1.6 36.8434 14.1897
    endloop
  endfacet
  facet normal 0 0.0656309 -0.997844
    outer loop
      vertex 1.6 37 14.2
      vertex 0 36.8434 14.1897
      vertex 0 37 14.2
    endloop
  endfacet
  facet normal 0 -0.751787 -0.659406
    outer loop
      vertex 0 37.952 13.7305
      vertex 1.6 37.8485 13.8485
      vertex 0 37.8485 13.8485
    endloop
  endfacet
  facet normal 0 -0.751787 -0.659406
    outer loop
      vertex 1.6 37.8485 13.8485
      vertex 0 37.952 13.7305
      vertex 1.6 37.952 13.7305
    endloop
  endfacet
  facet normal 0 -0.659406 0.751787
    outer loop
      vertex 0 37.8485 12.1515
      vertex 1.6 37.7305 12.048
      vertex 1.6 37.8485 12.1515
    endloop
  endfacet
  facet normal 0 -0.659406 0.751787
    outer loop
      vertex 1.6 37.7305 12.048
      vertex 0 37.8485 12.1515
      vertex 0 37.7305 12.048
    endloop
  endfacet
  facet normal -0 0.0656309 0.997844
    outer loop
      vertex 0 37 11.8
      vertex 1.6 36.8434 11.8103
      vertex 1.6 37 11.8
    endloop
  endfacet
  facet normal 0 0.0656309 0.997844
    outer loop
      vertex 1.6 36.8434 11.8103
      vertex 0 37 11.8
      vertex 0 36.8434 11.8103
    endloop
  endfacet
  facet normal 0 -0.896708 0.442622
    outer loop
      vertex 0 38.0392 12.4
      vertex 1.6 38.1087 12.5408
      vertex 0 38.1087 12.5408
    endloop
  endfacet
  facet normal 0 -0.896708 0.442622
    outer loop
      vertex 1.6 38.1087 12.5408
      vertex 0 38.0392 12.4
      vertex 1.6 38.0392 12.4
    endloop
  endfacet
  facet normal -0 0.442622 0.896708
    outer loop
      vertex 0 36.5408 11.8913
      vertex 1.6 36.4 11.9608
      vertex 1.6 36.5408 11.8913
    endloop
  endfacet
  facet normal 0 0.442622 0.896708
    outer loop
      vertex 1.6 36.4 11.9608
      vertex 0 36.5408 11.8913
      vertex 0 36.4 11.9608
    endloop
  endfacet
  facet normal 0 0.947013 -0.321194
    outer loop
      vertex 1.6 35.8409 13.3106
      vertex 0 35.8913 13.4592
      vertex 1.6 35.8913 13.4592
    endloop
  endfacet
  facet normal 0 0.947013 -0.321194
    outer loop
      vertex 0 35.8913 13.4592
      vertex 1.6 35.8409 13.3106
      vertex 0 35.8409 13.3106
    endloop
  endfacet
  facet normal 0 -0.555582 0.831462
    outer loop
      vertex 0 37.7305 12.048
      vertex 1.6 37.6 11.9608
      vertex 1.6 37.7305 12.048
    endloop
  endfacet
  facet normal 0 -0.555582 0.831462
    outer loop
      vertex 1.6 37.6 11.9608
      vertex 0 37.7305 12.048
      vertex 0 37.6 11.9608
    endloop
  endfacet
  facet normal 0 -0.442622 0.896708
    outer loop
      vertex 0 37.6 11.9608
      vertex 1.6 37.4592 11.8913
      vertex 1.6 37.6 11.9608
    endloop
  endfacet
  facet normal 0 -0.442622 0.896708
    outer loop
      vertex 1.6 37.4592 11.8913
      vertex 0 37.6 11.9608
      vertex 0 37.4592 11.8913
    endloop
  endfacet
  facet normal 0 0.555582 -0.831462
    outer loop
      vertex 0 36.2695 13.952
      vertex 1.6 36.4 14.0392
      vertex 1.6 36.2695 13.952
    endloop
  endfacet
  facet normal 0 0.555582 -0.831462
    outer loop
      vertex 1.6 36.4 14.0392
      vertex 0 36.2695 13.952
      vertex 0 36.4 14.0392
    endloop
  endfacet
  facet normal 0 0.896708 0.442622
    outer loop
      vertex 1.6 35.9608 12.4
      vertex 0 35.8913 12.5408
      vertex 1.6 35.8913 12.5408
    endloop
  endfacet
  facet normal 0 0.896708 0.442622
    outer loop
      vertex 0 35.8913 12.5408
      vertex 1.6 35.9608 12.4
      vertex 0 35.9608 12.4
    endloop
  endfacet
  facet normal 0 -0.0656309 -0.997844
    outer loop
      vertex 0 37 14.2
      vertex 1.6 37.1566 14.1897
      vertex 1.6 37 14.2
    endloop
  endfacet
  facet normal -0 -0.0656309 -0.997844
    outer loop
      vertex 1.6 37.1566 14.1897
      vertex 0 37 14.2
      vertex 0 37.1566 14.1897
    endloop
  endfacet
  facet normal 0 -0.896708 -0.442622
    outer loop
      vertex 0 38.1087 13.4592
      vertex 1.6 38.0392 13.6
      vertex 0 38.0392 13.6
    endloop
  endfacet
  facet normal 0 -0.896708 -0.442622
    outer loop
      vertex 1.6 38.0392 13.6
      vertex 0 38.1087 13.4592
      vertex 1.6 38.1087 13.4592
    endloop
  endfacet
  facet normal 0 -0.980825 0.194891
    outer loop
      vertex 0 38.1591 12.6894
      vertex 1.6 38.1897 12.8434
      vertex 0 38.1897 12.8434
    endloop
  endfacet
  facet normal 0 -0.980825 0.194891
    outer loop
      vertex 1.6 38.1897 12.8434
      vertex 0 38.1591 12.6894
      vertex 1.6 38.1591 12.6894
    endloop
  endfacet
  facet normal 0 -0.659406 -0.751787
    outer loop
      vertex 0 37.7305 13.952
      vertex 1.6 37.8485 13.8485
      vertex 1.6 37.7305 13.952
    endloop
  endfacet
  facet normal -0 -0.659406 -0.751787
    outer loop
      vertex 1.6 37.8485 13.8485
      vertex 0 37.7305 13.952
      vertex 0 37.8485 13.8485
    endloop
  endfacet
  facet normal -0 0.321194 0.947013
    outer loop
      vertex 0 36.6894 11.8409
      vertex 1.6 36.5408 11.8913
      vertex 1.6 36.6894 11.8409
    endloop
  endfacet
  facet normal 0 0.321194 0.947013
    outer loop
      vertex 1.6 36.5408 11.8913
      vertex 0 36.6894 11.8409
      vertex 0 36.5408 11.8913
    endloop
  endfacet
  facet normal 0 -0.194891 -0.980825
    outer loop
      vertex 0 37.1566 14.1897
      vertex 1.6 37.3106 14.1591
      vertex 1.6 37.1566 14.1897
    endloop
  endfacet
  facet normal -0 -0.194891 -0.980825
    outer loop
      vertex 1.6 37.3106 14.1591
      vertex 0 37.1566 14.1897
      vertex 0 37.3106 14.1591
    endloop
  endfacet
  facet normal 0 0.896708 -0.442622
    outer loop
      vertex 1.6 35.8913 13.4592
      vertex 0 35.9608 13.6
      vertex 1.6 35.9608 13.6
    endloop
  endfacet
  facet normal 0 0.896708 -0.442622
    outer loop
      vertex 0 35.9608 13.6
      vertex 1.6 35.8913 13.4592
      vertex 0 35.8913 13.4592
    endloop
  endfacet
  facet normal 0 -0.831462 -0.555582
    outer loop
      vertex 0 38.0392 13.6
      vertex 1.6 37.952 13.7305
      vertex 0 37.952 13.7305
    endloop
  endfacet
  facet normal 0 -0.831462 -0.555582
    outer loop
      vertex 1.6 37.952 13.7305
      vertex 0 38.0392 13.6
      vertex 1.6 38.0392 13.6
    endloop
  endfacet
  facet normal 0 0.751787 0.659406
    outer loop
      vertex 1.6 36.1515 12.1515
      vertex 0 36.048 12.2695
      vertex 1.6 36.048 12.2695
    endloop
  endfacet
  facet normal 0 0.751787 0.659406
    outer loop
      vertex 0 36.048 12.2695
      vertex 1.6 36.1515 12.1515
      vertex 0 36.1515 12.1515
    endloop
  endfacet
  facet normal 0 -0.947013 -0.321194
    outer loop
      vertex 0 38.1591 13.3106
      vertex 1.6 38.1087 13.4592
      vertex 0 38.1087 13.4592
    endloop
  endfacet
  facet normal 0 -0.947013 -0.321194
    outer loop
      vertex 1.6 38.1087 13.4592
      vertex 0 38.1591 13.3106
      vertex 1.6 38.1591 13.3106
    endloop
  endfacet
  facet normal -0 0.555582 0.831462
    outer loop
      vertex 0 36.4 11.9608
      vertex 1.6 36.2695 12.048
      vertex 1.6 36.4 11.9608
    endloop
  endfacet
  facet normal 0 0.555582 0.831462
    outer loop
      vertex 1.6 36.2695 12.048
      vertex 0 36.4 11.9608
      vertex 0 36.2695 12.048
    endloop
  endfacet
  facet normal 0 0.831462 0.555582
    outer loop
      vertex 1.6 36.048 12.2695
      vertex 0 35.9608 12.4
      vertex 1.6 35.9608 12.4
    endloop
  endfacet
  facet normal 0 0.831462 0.555582
    outer loop
      vertex 0 35.9608 12.4
      vertex 1.6 36.048 12.2695
      vertex 0 36.048 12.2695
    endloop
  endfacet
  facet normal -0 0.659406 0.751787
    outer loop
      vertex 0 36.2695 12.048
      vertex 1.6 36.1515 12.1515
      vertex 1.6 36.2695 12.048
    endloop
  endfacet
  facet normal 0 0.659406 0.751787
    outer loop
      vertex 1.6 36.1515 12.1515
      vertex 0 36.2695 12.048
      vertex 0 36.1515 12.1515
    endloop
  endfacet
  facet normal -0 0.194891 0.980825
    outer loop
      vertex 0 36.8434 11.8103
      vertex 1.6 36.6894 11.8409
      vertex 1.6 36.8434 11.8103
    endloop
  endfacet
  facet normal 0 0.194891 0.980825
    outer loop
      vertex 1.6 36.6894 11.8409
      vertex 0 36.8434 11.8103
      vertex 0 36.6894 11.8409
    endloop
  endfacet
  facet normal 0 -0.997844 -0.0656309
    outer loop
      vertex 0 38.2 13
      vertex 1.6 38.1897 13.1566
      vertex 0 38.1897 13.1566
    endloop
  endfacet
  facet normal 0 -0.997844 -0.0656309
    outer loop
      vertex 1.6 38.1897 13.1566
      vertex 0 38.2 13
      vertex 1.6 38.2 13
    endloop
  endfacet
  facet normal 0 0.442622 -0.896708
    outer loop
      vertex 0 36.4 14.0392
      vertex 1.6 36.5408 14.1087
      vertex 1.6 36.4 14.0392
    endloop
  endfacet
  facet normal 0 0.442622 -0.896708
    outer loop
      vertex 1.6 36.5408 14.1087
      vertex 0 36.4 14.0392
      vertex 0 36.5408 14.1087
    endloop
  endfacet
  facet normal 0 -0.442622 -0.896708
    outer loop
      vertex 0 37.4592 14.1087
      vertex 1.6 37.6 14.0392
      vertex 1.6 37.4592 14.1087
    endloop
  endfacet
  facet normal -0 -0.442622 -0.896708
    outer loop
      vertex 1.6 37.6 14.0392
      vertex 0 37.4592 14.1087
      vertex 0 37.6 14.0392
    endloop
  endfacet
  facet normal 0 -0.831462 0.555582
    outer loop
      vertex 0 37.952 12.2695
      vertex 1.6 38.0392 12.4
      vertex 0 38.0392 12.4
    endloop
  endfacet
  facet normal 0 -0.831462 0.555582
    outer loop
      vertex 1.6 38.0392 12.4
      vertex 0 37.952 12.2695
      vertex 1.6 37.952 12.2695
    endloop
  endfacet
  facet normal 0 0.194891 -0.980825
    outer loop
      vertex 0 36.6894 14.1591
      vertex 1.6 36.8434 14.1897
      vertex 1.6 36.6894 14.1591
    endloop
  endfacet
  facet normal 0 0.194891 -0.980825
    outer loop
      vertex 1.6 36.8434 14.1897
      vertex 0 36.6894 14.1591
      vertex 0 36.8434 14.1897
    endloop
  endfacet
  facet normal 0 0.947013 0.321194
    outer loop
      vertex 1.6 35.8913 12.5408
      vertex 0 35.8409 12.6894
      vertex 1.6 35.8409 12.6894
    endloop
  endfacet
  facet normal 0 0.947013 0.321194
    outer loop
      vertex 0 35.8409 12.6894
      vertex 1.6 35.8913 12.5408
      vertex 0 35.8913 12.5408
    endloop
  endfacet
  facet normal 0 -0.751787 0.659406
    outer loop
      vertex 0 37.8485 12.1515
      vertex 1.6 37.952 12.2695
      vertex 0 37.952 12.2695
    endloop
  endfacet
  facet normal 0 -0.751787 0.659406
    outer loop
      vertex 1.6 37.952 12.2695
      vertex 0 37.8485 12.1515
      vertex 1.6 37.8485 12.1515
    endloop
  endfacet
  facet normal 0 0.980825 0.194891
    outer loop
      vertex 1.6 35.8409 12.6894
      vertex 0 35.8103 12.8434
      vertex 1.6 35.8103 12.8434
    endloop
  endfacet
  facet normal 0 0.980825 0.194891
    outer loop
      vertex 0 35.8103 12.8434
      vertex 1.6 35.8409 12.6894
      vertex 0 35.8409 12.6894
    endloop
  endfacet
  facet normal 0 -0.321194 -0.947013
    outer loop
      vertex 0 37.3106 14.1591
      vertex 1.6 37.4592 14.1087
      vertex 1.6 37.3106 14.1591
    endloop
  endfacet
  facet normal -0 -0.321194 -0.947013
    outer loop
      vertex 1.6 37.4592 14.1087
      vertex 0 37.3106 14.1591
      vertex 0 37.4592 14.1087
    endloop
  endfacet
  facet normal 0 -0.980825 -0.194891
    outer loop
      vertex 0 38.1897 13.1566
      vertex 1.6 38.1591 13.3106
      vertex 0 38.1591 13.3106
    endloop
  endfacet
  facet normal 0 -0.980825 -0.194891
    outer loop
      vertex 1.6 38.1591 13.3106
      vertex 0 38.1897 13.1566
      vertex 1.6 38.1897 13.1566
    endloop
  endfacet
  facet normal 0 0.997844 -0.0656309
    outer loop
      vertex 1.6 35.8 13
      vertex 0 35.8103 13.1566
      vertex 1.6 35.8103 13.1566
    endloop
  endfacet
  facet normal 0 0.997844 -0.0656309
    outer loop
      vertex 0 35.8103 13.1566
      vertex 1.6 35.8 13
      vertex 0 35.8 13
    endloop
  endfacet
  facet normal 0 0.321194 -0.947013
    outer loop
      vertex 0 36.5408 14.1087
      vertex 1.6 36.6894 14.1591
      vertex 1.6 36.5408 14.1087
    endloop
  endfacet
  facet normal 0 0.321194 -0.947013
    outer loop
      vertex 1.6 36.6894 14.1591
      vertex 0 36.5408 14.1087
      vertex 0 36.6894 14.1591
    endloop
  endfacet
  facet normal 0 0.659406 -0.751787
    outer loop
      vertex 0 36.1515 13.8485
      vertex 1.6 36.2695 13.952
      vertex 1.6 36.1515 13.8485
    endloop
  endfacet
  facet normal 0 0.659406 -0.751787
    outer loop
      vertex 1.6 36.2695 13.952
      vertex 0 36.1515 13.8485
      vertex 0 36.2695 13.952
    endloop
  endfacet
  facet normal 0 0.980825 -0.194891
    outer loop
      vertex 1.6 35.8103 13.1566
      vertex 0 35.8409 13.3106
      vertex 1.6 35.8409 13.3106
    endloop
  endfacet
  facet normal 0 0.980825 -0.194891
    outer loop
      vertex 0 35.8409 13.3106
      vertex 1.6 35.8103 13.1566
      vertex 0 35.8103 13.1566
    endloop
  endfacet
  facet normal 0 0.831462 -0.555582
    outer loop
      vertex 1.6 35.9608 13.6
      vertex 0 36.048 13.7305
      vertex 1.6 36.048 13.7305
    endloop
  endfacet
  facet normal 0 0.831462 -0.555582
    outer loop
      vertex 0 36.048 13.7305
      vertex 1.6 35.9608 13.6
      vertex 0 35.9608 13.6
    endloop
  endfacet
  facet normal 0 -0.947013 0.321194
    outer loop
      vertex 0 38.1087 12.5408
      vertex 1.6 38.1591 12.6894
      vertex 0 38.1591 12.6894
    endloop
  endfacet
  facet normal 0 -0.947013 0.321194
    outer loop
      vertex 1.6 38.1591 12.6894
      vertex 0 38.1087 12.5408
      vertex 1.6 38.1087 12.5408
    endloop
  endfacet
  facet normal 0 -0.555582 -0.831462
    outer loop
      vertex 0 37.6 14.0392
      vertex 1.6 37.7305 13.952
      vertex 1.6 37.6 14.0392
    endloop
  endfacet
  facet normal -0 -0.555582 -0.831462
    outer loop
      vertex 1.6 37.7305 13.952
      vertex 0 37.6 14.0392
      vertex 0 37.7305 13.952
    endloop
  endfacet
  facet normal 0.679267 0.702941 -0.210882
    outer loop
      vertex 3 34.5941 13.6447
      vertex 1.6 35.8913 13.4592
      vertex 3 34.5944 13.6457
    endloop
  endfacet
  facet normal 0.67707 0.696925 -0.236373
    outer loop
      vertex 1.6 35.8913 13.4592
      vertex 3 34.5941 13.6447
      vertex 1.6 35.8409 13.3106
    endloop
  endfacet
  facet normal 0.677059 -0.236593 0.696861
    outer loop
      vertex 3 37.6457 10.5944
      vertex 3 37.9532 10.6988
      vertex 1.6 37.4592 11.8913
    endloop
  endfacet
  facet normal 0.677076 -0.408839 0.611898
    outer loop
      vertex 3 38.2454 10.8429
      vertex 3 38.5154 11.0233
      vertex 1.6 37.6 11.9608
    endloop
  endfacet
  facet normal 0.677839 0.519872 -0.519872
    outer loop
      vertex 3 35.238 14.7604
      vertex 1.6 36.1515 13.8485
      vertex 3 35.2388 14.7612
    endloop
  endfacet
  facet normal 0.677076 0.553249 -0.485265
    outer loop
      vertex 1.6 36.1515 13.8485
      vertex 3 35.238 14.7604
      vertex 1.6 36.048 13.7305
    endloop
  endfacet
  facet normal 0.677062 -0.0482761 0.734341
    outer loop
      vertex 3 37 10.5092
      vertex 3 37.324 10.5305
      vertex 1.6 37 11.8
    endloop
  endfacet
  facet normal 0.674712 0 0.738081
    outer loop
      vertex 1.6 37.1566 11.8103
      vertex 3 37.324 10.5305
      vertex 3 37.3251 10.5305
    endloop
  endfacet
  facet normal 0.677064 -0.0482993 0.734337
    outer loop
      vertex 3 37.324 10.5305
      vertex 1.6 37.1566 11.8103
      vertex 1.6 37 11.8
    endloop
  endfacet
  facet normal 0.677202 0.658117 -0.329058
    outer loop
      vertex 3 34.8424 14.2444
      vertex 1.6 35.9608 13.6
      vertex 3 34.8429 14.2454
    endloop
  endfacet
  facet normal 0.677086 0.659891 -0.325727
    outer loop
      vertex 1.6 35.9608 13.6
      vertex 3 34.8424 14.2444
      vertex 1.6 35.8913 13.4592
    endloop
  endfacet
  facet normal 0.677062 -0.734341 0.0482761
    outer loop
      vertex 3 39.4695 12.676
      vertex 3 39.4908 13
      vertex 1.6 38.2 13
    endloop
  endfacet
  facet normal 0.677064 0.0482993 0.734337
    outer loop
      vertex 1.6 36.8434 11.8103
      vertex 3 36.676 10.5305
      vertex 1.6 37 11.8
    endloop
  endfacet
  facet normal 0.674712 0 0.738081
    outer loop
      vertex 3 36.676 10.5305
      vertex 1.6 36.8434 11.8103
      vertex 3 36.6749 10.5305
    endloop
  endfacet
  facet normal 0.677059 -0.236593 -0.696861
    outer loop
      vertex 3 37.9532 15.3012
      vertex 3 37.6457 15.4056
      vertex 1.6 37.4592 14.1087
    endloop
  endfacet
  facet normal 0.677064 -0.0482993 -0.734337
    outer loop
      vertex 1.6 37.1566 14.1897
      vertex 3 37.324 15.4695
      vertex 1.6 37 14.2
    endloop
  endfacet
  facet normal 0.674712 0 -0.738081
    outer loop
      vertex 3 37.324 15.4695
      vertex 1.6 37.1566 14.1897
      vertex 3 37.3251 15.4695
    endloop
  endfacet
  facet normal 0.677064 0.734337 0.0482993
    outer loop
      vertex 3 34.5305 12.676
      vertex 1.6 35.8103 12.8434
      vertex 1.6 35.8 13
    endloop
  endfacet
  facet normal 0.674712 0.738081 0
    outer loop
      vertex 1.6 35.8103 12.8434
      vertex 3 34.5305 12.676
      vertex 3 34.5305 12.6749
    endloop
  endfacet
  facet normal 0.677076 -0.48526 -0.553255
    outer loop
      vertex 3 38.7604 14.762
      vertex 3 38.5163 14.9761
      vertex 1.6 37.7305 13.952
    endloop
  endfacet
  facet normal 0.67706 0.325485 0.660037
    outer loop
      vertex 3 35.7556 10.8424
      vertex 3 36.0468 10.6988
      vertex 1.6 36.5408 11.8913
    endloop
  endfacet
  facet normal 0.679267 0.210882 -0.702941
    outer loop
      vertex 1.6 36.5408 14.1087
      vertex 3 36.3553 15.4059
      vertex 3 36.3543 15.4056
    endloop
  endfacet
  facet normal 0.67707 0.236373 -0.696925
    outer loop
      vertex 3 36.3553 15.4059
      vertex 1.6 36.5408 14.1087
      vertex 1.6 36.6894 14.1591
    endloop
  endfacet
  facet normal 0.677076 0.611898 0.408839
    outer loop
      vertex 3 34.8429 11.7546
      vertex 3 35.0233 11.4846
      vertex 1.6 35.9608 12.4
    endloop
  endfacet
  facet normal 0.67707 0.696925 0.236373
    outer loop
      vertex 3 34.5941 12.3553
      vertex 1.6 35.8913 12.5408
      vertex 1.6 35.8409 12.6894
    endloop
  endfacet
  facet normal 0.679267 0.702941 0.210882
    outer loop
      vertex 1.6 35.8913 12.5408
      vertex 3 34.5941 12.3553
      vertex 3 34.5944 12.3543
    endloop
  endfacet
  facet normal 0.677076 0.553255 -0.48526
    outer loop
      vertex 3 35.238 14.7604
      vertex 3 35.0239 14.5163
      vertex 1.6 36.048 13.7305
    endloop
  endfacet
  facet normal 0.67706 -0.660037 -0.325485
    outer loop
      vertex 3 39.3012 13.9532
      vertex 3 39.1576 14.2444
      vertex 1.6 38.1087 13.4592
    endloop
  endfacet
  facet normal 0.674712 0.738081 -0
    outer loop
      vertex 3 34.5305 13.324
      vertex 1.6 35.8103 13.1566
      vertex 3 34.5305 13.3251
    endloop
  endfacet
  facet normal 0.677064 0.734337 -0.0482993
    outer loop
      vertex 1.6 35.8103 13.1566
      vertex 3 34.5305 13.324
      vertex 1.6 35.8 13
    endloop
  endfacet
  facet normal 0.677076 0.721752 -0.143671
    outer loop
      vertex 3 34.5939 13.6436
      vertex 3 34.5305 13.3251
      vertex 1.6 35.8103 13.1566
    endloop
  endfacet
  facet normal 0.677086 0.325727 -0.659891
    outer loop
      vertex 3 35.7556 15.1576
      vertex 1.6 36.4 14.0392
      vertex 1.6 36.5408 14.1087
    endloop
  endfacet
  facet normal 0.677202 0.329058 -0.658117
    outer loop
      vertex 1.6 36.4 14.0392
      vertex 3 35.7556 15.1576
      vertex 3 35.7546 15.1571
    endloop
  endfacet
  facet normal 0.677086 -0.659891 0.325727
    outer loop
      vertex 1.6 38.0392 12.4
      vertex 3 39.1576 11.7556
      vertex 1.6 38.1087 12.5408
    endloop
  endfacet
  facet normal 0.677202 -0.658117 0.329058
    outer loop
      vertex 3 39.1576 11.7556
      vertex 1.6 38.0392 12.4
      vertex 3 39.1571 11.7546
    endloop
  endfacet
  facet normal 0.677062 0.734341 0.0482761
    outer loop
      vertex 3 34.5092 13
      vertex 3 34.5305 12.676
      vertex 1.6 35.8 13
    endloop
  endfacet
  facet normal 0.677059 0.696861 0.236593
    outer loop
      vertex 3 34.5944 12.3543
      vertex 3 34.6988 12.0468
      vertex 1.6 35.8913 12.5408
    endloop
  endfacet
  facet normal 0.677062 0.0482761 0.734341
    outer loop
      vertex 3 36.676 10.5305
      vertex 3 37 10.5092
      vertex 1.6 37 11.8
    endloop
  endfacet
  facet normal 0.677059 -0.696861 -0.236593
    outer loop
      vertex 3 39.4056 13.6457
      vertex 3 39.3012 13.9532
      vertex 1.6 38.1087 13.4592
    endloop
  endfacet
  facet normal 0.677076 0.611898 -0.408839
    outer loop
      vertex 3 35.0233 14.5154
      vertex 3 34.8429 14.2454
      vertex 1.6 35.9608 13.6
    endloop
  endfacet
  facet normal 0.677076 0.143671 -0.721752
    outer loop
      vertex 3 36.6749 15.4695
      vertex 3 36.3564 15.4061
      vertex 1.6 36.8434 14.1897
    endloop
  endfacet
  facet normal 0.677076 -0.553249 0.485265
    outer loop
      vertex 1.6 37.8485 12.1515
      vertex 3 38.762 11.2396
      vertex 1.6 37.952 12.2695
    endloop
  endfacet
  facet normal 0.677839 -0.519872 0.519872
    outer loop
      vertex 3 38.762 11.2396
      vertex 1.6 37.8485 12.1515
      vertex 3 38.7612 11.2388
    endloop
  endfacet
  facet normal 0.677059 0.236593 0.696861
    outer loop
      vertex 3 36.0468 10.6988
      vertex 3 36.3543 10.5944
      vertex 1.6 36.5408 11.8913
    endloop
  endfacet
  facet normal 0.67706 0.660037 0.325485
    outer loop
      vertex 3 34.6988 12.0468
      vertex 3 34.8424 11.7556
      vertex 1.6 35.8913 12.5408
    endloop
  endfacet
  facet normal 0.67707 -0.696925 0.236373
    outer loop
      vertex 1.6 38.1087 12.5408
      vertex 3 39.4059 12.3553
      vertex 1.6 38.1591 12.6894
    endloop
  endfacet
  facet normal 0.679267 -0.702941 0.210882
    outer loop
      vertex 3 39.4059 12.3553
      vertex 1.6 38.1087 12.5408
      vertex 3 39.4056 12.3543
    endloop
  endfacet
  facet normal 0.677076 -0.553255 0.48526
    outer loop
      vertex 3 38.762 11.2396
      vertex 3 38.9761 11.4837
      vertex 1.6 37.952 12.2695
    endloop
  endfacet
  facet normal 0.67706 0.660037 -0.325485
    outer loop
      vertex 3 34.8424 14.2444
      vertex 3 34.6988 13.9532
      vertex 1.6 35.8913 13.4592
    endloop
  endfacet
  facet normal 0.677839 -0.519872 -0.519872
    outer loop
      vertex 3 38.7604 14.762
      vertex 1.6 37.8485 13.8485
      vertex 3 38.7612 14.7612
    endloop
  endfacet
  facet normal 0.677076 -0.485265 -0.553249
    outer loop
      vertex 1.6 37.8485 13.8485
      vertex 3 38.7604 14.762
      vertex 1.6 37.7305 13.952
    endloop
  endfacet
  facet normal 0.67707 0.236373 0.696925
    outer loop
      vertex 1.6 36.5408 11.8913
      vertex 3 36.3553 10.5941
      vertex 1.6 36.6894 11.8409
    endloop
  endfacet
  facet normal 0.679267 0.210882 0.702941
    outer loop
      vertex 3 36.3553 10.5941
      vertex 1.6 36.5408 11.8913
      vertex 3 36.3543 10.5944
    endloop
  endfacet
  facet normal 0.677078 0.408859 0.611882
    outer loop
      vertex 1.6 36.2695 12.048
      vertex 3 35.4846 11.0233
      vertex 1.6 36.4 11.9608
    endloop
  endfacet
  facet normal 0.677053 0.408223 0.612335
    outer loop
      vertex 3 35.4846 11.0233
      vertex 1.6 36.2695 12.048
      vertex 3 35.4837 11.0239
    endloop
  endfacet
  facet normal 0.677076 0.553255 0.48526
    outer loop
      vertex 3 35.0239 11.4837
      vertex 3 35.238 11.2396
      vertex 1.6 36.048 12.2695
    endloop
  endfacet
  facet normal 0.677076 0.143671 0.721752
    outer loop
      vertex 3 36.3564 10.5939
      vertex 3 36.6749 10.5305
      vertex 1.6 36.8434 11.8103
    endloop
  endfacet
  facet normal 0.677053 0.143427 0.721823
    outer loop
      vertex 1.6 36.6894 11.8409
      vertex 3 36.3564 10.5939
      vertex 1.6 36.8434 11.8103
    endloop
  endfacet
  facet normal 0.676616 0.13172 0.724459
    outer loop
      vertex 3 36.3564 10.5939
      vertex 1.6 36.6894 11.8409
      vertex 3 36.3553 10.5941
    endloop
  endfacet
  facet normal 0.67706 0.325485 -0.660037
    outer loop
      vertex 3 36.0468 15.3012
      vertex 3 35.7556 15.1576
      vertex 1.6 36.5408 14.1087
    endloop
  endfacet
  facet normal 0.67706 -0.325485 0.660037
    outer loop
      vertex 3 37.9532 10.6988
      vertex 3 38.2444 10.8424
      vertex 1.6 37.4592 11.8913
    endloop
  endfacet
  facet normal 0.676616 0.724459 -0.13172
    outer loop
      vertex 3 34.5939 13.6436
      vertex 1.6 35.8409 13.3106
      vertex 3 34.5941 13.6447
    endloop
  endfacet
  facet normal 0.677053 0.721823 -0.143427
    outer loop
      vertex 1.6 35.8409 13.3106
      vertex 3 34.5939 13.6436
      vertex 1.6 35.8103 13.1566
    endloop
  endfacet
  facet normal 0.677076 -0.721752 -0.143671
    outer loop
      vertex 3 39.4695 13.3251
      vertex 3 39.4061 13.6436
      vertex 1.6 38.1897 13.1566
    endloop
  endfacet
  facet normal 0.677076 0.48526 -0.553255
    outer loop
      vertex 3 35.4837 14.9761
      vertex 3 35.2396 14.762
      vertex 1.6 36.2695 13.952
    endloop
  endfacet
  facet normal 0.677078 0.408859 -0.611882
    outer loop
      vertex 3 35.4846 14.9767
      vertex 1.6 36.2695 13.952
      vertex 1.6 36.4 14.0392
    endloop
  endfacet
  facet normal 0.677053 0.408223 -0.612335
    outer loop
      vertex 1.6 36.2695 13.952
      vertex 3 35.4846 14.9767
      vertex 3 35.4837 14.9761
    endloop
  endfacet
  facet normal 0.677078 -0.611882 0.408859
    outer loop
      vertex 1.6 37.952 12.2695
      vertex 3 38.9767 11.4846
      vertex 1.6 38.0392 12.4
    endloop
  endfacet
  facet normal 0.677053 -0.612335 0.408223
    outer loop
      vertex 3 38.9767 11.4846
      vertex 1.6 37.952 12.2695
      vertex 3 38.9761 11.4837
    endloop
  endfacet
  facet normal 0.677062 0.734341 -0.0482761
    outer loop
      vertex 3 34.5305 13.324
      vertex 3 34.5092 13
      vertex 1.6 35.8 13
    endloop
  endfacet
  facet normal 0.674712 0 -0.738081
    outer loop
      vertex 1.6 36.8434 14.1897
      vertex 3 36.676 15.4695
      vertex 3 36.6749 15.4695
    endloop
  endfacet
  facet normal 0.677064 0.0482993 -0.734337
    outer loop
      vertex 3 36.676 15.4695
      vertex 1.6 36.8434 14.1897
      vertex 1.6 37 14.2
    endloop
  endfacet
  facet normal 0.677078 0.611882 0.408859
    outer loop
      vertex 3 35.0233 11.4846
      vertex 1.6 36.048 12.2695
      vertex 1.6 35.9608 12.4
    endloop
  endfacet
  facet normal 0.677053 0.612335 0.408223
    outer loop
      vertex 1.6 36.048 12.2695
      vertex 3 35.0233 11.4846
      vertex 3 35.0239 11.4837
    endloop
  endfacet
  facet normal 0.677076 0.553249 0.485265
    outer loop
      vertex 3 35.238 11.2396
      vertex 1.6 36.1515 12.1515
      vertex 1.6 36.048 12.2695
    endloop
  endfacet
  facet normal 0.677839 0.519872 0.519872
    outer loop
      vertex 1.6 36.1515 12.1515
      vertex 3 35.238 11.2396
      vertex 3 35.2388 11.2388
    endloop
  endfacet
  facet normal 0.677086 0.659891 0.325727
    outer loop
      vertex 3 34.8424 11.7556
      vertex 1.6 35.9608 12.4
      vertex 1.6 35.8913 12.5408
    endloop
  endfacet
  facet normal 0.677202 0.658117 0.329058
    outer loop
      vertex 1.6 35.9608 12.4
      vertex 3 34.8424 11.7556
      vertex 3 34.8429 11.7546
    endloop
  endfacet
  facet normal 0.677053 -0.612335 -0.408223
    outer loop
      vertex 1.6 37.952 13.7305
      vertex 3 38.9767 14.5154
      vertex 3 38.9761 14.5163
    endloop
  endfacet
  facet normal 0.677078 -0.611882 -0.408859
    outer loop
      vertex 3 38.9767 14.5154
      vertex 1.6 37.952 13.7305
      vertex 1.6 38.0392 13.6
    endloop
  endfacet
  facet normal 0.677064 -0.734337 0.0482993
    outer loop
      vertex 1.6 38.1897 12.8434
      vertex 3 39.4695 12.676
      vertex 1.6 38.2 13
    endloop
  endfacet
  facet normal 0.674712 -0.738081 0
    outer loop
      vertex 3 39.4695 12.676
      vertex 1.6 38.1897 12.8434
      vertex 3 39.4695 12.6749
    endloop
  endfacet
  facet normal 0.67707 -0.236373 -0.696925
    outer loop
      vertex 1.6 37.4592 14.1087
      vertex 3 37.6447 15.4059
      vertex 1.6 37.3106 14.1591
    endloop
  endfacet
  facet normal 0.679267 -0.210882 -0.702941
    outer loop
      vertex 3 37.6447 15.4059
      vertex 1.6 37.4592 14.1087
      vertex 3 37.6457 15.4056
    endloop
  endfacet
  facet normal 0.677059 0.696861 -0.236593
    outer loop
      vertex 3 34.6988 13.9532
      vertex 3 34.5944 13.6457
      vertex 1.6 35.8913 13.4592
    endloop
  endfacet
  facet normal 0.677053 0.721823 0.143427
    outer loop
      vertex 3 34.5939 12.3564
      vertex 1.6 35.8409 12.6894
      vertex 1.6 35.8103 12.8434
    endloop
  endfacet
  facet normal 0.676616 0.724459 0.13172
    outer loop
      vertex 1.6 35.8409 12.6894
      vertex 3 34.5939 12.3564
      vertex 3 34.5941 12.3553
    endloop
  endfacet
  facet normal 0.677076 0.721752 0.143671
    outer loop
      vertex 3 34.5305 12.6749
      vertex 3 34.5939 12.3564
      vertex 1.6 35.8103 12.8434
    endloop
  endfacet
  facet normal 0.677053 -0.408223 -0.612335
    outer loop
      vertex 3 38.5154 14.9767
      vertex 1.6 37.7305 13.952
      vertex 3 38.5163 14.9761
    endloop
  endfacet
  facet normal 0.677078 -0.408859 -0.611882
    outer loop
      vertex 1.6 37.7305 13.952
      vertex 3 38.5154 14.9767
      vertex 1.6 37.6 14.0392
    endloop
  endfacet
  facet normal 0.677076 0.485265 -0.553249
    outer loop
      vertex 3 35.2396 14.762
      vertex 1.6 36.1515 13.8485
      vertex 1.6 36.2695 13.952
    endloop
  endfacet
  facet normal 0.677839 0.519872 -0.519872
    outer loop
      vertex 1.6 36.1515 13.8485
      vertex 3 35.2396 14.762
      vertex 3 35.2388 14.7612
    endloop
  endfacet
  facet normal 0.677076 0.408839 -0.611898
    outer loop
      vertex 3 35.7546 15.1571
      vertex 3 35.4846 14.9767
      vertex 1.6 36.4 14.0392
    endloop
  endfacet
  facet normal 0.677059 -0.696861 0.236593
    outer loop
      vertex 3 39.3012 12.0468
      vertex 3 39.4056 12.3543
      vertex 1.6 38.1087 12.5408
    endloop
  endfacet
  facet normal 0.677076 -0.143671 -0.721752
    outer loop
      vertex 3 37.6436 15.4061
      vertex 3 37.3251 15.4695
      vertex 1.6 37.1566 14.1897
    endloop
  endfacet
  facet normal 0.677076 -0.408839 -0.611898
    outer loop
      vertex 3 38.5154 14.9767
      vertex 3 38.2454 15.1571
      vertex 1.6 37.6 14.0392
    endloop
  endfacet
  facet normal 0.67706 -0.660037 0.325485
    outer loop
      vertex 3 39.1576 11.7556
      vertex 3 39.3012 12.0468
      vertex 1.6 38.1087 12.5408
    endloop
  endfacet
  facet normal 0.677202 -0.329058 -0.658117
    outer loop
      vertex 3 38.2444 15.1576
      vertex 1.6 37.6 14.0392
      vertex 3 38.2454 15.1571
    endloop
  endfacet
  facet normal 0.677086 -0.325727 -0.659891
    outer loop
      vertex 1.6 37.6 14.0392
      vertex 3 38.2444 15.1576
      vertex 1.6 37.4592 14.1087
    endloop
  endfacet
  facet normal 0.677059 0.236593 -0.696861
    outer loop
      vertex 3 36.3543 15.4056
      vertex 3 36.0468 15.3012
      vertex 1.6 36.5408 14.1087
    endloop
  endfacet
  facet normal 0.677076 -0.611898 0.408839
    outer loop
      vertex 3 38.9767 11.4846
      vertex 3 39.1571 11.7546
      vertex 1.6 38.0392 12.4
    endloop
  endfacet
  facet normal 0.676616 -0.724459 -0.13172
    outer loop
      vertex 1.6 38.1591 13.3106
      vertex 3 39.4061 13.6436
      vertex 3 39.4059 13.6447
    endloop
  endfacet
  facet normal 0.677053 -0.721823 -0.143427
    outer loop
      vertex 3 39.4061 13.6436
      vertex 1.6 38.1591 13.3106
      vertex 1.6 38.1897 13.1566
    endloop
  endfacet
  facet normal 0.677076 0.485265 0.553249
    outer loop
      vertex 1.6 36.1515 12.1515
      vertex 3 35.2396 11.238
      vertex 1.6 36.2695 12.048
    endloop
  endfacet
  facet normal 0.677839 0.519872 0.519872
    outer loop
      vertex 3 35.2396 11.238
      vertex 1.6 36.1515 12.1515
      vertex 3 35.2388 11.2388
    endloop
  endfacet
  facet normal 0.677202 -0.329058 0.658117
    outer loop
      vertex 1.6 37.6 11.9608
      vertex 3 38.2444 10.8424
      vertex 3 38.2454 10.8429
    endloop
  endfacet
  facet normal 0.677086 -0.325727 0.659891
    outer loop
      vertex 3 38.2444 10.8424
      vertex 1.6 37.6 11.9608
      vertex 1.6 37.4592 11.8913
    endloop
  endfacet
  facet normal 0.677053 -0.143427 -0.721823
    outer loop
      vertex 1.6 37.3106 14.1591
      vertex 3 37.6436 15.4061
      vertex 1.6 37.1566 14.1897
    endloop
  endfacet
  facet normal 0.676616 -0.13172 -0.724459
    outer loop
      vertex 3 37.6436 15.4061
      vertex 1.6 37.3106 14.1591
      vertex 3 37.6447 15.4059
    endloop
  endfacet
  facet normal 0.677076 0.48526 0.553255
    outer loop
      vertex 3 35.2396 11.238
      vertex 3 35.4837 11.0239
      vertex 1.6 36.2695 12.048
    endloop
  endfacet
  facet normal 0.676616 0.13172 -0.724459
    outer loop
      vertex 1.6 36.6894 14.1591
      vertex 3 36.3564 15.4061
      vertex 3 36.3553 15.4059
    endloop
  endfacet
  facet normal 0.677053 0.143427 -0.721823
    outer loop
      vertex 3 36.3564 15.4061
      vertex 1.6 36.6894 14.1591
      vertex 1.6 36.8434 14.1897
    endloop
  endfacet
  facet normal 0.67706 -0.325485 -0.660037
    outer loop
      vertex 3 38.2444 15.1576
      vertex 3 37.9532 15.3012
      vertex 1.6 37.4592 14.1087
    endloop
  endfacet
  facet normal 0.677839 -0.519872 -0.519872
    outer loop
      vertex 1.6 37.8485 13.8485
      vertex 3 38.762 14.7604
      vertex 3 38.7612 14.7612
    endloop
  endfacet
  facet normal 0.677076 -0.553249 -0.485265
    outer loop
      vertex 3 38.762 14.7604
      vertex 1.6 37.8485 13.8485
      vertex 1.6 37.952 13.7305
    endloop
  endfacet
  facet normal 0.677202 -0.658117 -0.329058
    outer loop
      vertex 1.6 38.0392 13.6
      vertex 3 39.1576 14.2444
      vertex 3 39.1571 14.2454
    endloop
  endfacet
  facet normal 0.677086 -0.659891 -0.325727
    outer loop
      vertex 3 39.1576 14.2444
      vertex 1.6 38.0392 13.6
      vertex 1.6 38.1087 13.4592
    endloop
  endfacet
  facet normal 0.677062 -0.0482761 -0.734341
    outer loop
      vertex 3 37.324 15.4695
      vertex 3 37 15.4908
      vertex 1.6 37 14.2
    endloop
  endfacet
  facet normal 0.679267 -0.702941 -0.210882
    outer loop
      vertex 1.6 38.1087 13.4592
      vertex 3 39.4059 13.6447
      vertex 3 39.4056 13.6457
    endloop
  endfacet
  facet normal 0.67707 -0.696925 -0.236373
    outer loop
      vertex 3 39.4059 13.6447
      vertex 1.6 38.1087 13.4592
      vertex 1.6 38.1591 13.3106
    endloop
  endfacet
  facet normal 0.677053 0.612335 -0.408223
    outer loop
      vertex 3 35.0233 14.5154
      vertex 1.6 36.048 13.7305
      vertex 3 35.0239 14.5163
    endloop
  endfacet
  facet normal 0.677078 0.611882 -0.408859
    outer loop
      vertex 1.6 36.048 13.7305
      vertex 3 35.0233 14.5154
      vertex 1.6 35.9608 13.6
    endloop
  endfacet
  facet normal 0.677053 -0.408223 0.612335
    outer loop
      vertex 1.6 37.7305 12.048
      vertex 3 38.5154 11.0233
      vertex 3 38.5163 11.0239
    endloop
  endfacet
  facet normal 0.677078 -0.408859 0.611882
    outer loop
      vertex 3 38.5154 11.0233
      vertex 1.6 37.7305 12.048
      vertex 1.6 37.6 11.9608
    endloop
  endfacet
  facet normal 0.677076 -0.48526 0.553255
    outer loop
      vertex 3 38.5163 11.0239
      vertex 3 38.7604 11.238
      vertex 1.6 37.7305 12.048
    endloop
  endfacet
  facet normal 0.677076 -0.553255 -0.48526
    outer loop
      vertex 3 38.9761 14.5163
      vertex 3 38.762 14.7604
      vertex 1.6 37.952 13.7305
    endloop
  endfacet
  facet normal 0.677076 -0.611898 -0.408839
    outer loop
      vertex 3 39.1571 14.2454
      vertex 3 38.9767 14.5154
      vertex 1.6 38.0392 13.6
    endloop
  endfacet
  facet normal 0.677086 0.325727 0.659891
    outer loop
      vertex 1.6 36.4 11.9608
      vertex 3 35.7556 10.8424
      vertex 1.6 36.5408 11.8913
    endloop
  endfacet
  facet normal 0.677202 0.329058 0.658117
    outer loop
      vertex 3 35.7556 10.8424
      vertex 1.6 36.4 11.9608
      vertex 3 35.7546 10.8429
    endloop
  endfacet
  facet normal 0.677076 0.408839 0.611898
    outer loop
      vertex 3 35.4846 11.0233
      vertex 3 35.7546 10.8429
      vertex 1.6 36.4 11.9608
    endloop
  endfacet
  facet normal 0.677062 0.0482761 -0.734341
    outer loop
      vertex 3 37 15.4908
      vertex 3 36.676 15.4695
      vertex 1.6 37 14.2
    endloop
  endfacet
  facet normal 0.677053 -0.721823 0.143427
    outer loop
      vertex 1.6 38.1591 12.6894
      vertex 3 39.4061 12.3564
      vertex 1.6 38.1897 12.8434
    endloop
  endfacet
  facet normal 0.676616 -0.724459 0.13172
    outer loop
      vertex 3 39.4061 12.3564
      vertex 1.6 38.1591 12.6894
      vertex 3 39.4059 12.3553
    endloop
  endfacet
  facet normal 0.677076 -0.721752 0.143671
    outer loop
      vertex 3 39.4061 12.3564
      vertex 3 39.4695 12.6749
      vertex 1.6 38.1897 12.8434
    endloop
  endfacet
  facet normal 0.677076 -0.143671 0.721752
    outer loop
      vertex 3 37.3251 10.5305
      vertex 3 37.6436 10.5939
      vertex 1.6 37.1566 11.8103
    endloop
  endfacet
  facet normal 0.677062 -0.734341 -0.0482761
    outer loop
      vertex 3 39.4908 13
      vertex 3 39.4695 13.324
      vertex 1.6 38.2 13
    endloop
  endfacet
  facet normal 0.674712 -0.738081 0
    outer loop
      vertex 1.6 38.1897 13.1566
      vertex 3 39.4695 13.324
      vertex 3 39.4695 13.3251
    endloop
  endfacet
  facet normal 0.677064 -0.734337 -0.0482993
    outer loop
      vertex 3 39.4695 13.324
      vertex 1.6 38.1897 13.1566
      vertex 1.6 38.2 13
    endloop
  endfacet
  facet normal 0.677839 -0.519872 0.519872
    outer loop
      vertex 1.6 37.8485 12.1515
      vertex 3 38.7604 11.238
      vertex 3 38.7612 11.2388
    endloop
  endfacet
  facet normal 0.677076 -0.485265 0.553249
    outer loop
      vertex 3 38.7604 11.238
      vertex 1.6 37.8485 12.1515
      vertex 1.6 37.7305 12.048
    endloop
  endfacet
  facet normal 0.679267 -0.210882 0.702941
    outer loop
      vertex 1.6 37.4592 11.8913
      vertex 3 37.6447 10.5941
      vertex 3 37.6457 10.5944
    endloop
  endfacet
  facet normal 0.67707 -0.236373 0.696925
    outer loop
      vertex 3 37.6447 10.5941
      vertex 1.6 37.4592 11.8913
      vertex 1.6 37.3106 11.8409
    endloop
  endfacet
  facet normal 0.676616 -0.13172 0.724459
    outer loop
      vertex 1.6 37.3106 11.8409
      vertex 3 37.6436 10.5939
      vertex 3 37.6447 10.5941
    endloop
  endfacet
  facet normal 0.677053 -0.143427 0.721823
    outer loop
      vertex 3 37.6436 10.5939
      vertex 1.6 37.3106 11.8409
      vertex 1.6 37.1566 11.8103
    endloop
  endfacet
  facet normal -0 0.195101 0.980783
    outer loop
      vertex 8.24984 36.6411 10.2735
      vertex 11.083 36.2882 10.3437
      vertex 11.1201 36.6411 10.2735
    endloop
  endfacet
  facet normal 0 0.195101 0.980783
    outer loop
      vertex 11.083 36.2882 10.3437
      vertex 8.24984 36.6411 10.2735
      vertex 8.21818 36.2882 10.3437
    endloop
  endfacet
  facet normal 0 -0.195101 0.980783
    outer loop
      vertex 8.34593 37.7118 10.3437
      vertex 11.1957 37.3589 10.2735
      vertex 11.2328 37.7118 10.3437
    endloop
  endfacet
  facet normal 0 -0.195101 0.980783
    outer loop
      vertex 11.1957 37.3589 10.2735
      vertex 8.34593 37.7118 10.3437
      vertex 8.31426 37.3589 10.2735
    endloop
  endfacet
  facet normal 0 -0.0653379 0.997863
    outer loop
      vertex 8.31426 37.3589 10.2735
      vertex 11.1579 37 10.25
      vertex 11.1957 37.3589 10.2735
    endloop
  endfacet
  facet normal 0 -0.0653379 0.997863
    outer loop
      vertex 11.1579 37 10.25
      vertex 8.31426 37.3589 10.2735
      vertex 8.28205 37 10.25
    endloop
  endfacet
  facet normal 0 -0.321394 0.946945
    outer loop
      vertex 8.3765 38.0524 10.4593
      vertex 11.2328 37.7118 10.3437
      vertex 11.2687 38.0524 10.4593
    endloop
  endfacet
  facet normal 0 -0.321394 0.946945
    outer loop
      vertex 11.2328 37.7118 10.3437
      vertex 8.3765 38.0524 10.4593
      vertex 8.34593 37.7118 10.3437
    endloop
  endfacet
  facet normal 0 -0.0653379 -0.997863
    outer loop
      vertex 11.1579 37 15.75
      vertex 8.31426 37.3589 15.7265
      vertex 11.1957 37.3589 15.7265
    endloop
  endfacet
  facet normal 0 -0.0653379 -0.997863
    outer loop
      vertex 8.31426 37.3589 15.7265
      vertex 11.1579 37 15.75
      vertex 8.28205 37 15.75
    endloop
  endfacet
  facet normal -0 0.89686 0.442314
    outer loop
      vertex 8.06832 34.6184 11.625
      vertex 10.8905 34.4593 11.9476
      vertex 10.9072 34.6184 11.625
    endloop
  endfacet
  facet normal 0 0.89686 0.442314
    outer loop
      vertex 10.8905 34.4593 11.9476
      vertex 8.06832 34.6184 11.625
      vertex 8.05404 34.4593 11.9476
    endloop
  endfacet
  facet normal 0 -0.980783 0.195101
    outer loop
      vertex 11.4375 39.6563 12.2882
      vertex 8.52673 39.7265 12.6411
      vertex 8.52044 39.6563 12.2882
    endloop
  endfacet
  facet normal 0 -0.980783 0.195101
    outer loop
      vertex 8.52673 39.7265 12.6411
      vertex 11.4375 39.6563 12.2882
      vertex 11.4449 39.7265 12.6411
    endloop
  endfacet
  facet normal -0 0.980783 0.195101
    outer loop
      vertex 8.04367 34.3437 12.2882
      vertex 10.8709 34.2735 12.6411
      vertex 10.8783 34.3437 12.2882
    endloop
  endfacet
  facet normal 0 0.980783 0.195101
    outer loop
      vertex 10.8709 34.2735 12.6411
      vertex 8.04367 34.3437 12.2882
      vertex 8.03737 34.2735 12.6411
    endloop
  endfacet
  facet normal -0 0.997863 0.0653379
    outer loop
      vertex 8.03737 34.2735 12.6411
      vertex 10.8684 34.25 13
      vertex 10.8709 34.2735 12.6411
    endloop
  endfacet
  facet normal 0 0.997863 0.0653379
    outer loop
      vertex 10.8684 34.25 13
      vertex 8.03737 34.2735 12.6411
      vertex 8.03526 34.25 13
    endloop
  endfacet
  facet normal 0 -0.751749 -0.659449
    outer loop
      vertex 8.47785 39.1817 14.6741
      vertex 11.3626 38.9445 14.9445
      vertex 8.45656 38.9445 14.9445
    endloop
  endfacet
  facet normal 0 -0.751749 -0.659449
    outer loop
      vertex 11.3626 38.9445 14.9445
      vertex 8.47785 39.1817 14.6741
      vertex 11.3875 39.1817 14.6741
    endloop
  endfacet
  facet normal 0 -0.555662 -0.831408
    outer loop
      vertex 11.3026 38.375 15.3816
      vertex 8.43229 38.6741 15.1817
      vertex 11.3341 38.6741 15.1817
    endloop
  endfacet
  facet normal 0 -0.555662 -0.831408
    outer loop
      vertex 8.43229 38.6741 15.1817
      vertex 11.3026 38.375 15.3816
      vertex 8.40545 38.375 15.3816
    endloop
  endfacet
  facet normal 0 -0.946945 0.321394
    outer loop
      vertex 11.4253 39.5407 11.9476
      vertex 8.52044 39.6563 12.2882
      vertex 8.51006 39.5407 11.9476
    endloop
  endfacet
  facet normal 0 -0.946945 0.321394
    outer loop
      vertex 8.52044 39.6563 12.2882
      vertex 11.4253 39.5407 11.9476
      vertex 11.4375 39.6563 12.2882
    endloop
  endfacet
  facet normal -0 0.751749 0.659449
    outer loop
      vertex 8.10754 35.0555 11.0555
      vertex 10.9282 34.8183 11.3259
      vertex 10.9532 35.0555 11.0555
    endloop
  endfacet
  facet normal 0 0.751749 0.659449
    outer loop
      vertex 10.9282 34.8183 11.3259
      vertex 8.10754 35.0555 11.0555
      vertex 8.08626 34.8183 11.3259
    endloop
  endfacet
  facet normal 0 -0.89686 -0.442314
    outer loop
      vertex 8.51006 39.5407 14.0524
      vertex 11.4086 39.3816 14.375
      vertex 8.49578 39.3816 14.375
    endloop
  endfacet
  facet normal 0 -0.89686 -0.442314
    outer loop
      vertex 11.4086 39.3816 14.375
      vertex 8.51006 39.5407 14.0524
      vertex 11.4253 39.5407 14.0524
    endloop
  endfacet
  facet normal 0 0.997863 -0.0653379
    outer loop
      vertex 10.8684 34.25 13
      vertex 8.03737 34.2735 13.3589
      vertex 10.8709 34.2735 13.3589
    endloop
  endfacet
  facet normal 0 0.997863 -0.0653379
    outer loop
      vertex 8.03737 34.2735 13.3589
      vertex 10.8684 34.25 13
      vertex 8.03526 34.25 13
    endloop
  endfacet
  facet normal -0 0.659449 0.751749
    outer loop
      vertex 8.13181 35.3259 10.8183
      vertex 10.9532 35.0555 11.0555
      vertex 10.9817 35.3259 10.8183
    endloop
  endfacet
  facet normal 0 0.659449 0.751749
    outer loop
      vertex 10.9532 35.0555 11.0555
      vertex 8.13181 35.3259 10.8183
      vertex 8.10754 35.0555 11.0555
    endloop
  endfacet
  facet normal 0 0.321394 -0.946945
    outer loop
      vertex 11.0471 35.9476 15.5407
      vertex 8.21818 36.2882 15.6563
      vertex 11.083 36.2882 15.6563
    endloop
  endfacet
  facet normal 0 0.321394 -0.946945
    outer loop
      vertex 8.21818 36.2882 15.6563
      vertex 11.0471 35.9476 15.5407
      vertex 8.18761 35.9476 15.5407
    endloop
  endfacet
  facet normal -0 0.946945 0.321394
    outer loop
      vertex 8.05404 34.4593 11.9476
      vertex 10.8783 34.3437 12.2882
      vertex 10.8905 34.4593 11.9476
    endloop
  endfacet
  facet normal 0 0.946945 0.321394
    outer loop
      vertex 10.8783 34.3437 12.2882
      vertex 8.05404 34.4593 11.9476
      vertex 8.04367 34.3437 12.2882
    endloop
  endfacet
  facet normal 0 -0.946945 -0.321394
    outer loop
      vertex 8.52044 39.6563 13.7118
      vertex 11.4253 39.5407 14.0524
      vertex 8.51006 39.5407 14.0524
    endloop
  endfacet
  facet normal 0 -0.946945 -0.321394
    outer loop
      vertex 11.4253 39.5407 14.0524
      vertex 8.52044 39.6563 13.7118
      vertex 11.4375 39.6563 13.7118
    endloop
  endfacet
  facet normal 0 -0.831408 -0.555662
    outer loop
      vertex 8.49578 39.3816 14.375
      vertex 11.3875 39.1817 14.6741
      vertex 8.47785 39.1817 14.6741
    endloop
  endfacet
  facet normal 0 -0.831408 -0.555662
    outer loop
      vertex 11.3875 39.1817 14.6741
      vertex 8.49578 39.3816 14.375
      vertex 11.4086 39.3816 14.375
    endloop
  endfacet
  facet normal 0 -0.321394 -0.946945
    outer loop
      vertex 11.2328 37.7118 15.6563
      vertex 8.3765 38.0524 15.5407
      vertex 11.2687 38.0524 15.5407
    endloop
  endfacet
  facet normal 0 -0.321394 -0.946945
    outer loop
      vertex 8.3765 38.0524 15.5407
      vertex 11.2328 37.7118 15.6563
      vertex 8.34593 37.7118 15.6563
    endloop
  endfacet
  facet normal 0 -0.442314 0.89686
    outer loop
      vertex 8.40545 38.375 10.6184
      vertex 11.2687 38.0524 10.4593
      vertex 11.3026 38.375 10.6184
    endloop
  endfacet
  facet normal 0 -0.442314 0.89686
    outer loop
      vertex 11.2687 38.0524 10.4593
      vertex 8.40545 38.375 10.6184
      vertex 8.3765 38.0524 10.4593
    endloop
  endfacet
  facet normal 0 -0.980783 -0.195101
    outer loop
      vertex 8.52673 39.7265 13.3589
      vertex 11.4375 39.6563 13.7118
      vertex 8.52044 39.6563 13.7118
    endloop
  endfacet
  facet normal 0 -0.980783 -0.195101
    outer loop
      vertex 11.4375 39.6563 13.7118
      vertex 8.52673 39.7265 13.3589
      vertex 11.4449 39.7265 13.3589
    endloop
  endfacet
  facet normal 0 -0.751749 0.659449
    outer loop
      vertex 11.3626 38.9445 11.0555
      vertex 8.47785 39.1817 11.3259
      vertex 8.45656 38.9445 11.0555
    endloop
  endfacet
  facet normal 0 -0.751749 0.659449
    outer loop
      vertex 8.47785 39.1817 11.3259
      vertex 11.3626 38.9445 11.0555
      vertex 11.3875 39.1817 11.3259
    endloop
  endfacet
  facet normal -0 0.0653379 0.997863
    outer loop
      vertex 8.28205 37 10.25
      vertex 11.1201 36.6411 10.2735
      vertex 11.1579 37 10.25
    endloop
  endfacet
  facet normal 0 0.0653379 0.997863
    outer loop
      vertex 11.1201 36.6411 10.2735
      vertex 8.28205 37 10.25
      vertex 8.24984 36.6411 10.2735
    endloop
  endfacet
  facet normal 0 -0.89686 0.442314
    outer loop
      vertex 11.4086 39.3816 11.625
      vertex 8.51006 39.5407 11.9476
      vertex 8.49578 39.3816 11.625
    endloop
  endfacet
  facet normal 0 -0.89686 0.442314
    outer loop
      vertex 8.51006 39.5407 11.9476
      vertex 11.4086 39.3816 11.625
      vertex 11.4253 39.5407 11.9476
    endloop
  endfacet
  facet normal 0 0.946945 -0.321394
    outer loop
      vertex 10.8783 34.3437 13.7118
      vertex 8.05404 34.4593 14.0524
      vertex 10.8905 34.4593 14.0524
    endloop
  endfacet
  facet normal 0 0.946945 -0.321394
    outer loop
      vertex 8.05404 34.4593 14.0524
      vertex 10.8783 34.3437 13.7118
      vertex 8.04367 34.3437 13.7118
    endloop
  endfacet
  facet normal 0 -0.195101 -0.980783
    outer loop
      vertex 11.1957 37.3589 15.7265
      vertex 8.34593 37.7118 15.6563
      vertex 11.2328 37.7118 15.6563
    endloop
  endfacet
  facet normal 0 -0.195101 -0.980783
    outer loop
      vertex 8.34593 37.7118 15.6563
      vertex 11.1957 37.3589 15.7265
      vertex 8.31426 37.3589 15.7265
    endloop
  endfacet
  facet normal 0 -0.997863 -0.0653379
    outer loop
      vertex 8.52885 39.75 13
      vertex 11.4449 39.7265 13.3589
      vertex 8.52673 39.7265 13.3589
    endloop
  endfacet
  facet normal 0 -0.997863 -0.0653379
    outer loop
      vertex 11.4449 39.7265 13.3589
      vertex 8.52885 39.75 13
      vertex 11.4474 39.75 13
    endloop
  endfacet
  facet normal 0 0.980783 -0.195101
    outer loop
      vertex 10.8709 34.2735 13.3589
      vertex 8.04367 34.3437 13.7118
      vertex 10.8783 34.3437 13.7118
    endloop
  endfacet
  facet normal 0 0.980783 -0.195101
    outer loop
      vertex 8.04367 34.3437 13.7118
      vertex 10.8709 34.2735 13.3589
      vertex 8.03737 34.2735 13.3589
    endloop
  endfacet
  facet normal -0 0.321394 0.946945
    outer loop
      vertex 8.21818 36.2882 10.3437
      vertex 11.0471 35.9476 10.4593
      vertex 11.083 36.2882 10.3437
    endloop
  endfacet
  facet normal 0 0.321394 0.946945
    outer loop
      vertex 11.0471 35.9476 10.4593
      vertex 8.21818 36.2882 10.3437
      vertex 8.18761 35.9476 10.4593
    endloop
  endfacet
  facet normal 0 -0.555662 0.831408
    outer loop
      vertex 8.43229 38.6741 10.8183
      vertex 11.3026 38.375 10.6184
      vertex 11.3341 38.6741 10.8183
    endloop
  endfacet
  facet normal 0 -0.555662 0.831408
    outer loop
      vertex 11.3026 38.375 10.6184
      vertex 8.43229 38.6741 10.8183
      vertex 8.40545 38.375 10.6184
    endloop
  endfacet
  facet normal 0 -0.659449 0.751749
    outer loop
      vertex 8.45656 38.9445 11.0555
      vertex 11.3341 38.6741 10.8183
      vertex 11.3626 38.9445 11.0555
    endloop
  endfacet
  facet normal 0 -0.659449 0.751749
    outer loop
      vertex 11.3341 38.6741 10.8183
      vertex 8.45656 38.9445 11.0555
      vertex 8.43229 38.6741 10.8183
    endloop
  endfacet
  facet normal 0 0.442314 -0.89686
    outer loop
      vertex 11.0132 35.625 15.3816
      vertex 8.18761 35.9476 15.5407
      vertex 11.0471 35.9476 15.5407
    endloop
  endfacet
  facet normal 0 0.442314 -0.89686
    outer loop
      vertex 8.18761 35.9476 15.5407
      vertex 11.0132 35.625 15.3816
      vertex 8.15865 35.625 15.3816
    endloop
  endfacet
  facet normal -0 0.442314 0.89686
    outer loop
      vertex 8.18761 35.9476 10.4593
      vertex 11.0132 35.625 10.6184
      vertex 11.0471 35.9476 10.4593
    endloop
  endfacet
  facet normal 0 0.442314 0.89686
    outer loop
      vertex 11.0132 35.625 10.6184
      vertex 8.18761 35.9476 10.4593
      vertex 8.15865 35.625 10.6184
    endloop
  endfacet
  facet normal 0 0.659449 -0.751749
    outer loop
      vertex 10.9532 35.0555 14.9445
      vertex 8.13181 35.3259 15.1817
      vertex 10.9817 35.3259 15.1817
    endloop
  endfacet
  facet normal 0 0.659449 -0.751749
    outer loop
      vertex 8.13181 35.3259 15.1817
      vertex 10.9532 35.0555 14.9445
      vertex 8.10754 35.0555 14.9445
    endloop
  endfacet
  facet normal -0 0.555662 0.831408
    outer loop
      vertex 8.15865 35.625 10.6184
      vertex 10.9817 35.3259 10.8183
      vertex 11.0132 35.625 10.6184
    endloop
  endfacet
  facet normal 0 0.555662 0.831408
    outer loop
      vertex 10.9817 35.3259 10.8183
      vertex 8.15865 35.625 10.6184
      vertex 8.13181 35.3259 10.8183
    endloop
  endfacet
  facet normal 0 -0.659449 -0.751749
    outer loop
      vertex 11.3341 38.6741 15.1817
      vertex 8.45656 38.9445 14.9445
      vertex 11.3626 38.9445 14.9445
    endloop
  endfacet
  facet normal 0 -0.659449 -0.751749
    outer loop
      vertex 8.45656 38.9445 14.9445
      vertex 11.3341 38.6741 15.1817
      vertex 8.43229 38.6741 15.1817
    endloop
  endfacet
  facet normal 0 -0.997863 0.0653379
    outer loop
      vertex 11.4449 39.7265 12.6411
      vertex 8.52885 39.75 13
      vertex 8.52673 39.7265 12.6411
    endloop
  endfacet
  facet normal 0 -0.997863 0.0653379
    outer loop
      vertex 8.52885 39.75 13
      vertex 11.4449 39.7265 12.6411
      vertex 11.4474 39.75 13
    endloop
  endfacet
  facet normal 0 -0.831408 0.555662
    outer loop
      vertex 11.3875 39.1817 11.3259
      vertex 8.49578 39.3816 11.625
      vertex 8.47785 39.1817 11.3259
    endloop
  endfacet
  facet normal 0 -0.831408 0.555662
    outer loop
      vertex 8.49578 39.3816 11.625
      vertex 11.3875 39.1817 11.3259
      vertex 11.4086 39.3816 11.625
    endloop
  endfacet
  facet normal 0 0.89686 -0.442314
    outer loop
      vertex 10.8905 34.4593 14.0524
      vertex 8.06832 34.6184 14.375
      vertex 10.9072 34.6184 14.375
    endloop
  endfacet
  facet normal 0 0.89686 -0.442314
    outer loop
      vertex 8.06832 34.6184 14.375
      vertex 10.8905 34.4593 14.0524
      vertex 8.05404 34.4593 14.0524
    endloop
  endfacet
  facet normal 0 0.555662 -0.831408
    outer loop
      vertex 10.9817 35.3259 15.1817
      vertex 8.15865 35.625 15.3816
      vertex 11.0132 35.625 15.3816
    endloop
  endfacet
  facet normal 0 0.555662 -0.831408
    outer loop
      vertex 8.15865 35.625 15.3816
      vertex 10.9817 35.3259 15.1817
      vertex 8.13181 35.3259 15.1817
    endloop
  endfacet
  facet normal 0 0.195101 -0.980783
    outer loop
      vertex 11.083 36.2882 15.6563
      vertex 8.24984 36.6411 15.7265
      vertex 11.1201 36.6411 15.7265
    endloop
  endfacet
  facet normal 0 0.195101 -0.980783
    outer loop
      vertex 8.24984 36.6411 15.7265
      vertex 11.083 36.2882 15.6563
      vertex 8.21818 36.2882 15.6563
    endloop
  endfacet
  facet normal 0 0.751749 -0.659449
    outer loop
      vertex 10.9282 34.8183 14.6741
      vertex 8.10754 35.0555 14.9445
      vertex 10.9532 35.0555 14.9445
    endloop
  endfacet
  facet normal 0 0.751749 -0.659449
    outer loop
      vertex 8.10754 35.0555 14.9445
      vertex 10.9282 34.8183 14.6741
      vertex 8.08626 34.8183 14.6741
    endloop
  endfacet
  facet normal 0 -0.442314 -0.89686
    outer loop
      vertex 11.2687 38.0524 15.5407
      vertex 8.40545 38.375 15.3816
      vertex 11.3026 38.375 15.3816
    endloop
  endfacet
  facet normal 0 -0.442314 -0.89686
    outer loop
      vertex 8.40545 38.375 15.3816
      vertex 11.2687 38.0524 15.5407
      vertex 8.3765 38.0524 15.5407
    endloop
  endfacet
  facet normal 0 0.0653379 -0.997863
    outer loop
      vertex 11.1201 36.6411 15.7265
      vertex 8.28205 37 15.75
      vertex 11.1579 37 15.75
    endloop
  endfacet
  facet normal 0 0.0653379 -0.997863
    outer loop
      vertex 8.28205 37 15.75
      vertex 11.1201 36.6411 15.7265
      vertex 8.24984 36.6411 15.7265
    endloop
  endfacet
  facet normal -0 0.831408 0.555662
    outer loop
      vertex 8.08626 34.8183 11.3259
      vertex 10.9072 34.6184 11.625
      vertex 10.9282 34.8183 11.3259
    endloop
  endfacet
  facet normal 0 0.831408 0.555662
    outer loop
      vertex 10.9072 34.6184 11.625
      vertex 8.08626 34.8183 11.3259
      vertex 8.06832 34.6184 11.625
    endloop
  endfacet
  facet normal 0 0.831408 -0.555662
    outer loop
      vertex 10.9072 34.6184 14.375
      vertex 8.08626 34.8183 14.6741
      vertex 10.9282 34.8183 14.6741
    endloop
  endfacet
  facet normal 0 0.831408 -0.555662
    outer loop
      vertex 8.08626 34.8183 14.6741
      vertex 10.9072 34.6184 14.375
      vertex 8.06832 34.6184 14.375
    endloop
  endfacet
  facet normal 0 0 -1
    outer loop
      vertex 9 0.5 0
      vertex 8 7 0
      vertex 10.5 1.5 0
    endloop
  endfacet
  facet normal 0 -0 -1
    outer loop
      vertex 8 7 0
      vertex 9 0.5 0
      vertex 5.5 6 0
    endloop
  endfacet
  facet normal 0 0 -1
    outer loop
      vertex 8.97432 45.3916 0
      vertex 11.9487 45.7831 0
      vertex 12 45 0
    endloop
  endfacet
  facet normal -0 0 -1
    outer loop
      vertex 11.9487 45.7831 0
      vertex 8.97432 45.3916 0
      vertex 11.7955 46.5529 0
    endloop
  endfacet
  facet normal -0 0 -1
    outer loop
      vertex 11.7955 46.5529 0
      vertex 8.89777 45.7764 0
      vertex 11.5433 47.2961 0
    endloop
  endfacet
  facet normal 0 0 -1
    outer loop
      vertex 8.77164 46.148 0
      vertex 11.5433 47.2961 0
      vertex 8.89777 45.7764 0
    endloop
  endfacet
  facet normal 0 0 -1
    outer loop
      vertex 8.59807 46.5 0
      vertex 11.1962 48 0
      vertex 8.77164 46.148 0
    endloop
  endfacet
  facet normal -0 0 -1
    outer loop
      vertex 11.1962 48 0
      vertex 8.59807 46.5 0
      vertex 10.7601 48.6526 0
    endloop
  endfacet
  facet normal 0 0 -1
    outer loop
      vertex 8.97432 45.3916 0
      vertex 12 45 0
      vertex 9 45 0
    endloop
  endfacet
  facet normal 0 0 -1
    outer loop
      vertex 8 7 0
      vertex 9 45 0
      vertex 12 45 0
    endloop
  endfacet
  facet normal 0 0 -1
    outer loop
      vertex 9 45 0
      vertex 8 7 0
      vertex 5.5 6 0
    endloop
  endfacet
  facet normal 0 0 -1
    outer loop
      vertex 11.7955 46.5529 0
      vertex 8.97432 45.3916 0
      vertex 8.89777 45.7764 0
    endloop
  endfacet
  facet normal -0 0 -1
    outer loop
      vertex 11.5433 47.2961 0
      vertex 8.77164 46.148 0
      vertex 11.1962 48 0
    endloop
  endfacet
  facet normal 0 0 -1
    outer loop
      vertex 8.38005 46.8263 0
      vertex 10.7601 48.6526 0
      vertex 8.59807 46.5 0
    endloop
  endfacet
  facet normal -0 0 -1
    outer loop
      vertex 10.7601 48.6526 0
      vertex 8.38005 46.8263 0
      vertex 10.2426 49.2426 0
    endloop
  endfacet
  facet normal 0 0 -1
    outer loop
      vertex 8.12131 47.1213 0
      vertex 10.2426 49.2426 0
      vertex 8.38005 46.8263 0
    endloop
  endfacet
  facet normal -0 0 -1
    outer loop
      vertex 10.2426 49.2426 0
      vertex 8.12131 47.1213 0
      vertex 9.65256 49.7601 0
    endloop
  endfacet
  facet normal 0 0 -1
    outer loop
      vertex 7.82628 47.3801 0
      vertex 9.65256 49.7601 0
      vertex 8.12131 47.1213 0
    endloop
  endfacet
  facet normal -0 0 -1
    outer loop
      vertex 9.65256 49.7601 0
      vertex 7.82628 47.3801 0
      vertex 9 50.1962 0
    endloop
  endfacet
  facet normal 0 0 -1
    outer loop
      vertex 7.5 47.5981 0
      vertex 9 50.1962 0
      vertex 7.82628 47.3801 0
    endloop
  endfacet
  facet normal -0 0 -1
    outer loop
      vertex 9 50.1962 0
      vertex 7.5 47.5981 0
      vertex 8.2961 50.5433 0
    endloop
  endfacet
  facet normal 0 0 -1
    outer loop
      vertex 7.14804 47.7716 0
      vertex 8.2961 50.5433 0
      vertex 7.5 47.5981 0
    endloop
  endfacet
  facet normal -0 0 -1
    outer loop
      vertex 8.2961 50.5433 0
      vertex 7.14804 47.7716 0
      vertex 7.5529 50.7955 0
    endloop
  endfacet
  facet normal 0 0 -1
    outer loop
      vertex 6.77644 47.8978 0
      vertex 7.5529 50.7955 0
      vertex 7.14804 47.7716 0
    endloop
  endfacet
  facet normal -0 0 -1
    outer loop
      vertex 7.5529 50.7955 0
      vertex 6.77644 47.8978 0
      vertex 6.78314 50.9487 0
    endloop
  endfacet
  facet normal 0 0 -1
    outer loop
      vertex 6.39157 47.9743 0
      vertex 6.78314 50.9487 0
      vertex 6.77644 47.8978 0
    endloop
  endfacet
  facet normal 0 0 -1
    outer loop
      vertex 6 48 0
      vertex 6.78314 50.9487 0
      vertex 6.39157 47.9743 0
    endloop
  endfacet
  facet normal 0 0 -1
    outer loop
      vertex 6 48 0
      vertex 6 51 0
      vertex 6.78314 50.9487 0
    endloop
  endfacet
  facet normal 0 0 -1
    outer loop
      vertex 5.60843 47.9743 0
      vertex 6 51 0
      vertex 6 48 0
    endloop
  endfacet
  facet normal 0 0 -1
    outer loop
      vertex 5.21686 50.9487 0
      vertex 5.60843 47.9743 0
      vertex 5.22356 47.8978 0
    endloop
  endfacet
  facet normal 0 0 -1
    outer loop
      vertex 5.60843 47.9743 0
      vertex 5.21686 50.9487 0
      vertex 6 51 0
    endloop
  endfacet
  facet normal 0 0 -1
    outer loop
      vertex 4.4471 50.7955 0
      vertex 5.22356 47.8978 0
      vertex 4.85196 47.7716 0
    endloop
  endfacet
  facet normal 0 0 -1
    outer loop
      vertex 3.7039 50.5433 0
      vertex 4.85196 47.7716 0
      vertex 4.5 47.5981 0
    endloop
  endfacet
  facet normal 0 0 -1
    outer loop
      vertex 5.22356 47.8978 0
      vertex 4.4471 50.7955 0
      vertex 5.21686 50.9487 0
    endloop
  endfacet
  facet normal 0 0 -1
    outer loop
      vertex 2.70645 50 0
      vertex 4.5 47.5981 0
      vertex 4.17372 47.3801 0
    endloop
  endfacet
  facet normal 0 0 -1
    outer loop
      vertex 2.70645 50 0
      vertex 4.17372 47.3801 0
      vertex 3.87869 47.1213 0
    endloop
  endfacet
  facet normal 0 0 -1
    outer loop
      vertex 4.85196 47.7716 0
      vertex 3.7039 50.5433 0
      vertex 4.4471 50.7955 0
    endloop
  endfacet
  facet normal 0 0 -1
    outer loop
      vertex 2.70645 50 0
      vertex 3.87869 47.1213 0
      vertex 3.61995 46.8263 0
    endloop
  endfacet
  facet normal 0 0 -1
    outer loop
      vertex 2.70645 50 0
      vertex 3.61995 46.8263 0
      vertex 3.40193 46.5 0
    endloop
  endfacet
  facet normal 0 0 -1
    outer loop
      vertex 0 50 0
      vertex 3.40193 46.5 0
      vertex 3.22836 46.148 0
    endloop
  endfacet
  facet normal 0 0 -1
    outer loop
      vertex 0 50 0
      vertex 3.22836 46.148 0
      vertex 3.10223 45.7764 0
    endloop
  endfacet
  facet normal 0 0 -1
    outer loop
      vertex 0 50 0
      vertex 3.10223 45.7764 0
      vertex 3.02568 45.3916 0
    endloop
  endfacet
  facet normal 0 0 -1
    outer loop
      vertex 4.5 47.5981 0
      vertex 3 50.1962 0
      vertex 3.7039 50.5433 0
    endloop
  endfacet
  facet normal 0 0 -1
    outer loop
      vertex 0 50 0
      vertex 3.02568 45.3916 0
      vertex 3 45 0
    endloop
  endfacet
  facet normal 0 0 -1
    outer loop
      vertex 0 0 0
      vertex 3 45 0
      vertex 3 0 0
    endloop
  endfacet
  facet normal 0 0 -1
    outer loop
      vertex 4.5 47.5981 0
      vertex 2.70645 50 0
      vertex 3 50.1962 0
    endloop
  endfacet
  facet normal 0 0 -1
    outer loop
      vertex 0 50 0
      vertex 3 45 0
      vertex 0 0 0
    endloop
  endfacet
  facet normal 0 0 -1
    outer loop
      vertex 3.40193 46.5 0
      vertex 0 50 0
      vertex 2.70645 50 0
    endloop
  endfacet
  facet normal 0 0 1
    outer loop
      vertex 11.9487 45.7831 26
      vertex 8.97432 45.3916 26
      vertex 9 45 26
    endloop
  endfacet
  facet normal 0 0 1
    outer loop
      vertex 9.65256 49.7601 26
      vertex 8.89777 45.7764 26
      vertex 8.97432 45.3916 26
    endloop
  endfacet
  facet normal 0 0 1
    outer loop
      vertex 9.65256 49.7601 26
      vertex 8.77164 46.148 26
      vertex 8.89777 45.7764 26
    endloop
  endfacet
  facet normal 0 0 1
    outer loop
      vertex 9.65256 49.7601 26
      vertex 8.59807 46.5 26
      vertex 8.77164 46.148 26
    endloop
  endfacet
  facet normal 0 0 1
    outer loop
      vertex 9.65256 49.7601 26
      vertex 8.38005 46.8263 26
      vertex 8.59807 46.5 26
    endloop
  endfacet
  facet normal 0 0 1
    outer loop
      vertex 7.5 47.5981 26
      vertex 9 50.1962 26
      vertex 8.2961 50.5433 26
    endloop
  endfacet
  facet normal 0 0 1
    outer loop
      vertex 9.65256 49.7601 26
      vertex 8.12131 47.1213 26
      vertex 8.38005 46.8263 26
    endloop
  endfacet
  facet normal 0 0 1
    outer loop
      vertex 9.65256 49.7601 26
      vertex 7.82628 47.3801 26
      vertex 8.12131 47.1213 26
    endloop
  endfacet
  facet normal 0 0 1
    outer loop
      vertex 7.14804 47.7716 26
      vertex 8.2961 50.5433 26
      vertex 7.5529 50.7955 26
    endloop
  endfacet
  facet normal 0 0 1
    outer loop
      vertex 9 50.1962 26
      vertex 7.5 47.5981 26
      vertex 7.82628 47.3801 26
    endloop
  endfacet
  facet normal 0 0 1
    outer loop
      vertex 8.2961 50.5433 26
      vertex 7.14804 47.7716 26
      vertex 7.5 47.5981 26
    endloop
  endfacet
  facet normal 0 0 1
    outer loop
      vertex 6.77644 47.8978 26
      vertex 7.5529 50.7955 26
      vertex 6.78314 50.9487 26
    endloop
  endfacet
  facet normal 0 0 1
    outer loop
      vertex 7.5529 50.7955 26
      vertex 6.77644 47.8978 26
      vertex 7.14804 47.7716 26
    endloop
  endfacet
  facet normal 0 0 1
    outer loop
      vertex 6.78314 50.9487 26
      vertex 6.39157 47.9743 26
      vertex 6.77644 47.8978 26
    endloop
  endfacet
  facet normal 0 0 1
    outer loop
      vertex 6 51 26
      vertex 6.39157 47.9743 26
      vertex 6.78314 50.9487 26
    endloop
  endfacet
  facet normal 0 0 1
    outer loop
      vertex 6 51 26
      vertex 6 48 26
      vertex 6.39157 47.9743 26
    endloop
  endfacet
  facet normal 0 0 1
    outer loop
      vertex 6 51 26
      vertex 5.60843 47.9743 26
      vertex 6 48 26
    endloop
  endfacet
  facet normal -0 0 1
    outer loop
      vertex 5.21686 50.9487 26
      vertex 5.60843 47.9743 26
      vertex 6 51 26
    endloop
  endfacet
  facet normal 0 0 1
    outer loop
      vertex 5.60843 47.9743 26
      vertex 5.21686 50.9487 26
      vertex 5.22356 47.8978 26
    endloop
  endfacet
  facet normal -0 0 1
    outer loop
      vertex 4.4471 50.7955 26
      vertex 5.22356 47.8978 26
      vertex 5.21686 50.9487 26
    endloop
  endfacet
  facet normal 0 0 1
    outer loop
      vertex 5.22356 47.8978 26
      vertex 4.4471 50.7955 26
      vertex 4.85196 47.7716 26
    endloop
  endfacet
  facet normal -0 0 1
    outer loop
      vertex 3.7039 50.5433 26
      vertex 4.85196 47.7716 26
      vertex 4.4471 50.7955 26
    endloop
  endfacet
  facet normal 0 0 1
    outer loop
      vertex 4.85196 47.7716 26
      vertex 3.7039 50.5433 26
      vertex 4.5 47.5981 26
    endloop
  endfacet
  facet normal -0 0 1
    outer loop
      vertex 3 50.1962 26
      vertex 4.5 47.5981 26
      vertex 3.7039 50.5433 26
    endloop
  endfacet
  facet normal -0 0 1
    outer loop
      vertex 2.70645 50 26
      vertex 4.5 47.5981 26
      vertex 3 50.1962 26
    endloop
  endfacet
  facet normal 0 0 1
    outer loop
      vertex 4.5 47.5981 26
      vertex 2.70645 50 26
      vertex 4.17372 47.3801 26
    endloop
  endfacet
  facet normal 0 0 1
    outer loop
      vertex 4.17372 47.3801 26
      vertex 2.70645 50 26
      vertex 3.87869 47.1213 26
    endloop
  endfacet
  facet normal 0 0 1
    outer loop
      vertex 3.87869 47.1213 26
      vertex 2.70645 50 26
      vertex 3.61995 46.8263 26
    endloop
  endfacet
  facet normal 0 0 1
    outer loop
      vertex 3.61995 46.8263 26
      vertex 2.70645 50 26
      vertex 3.40193 46.5 26
    endloop
  endfacet
  facet normal -0 0 1
    outer loop
      vertex 0 50 26
      vertex 3.40193 46.5 26
      vertex 2.70645 50 26
    endloop
  endfacet
  facet normal 0 0 1
    outer loop
      vertex 3.40193 46.5 26
      vertex 0 50 26
      vertex 3.22836 46.148 26
    endloop
  endfacet
  facet normal 0 0 1
    outer loop
      vertex 3.22836 46.148 26
      vertex 0 50 26
      vertex 3.10223 45.7764 26
    endloop
  endfacet
  facet normal 0 0 1
    outer loop
      vertex 3.10223 45.7764 26
      vertex 0 50 26
      vertex 3.02568 45.3916 26
    endloop
  endfacet
  facet normal 0 0 1
    outer loop
      vertex 3.02568 45.3916 26
      vertex 0 50 26
      vertex 3 45 26
    endloop
  endfacet
  facet normal 0 0 1
    outer loop
      vertex 0 0 26
      vertex 3 45 26
      vertex 0 50 26
    endloop
  endfacet
  facet normal 0 0 1
    outer loop
      vertex 3 45 26
      vertex 0 0 26
      vertex 3 0 26
    endloop
  endfacet
  facet normal 0 0 1
    outer loop
      vertex 8.97432 45.3916 26
      vertex 11.9487 45.7831 26
      vertex 11.7955 46.5529 26
    endloop
  endfacet
  facet normal 0 0 1
    outer loop
      vertex 8.97432 45.3916 26
      vertex 11.7955 46.5529 26
      vertex 11.5433 47.2961 26
    endloop
  endfacet
  facet normal 0 0 1
    outer loop
      vertex 8.97432 45.3916 26
      vertex 11.5433 47.2961 26
      vertex 11.1962 48 26
    endloop
  endfacet
  facet normal 0 0 1
    outer loop
      vertex 8.97432 45.3916 26
      vertex 11.1962 48 26
      vertex 10.7601 48.6526 26
    endloop
  endfacet
  facet normal 0 0 1
    outer loop
      vertex 8.97432 45.3916 26
      vertex 10.7601 48.6526 26
      vertex 10.2426 49.2426 26
    endloop
  endfacet
  facet normal 0 0 1
    outer loop
      vertex 8.97432 45.3916 26
      vertex 10.2426 49.2426 26
      vertex 9.65256 49.7601 26
    endloop
  endfacet
  facet normal 0 0 1
    outer loop
      vertex 7.82628 47.3801 26
      vertex 9.65256 49.7601 26
      vertex 9 50.1962 26
    endloop
  endfacet
  facet normal 0 0 1
    outer loop
      vertex 11.9487 45.7831 26
      vertex 9 45 26
      vertex 12 45 26
    endloop
  endfacet
  facet normal -0 0 1
    outer loop
      vertex 9 45 26
      vertex 8 7 26
      vertex 12 45 26
    endloop
  endfacet
  facet normal 0 -0 1
    outer loop
      vertex 8 7 26
      vertex 9 45 26
      vertex 5.5 6 26
    endloop
  endfacet
  facet normal 0 0 1
    outer loop
      vertex 8 7 26
      vertex 9 0.5 26
      vertex 10.5 1.5 26
    endloop
  endfacet
  facet normal 0 0 1
    outer loop
      vertex 9 0.5 26
      vertex 8 7 26
      vertex 5.5 6 26
    endloop
  endfacet
  facet normal 0.980766 0.195185 0
    outer loop
      vertex 11.9487 45.7831 26
      vertex 11.7955 46.5529 0
      vertex 11.7955 46.5529 26
    endloop
  endfacet
  facet normal 0.980766 0.195185 0
    outer loop
      vertex 11.7955 46.5529 0
      vertex 11.9487 45.7831 26
      vertex 11.9487 45.7831 0
    endloop
  endfacet
  facet normal 0.946962 0.321345 0
    outer loop
      vertex 11.7955 46.5529 26
      vertex 11.5433 47.2961 0
      vertex 11.5433 47.2961 26
    endloop
  endfacet
  facet normal 0.946962 0.321345 0
    outer loop
      vertex 11.5433 47.2961 0
      vertex 11.7955 46.5529 26
      vertex 11.7955 46.5529 0
    endloop
  endfacet
  facet normal 0.896885 0.442263 0
    outer loop
      vertex 11.5433 47.2961 26
      vertex 11.1962 48 0
      vertex 11.1962 48 26
    endloop
  endfacet
  facet normal 0.896885 0.442263 0
    outer loop
      vertex 11.1962 48 0
      vertex 11.5433 47.2961 26
      vertex 11.5433 47.2961 0
    endloop
  endfacet
  facet normal 0.831442 0.555611 0
    outer loop
      vertex 11.1962 48 26
      vertex 10.7601 48.6526 0
      vertex 10.7601 48.6526 26
    endloop
  endfacet
  facet normal 0.831442 0.555611 0
    outer loop
      vertex 10.7601 48.6526 0
      vertex 11.1962 48 26
      vertex 11.1962 48 0
    endloop
  endfacet
  facet normal 0.751787 0.659406 0
    outer loop
      vertex 10.7601 48.6526 26
      vertex 10.2426 49.2426 0
      vertex 10.2426 49.2426 26
    endloop
  endfacet
  facet normal 0.751787 0.659406 0
    outer loop
      vertex 10.2426 49.2426 0
      vertex 10.7601 48.6526 26
      vertex 10.7601 48.6526 0
    endloop
  endfacet
  facet normal 0.659381 0.751809 -0
    outer loop
      vertex 10.2426 49.2426 0
      vertex 9.65256 49.7601 26
      vertex 10.2426 49.2426 26
    endloop
  endfacet
  facet normal 0.659381 0.751809 0
    outer loop
      vertex 9.65256 49.7601 26
      vertex 10.2426 49.2426 0
      vertex 9.65256 49.7601 0
    endloop
  endfacet
  facet normal 0.555635 0.831426 -0
    outer loop
      vertex 9.65256 49.7601 0
      vertex 9 50.1962 26
      vertex 9.65256 49.7601 26
    endloop
  endfacet
  facet normal 0.555635 0.831426 0
    outer loop
      vertex 9 50.1962 26
      vertex 9.65256 49.7601 0
      vertex 9 50.1962 0
    endloop
  endfacet
  facet normal 0.442263 0.896885 -0
    outer loop
      vertex 9 50.1962 0
      vertex 8.2961 50.5433 26
      vertex 9 50.1962 26
    endloop
  endfacet
  facet normal 0.442263 0.896885 0
    outer loop
      vertex 8.2961 50.5433 26
      vertex 9 50.1962 0
      vertex 8.2961 50.5433 0
    endloop
  endfacet
  facet normal 0.321345 0.946962 -0
    outer loop
      vertex 8.2961 50.5433 0
      vertex 7.5529 50.7955 26
      vertex 8.2961 50.5433 26
    endloop
  endfacet
  facet normal 0.321345 0.946962 0
    outer loop
      vertex 7.5529 50.7955 26
      vertex 8.2961 50.5433 0
      vertex 7.5529 50.7955 0
    endloop
  endfacet
  facet normal 0.195195 0.980764 -0
    outer loop
      vertex 7.5529 50.7955 0
      vertex 6.78314 50.9487 26
      vertex 7.5529 50.7955 26
    endloop
  endfacet
  facet normal 0.195195 0.980764 0
    outer loop
      vertex 6.78314 50.9487 26
      vertex 7.5529 50.7955 0
      vertex 6.78314 50.9487 0
    endloop
  endfacet
  facet normal 0.0653654 0.997861 -0
    outer loop
      vertex 6.78314 50.9487 0
      vertex 6 51 26
      vertex 6.78314 50.9487 26
    endloop
  endfacet
  facet normal 0.0653654 0.997861 0
    outer loop
      vertex 6 51 26
      vertex 6.78314 50.9487 0
      vertex 6 51 0
    endloop
  endfacet
  facet normal -0.0653654 0.997861 0
    outer loop
      vertex 6 51 0
      vertex 5.21686 50.9487 26
      vertex 6 51 26
    endloop
  endfacet
  facet normal -0.0653654 0.997861 0
    outer loop
      vertex 5.21686 50.9487 26
      vertex 6 51 0
      vertex 5.21686 50.9487 0
    endloop
  endfacet
  facet normal -0.195195 0.980764 0
    outer loop
      vertex 5.21686 50.9487 0
      vertex 4.4471 50.7955 26
      vertex 5.21686 50.9487 26
    endloop
  endfacet
  facet normal -0.195195 0.980764 0
    outer loop
      vertex 4.4471 50.7955 26
      vertex 5.21686 50.9487 0
      vertex 4.4471 50.7955 0
    endloop
  endfacet
  facet normal -0.321345 0.946962 0
    outer loop
      vertex 4.4471 50.7955 0
      vertex 3.7039 50.5433 26
      vertex 4.4471 50.7955 26
    endloop
  endfacet
  facet normal -0.321345 0.946962 0
    outer loop
      vertex 3.7039 50.5433 26
      vertex 4.4471 50.7955 0
      vertex 3.7039 50.5433 0
    endloop
  endfacet
  facet normal -0.442263 0.896885 0
    outer loop
      vertex 3.7039 50.5433 0
      vertex 3 50.1962 26
      vertex 3.7039 50.5433 26
    endloop
  endfacet
  facet normal -0.442263 0.896885 0
    outer loop
      vertex 3 50.1962 26
      vertex 3.7039 50.5433 0
      vertex 3 50.1962 0
    endloop
  endfacet
  facet normal -0.55568 0.831396 0
    outer loop
      vertex 3 50.1962 0
      vertex 2.70645 50 26
      vertex 3 50.1962 26
    endloop
  endfacet
  facet normal -0.55568 0.831396 0
    outer loop
      vertex 2.70645 50 26
      vertex 3 50.1962 0
      vertex 2.70645 50 0
    endloop
  endfacet
  facet normal 0 1 -0
    outer loop
      vertex 2.70645 50 0
      vertex 0 50 26
      vertex 2.70645 50 26
    endloop
  endfacet
  facet normal 0 1 0
    outer loop
      vertex 0 50 26
      vertex 2.70645 50 0
      vertex 0 50 0
    endloop
  endfacet
  facet normal -1 0 0
    outer loop
      vertex 0 50 0
      vertex 0 38.2 13
      vertex 0 50 26
    endloop
  endfacet
  facet normal -1 0 0
    outer loop
      vertex 0 50 0
      vertex 0 38.1897 12.8434
      vertex 0 38.2 13
    endloop
  endfacet
  facet normal -1 0 0
    outer loop
      vertex 0 50 0
      vertex 0 38.1591 12.6894
      vertex 0 38.1897 12.8434
    endloop
  endfacet
  facet normal -1 0 0
    outer loop
      vertex 0 50 0
      vertex 0 38.1087 12.5408
      vertex 0 38.1591 12.6894
    endloop
  endfacet
  facet normal -1 0 0
    outer loop
      vertex 0 50 0
      vertex 0 38.0392 12.4
      vertex 0 38.1087 12.5408
    endloop
  endfacet
  facet normal -1 0 0
    outer loop
      vertex 0 50 0
      vertex 0 37.952 12.2695
      vertex 0 38.0392 12.4
    endloop
  endfacet
  facet normal -1 0 0
    outer loop
      vertex 0 50 0
      vertex 0 37.8485 12.1515
      vertex 0 37.952 12.2695
    endloop
  endfacet
  facet normal -1 0 0
    outer loop
      vertex 0 50 0
      vertex 0 37.7305 12.048
      vertex 0 37.8485 12.1515
    endloop
  endfacet
  facet normal -1 0 0
    outer loop
      vertex 0 50 0
      vertex 0 37.6 11.9608
      vertex 0 37.7305 12.048
    endloop
  endfacet
  facet normal -1 0 0
    outer loop
      vertex 0 50 0
      vertex 0 37.4592 11.8913
      vertex 0 37.6 11.9608
    endloop
  endfacet
  facet normal -1 0 0
    outer loop
      vertex 0 50 0
      vertex 0 37.3106 11.8409
      vertex 0 37.4592 11.8913
    endloop
  endfacet
  facet normal -1 0 0
    outer loop
      vertex 0 50 0
      vertex 0 37.1566 11.8103
      vertex 0 37.3106 11.8409
    endloop
  endfacet
  facet normal -1 0 0
    outer loop
      vertex 0 50 0
      vertex 0 37 11.8
      vertex 0 37.1566 11.8103
    endloop
  endfacet
  facet normal -1 0 0
    outer loop
      vertex 0 50 0
      vertex 0 36.8434 11.8103
      vertex 0 37 11.8
    endloop
  endfacet
  facet normal -1 0 0
    outer loop
      vertex 0 50 0
      vertex 0 36.6894 11.8409
      vertex 0 36.8434 11.8103
    endloop
  endfacet
  facet normal -1 0 0
    outer loop
      vertex 0 50 0
      vertex 0 36.5408 11.8913
      vertex 0 36.6894 11.8409
    endloop
  endfacet
  facet normal -1 0 0
    outer loop
      vertex 0 15.4592 11.8913
      vertex 0 36.5408 11.8913
      vertex 0 50 0
    endloop
  endfacet
  facet normal -1 0 0
    outer loop
      vertex 0 36.5408 11.8913
      vertex 0 15.4592 11.8913
      vertex 0 36.4 11.9608
    endloop
  endfacet
  facet normal -1 0 -0
    outer loop
      vertex 0 15.6 11.9608
      vertex 0 36.4 11.9608
      vertex 0 15.4592 11.8913
    endloop
  endfacet
  facet normal -1 0 0
    outer loop
      vertex 0 35.8103 12.8434
      vertex 0 16.2 13
      vertex 0 35.8 13
    endloop
  endfacet
  facet normal -1 0 0
    outer loop
      vertex 0 16.1897 12.8434
      vertex 0 35.8103 12.8434
      vertex 0 35.8409 12.6894
    endloop
  endfacet
  facet normal -1 0 0
    outer loop
      vertex 0 16.1591 12.6894
      vertex 0 35.8409 12.6894
      vertex 0 35.8913 12.5408
    endloop
  endfacet
  facet normal -1 0 0
    outer loop
      vertex 0 16.1087 12.5408
      vertex 0 35.8913 12.5408
      vertex 0 35.9608 12.4
    endloop
  endfacet
  facet normal -1 0 0
    outer loop
      vertex 0 16.0392 12.4
      vertex 0 35.9608 12.4
      vertex 0 36.048 12.2695
    endloop
  endfacet
  facet normal -1 0 0
    outer loop
      vertex 0 15.952 12.2695
      vertex 0 36.048 12.2695
      vertex 0 36.1515 12.1515
    endloop
  endfacet
  facet normal -1 0 0
    outer loop
      vertex 0 36.4 11.9608
      vertex 0 15.6 11.9608
      vertex 0 36.2695 12.048
    endloop
  endfacet
  facet normal -1 0 0
    outer loop
      vertex 0 35.8103 12.8434
      vertex 0 16.1897 12.8434
      vertex 0 16.2 13
    endloop
  endfacet
  facet normal -1 0 0
    outer loop
      vertex 0 35.8409 12.6894
      vertex 0 16.1591 12.6894
      vertex 0 16.1897 12.8434
    endloop
  endfacet
  facet normal -1 0 0
    outer loop
      vertex 0 35.8913 12.5408
      vertex 0 16.1087 12.5408
      vertex 0 16.1591 12.6894
    endloop
  endfacet
  facet normal -1 0 0
    outer loop
      vertex 0 35.9608 12.4
      vertex 0 16.0392 12.4
      vertex 0 16.1087 12.5408
    endloop
  endfacet
  facet normal -1 0 0
    outer loop
      vertex 0 36.048 12.2695
      vertex 0 15.952 12.2695
      vertex 0 16.0392 12.4
    endloop
  endfacet
  facet normal -1 0 0
    outer loop
      vertex 0 36.1515 12.1515
      vertex 0 15.8485 12.1515
      vertex 0 15.952 12.2695
    endloop
  endfacet
  facet normal -1 -0 0
    outer loop
      vertex 0 36.1515 12.1515
      vertex 0 15.7305 12.048
      vertex 0 15.8485 12.1515
    endloop
  endfacet
  facet normal -1 0 0
    outer loop
      vertex 0 36.2695 12.048
      vertex 0 15.7305 12.048
      vertex 0 36.1515 12.1515
    endloop
  endfacet
  facet normal -1 0 -0
    outer loop
      vertex 0 15.7305 12.048
      vertex 0 36.2695 12.048
      vertex 0 15.6 11.9608
    endloop
  endfacet
  facet normal -1 0 0
    outer loop
      vertex 0 50 0
      vertex 0 15.3106 11.8409
      vertex 0 15.4592 11.8913
    endloop
  endfacet
  facet normal -1 0 0
    outer loop
      vertex 0 0 0
      vertex 0 15.3106 11.8409
      vertex 0 50 0
    endloop
  endfacet
  facet normal -1 0 0
    outer loop
      vertex 0 15.3106 11.8409
      vertex 0 0 0
      vertex 0 15.1566 11.8103
    endloop
  endfacet
  facet normal -1 0 0
    outer loop
      vertex 0 15.1566 11.8103
      vertex 0 0 0
      vertex 0 15 11.8
    endloop
  endfacet
  facet normal -1 -0 0
    outer loop
      vertex 0 15 11.8
      vertex 0 0 0
      vertex 0 14.8434 11.8103
    endloop
  endfacet
  facet normal -1 -0 0
    outer loop
      vertex 0 13.8103 12.8434
      vertex 0 0 0
      vertex 0 13.8 13
    endloop
  endfacet
  facet normal -1 -0 0
    outer loop
      vertex 0 13.8409 12.6894
      vertex 0 0 0
      vertex 0 13.8103 12.8434
    endloop
  endfacet
  facet normal -1 -0 0
    outer loop
      vertex 0 13.8913 12.5408
      vertex 0 0 0
      vertex 0 13.8409 12.6894
    endloop
  endfacet
  facet normal -1 -0 0
    outer loop
      vertex 0 13.9608 12.4
      vertex 0 0 0
      vertex 0 13.8913 12.5408
    endloop
  endfacet
  facet normal -1 -0 0
    outer loop
      vertex 0 14.048 12.2695
      vertex 0 0 0
      vertex 0 13.9608 12.4
    endloop
  endfacet
  facet normal -1 -0 0
    outer loop
      vertex 0 14.1515 12.1515
      vertex 0 0 0
      vertex 0 14.048 12.2695
    endloop
  endfacet
  facet normal -1 -0 0
    outer loop
      vertex 0 14.2695 12.048
      vertex 0 0 0
      vertex 0 14.1515 12.1515
    endloop
  endfacet
  facet normal -1 -0 0
    outer loop
      vertex 0 14.4 11.9608
      vertex 0 0 0
      vertex 0 14.2695 12.048
    endloop
  endfacet
  facet normal -1 -0 0
    outer loop
      vertex 0 14.5408 11.8913
      vertex 0 0 0
      vertex 0 14.4 11.9608
    endloop
  endfacet
  facet normal -1 -0 0
    outer loop
      vertex 0 14.6894 11.8409
      vertex 0 0 0
      vertex 0 14.5408 11.8913
    endloop
  endfacet
  facet normal -1 -0 0
    outer loop
      vertex 0 14.8434 11.8103
      vertex 0 0 0
      vertex 0 14.6894 11.8409
    endloop
  endfacet
  facet normal -1 0 0
    outer loop
      vertex 0 38.1897 13.1566
      vertex 0 50 26
      vertex 0 38.2 13
    endloop
  endfacet
  facet normal -1 0 0
    outer loop
      vertex 0 38.1591 13.3106
      vertex 0 50 26
      vertex 0 38.1897 13.1566
    endloop
  endfacet
  facet normal -1 0 0
    outer loop
      vertex 0 38.1087 13.4592
      vertex 0 50 26
      vertex 0 38.1591 13.3106
    endloop
  endfacet
  facet normal -1 0 0
    outer loop
      vertex 0 38.0392 13.6
      vertex 0 50 26
      vertex 0 38.1087 13.4592
    endloop
  endfacet
  facet normal -1 0 0
    outer loop
      vertex 0 37.952 13.7305
      vertex 0 50 26
      vertex 0 38.0392 13.6
    endloop
  endfacet
  facet normal -1 0 0
    outer loop
      vertex 0 37.8485 13.8485
      vertex 0 50 26
      vertex 0 37.952 13.7305
    endloop
  endfacet
  facet normal -1 0 0
    outer loop
      vertex 0 37.7305 13.952
      vertex 0 50 26
      vertex 0 37.8485 13.8485
    endloop
  endfacet
  facet normal -1 0 0
    outer loop
      vertex 0 37.6 14.0392
      vertex 0 50 26
      vertex 0 37.7305 13.952
    endloop
  endfacet
  facet normal -1 0 0
    outer loop
      vertex 0 37.4592 14.1087
      vertex 0 50 26
      vertex 0 37.6 14.0392
    endloop
  endfacet
  facet normal -1 0 0
    outer loop
      vertex 0 37.3106 14.1591
      vertex 0 50 26
      vertex 0 37.4592 14.1087
    endloop
  endfacet
  facet normal -1 0 0
    outer loop
      vertex 0 37.1566 14.1897
      vertex 0 50 26
      vertex 0 37.3106 14.1591
    endloop
  endfacet
  facet normal -1 0 0
    outer loop
      vertex 0 37 14.2
      vertex 0 50 26
      vertex 0 37.1566 14.1897
    endloop
  endfacet
  facet normal -1 0 0
    outer loop
      vertex 0 36.8434 14.1897
      vertex 0 50 26
      vertex 0 37 14.2
    endloop
  endfacet
  facet normal -1 0 0
    outer loop
      vertex 0 36.6894 14.1591
      vertex 0 50 26
      vertex 0 36.8434 14.1897
    endloop
  endfacet
  facet normal -1 0 0
    outer loop
      vertex 0 36.5408 14.1087
      vertex 0 50 26
      vertex 0 36.6894 14.1591
    endloop
  endfacet
  facet normal -1 0 0
    outer loop
      vertex 0 15.4592 14.1087
      vertex 0 36.5408 14.1087
      vertex 0 36.4 14.0392
    endloop
  endfacet
  facet normal -1 0 0
    outer loop
      vertex 0 15.6 14.0392
      vertex 0 36.4 14.0392
      vertex 0 36.2695 13.952
    endloop
  endfacet
  facet normal -1 0 0
    outer loop
      vertex 0 15.7305 13.952
      vertex 0 36.2695 13.952
      vertex 0 36.1515 13.8485
    endloop
  endfacet
  facet normal -1 0 0
    outer loop
      vertex 0 16.2 13
      vertex 0 35.8103 13.1566
      vertex 0 35.8 13
    endloop
  endfacet
  facet normal -1 0 0
    outer loop
      vertex 0 16.1897 13.1566
      vertex 0 35.8103 13.1566
      vertex 0 16.2 13
    endloop
  endfacet
  facet normal -1 0 0
    outer loop
      vertex 0 35.8103 13.1566
      vertex 0 16.1897 13.1566
      vertex 0 35.8409 13.3106
    endloop
  endfacet
  facet normal -1 0 0
    outer loop
      vertex 0 16.1591 13.3106
      vertex 0 35.8409 13.3106
      vertex 0 16.1897 13.1566
    endloop
  endfacet
  facet normal -1 0 0
    outer loop
      vertex 0 35.8409 13.3106
      vertex 0 16.1591 13.3106
      vertex 0 35.8913 13.4592
    endloop
  endfacet
  facet normal -1 0 0
    outer loop
      vertex 0 16.1087 13.4592
      vertex 0 35.8913 13.4592
      vertex 0 16.1591 13.3106
    endloop
  endfacet
  facet normal -1 0 0
    outer loop
      vertex 0 35.8913 13.4592
      vertex 0 16.1087 13.4592
      vertex 0 35.9608 13.6
    endloop
  endfacet
  facet normal -1 0 0
    outer loop
      vertex 0 16.0392 13.6
      vertex 0 35.9608 13.6
      vertex 0 16.1087 13.4592
    endloop
  endfacet
  facet normal -1 0 0
    outer loop
      vertex 0 35.9608 13.6
      vertex 0 16.0392 13.6
      vertex 0 36.048 13.7305
    endloop
  endfacet
  facet normal -1 0 0
    outer loop
      vertex 0 15.952 13.7305
      vertex 0 36.048 13.7305
      vertex 0 16.0392 13.6
    endloop
  endfacet
  facet normal -1 0 0
    outer loop
      vertex 0 36.048 13.7305
      vertex 0 15.952 13.7305
      vertex 0 36.1515 13.8485
    endloop
  endfacet
  facet normal -1 0 0
    outer loop
      vertex 0 15.8485 13.8485
      vertex 0 36.1515 13.8485
      vertex 0 15.952 13.7305
    endloop
  endfacet
  facet normal -1 0 0
    outer loop
      vertex 0 15.7305 13.952
      vertex 0 36.1515 13.8485
      vertex 0 15.8485 13.8485
    endloop
  endfacet
  facet normal -1 0 0
    outer loop
      vertex 0 36.2695 13.952
      vertex 0 15.7305 13.952
      vertex 0 15.6 14.0392
    endloop
  endfacet
  facet normal -1 0 0
    outer loop
      vertex 0 36.4 14.0392
      vertex 0 15.6 14.0392
      vertex 0 15.4592 14.1087
    endloop
  endfacet
  facet normal -1 0 0
    outer loop
      vertex 0 36.5408 14.1087
      vertex 0 15.4592 14.1087
      vertex 0 50 26
    endloop
  endfacet
  facet normal -1 0 0
    outer loop
      vertex 0 15.3106 14.1591
      vertex 0 50 26
      vertex 0 15.4592 14.1087
    endloop
  endfacet
  facet normal -1 0 0
    outer loop
      vertex 0 0 26
      vertex 0 15.3106 14.1591
      vertex 0 15.1566 14.1897
    endloop
  endfacet
  facet normal -1 0 0
    outer loop
      vertex 0 0 26
      vertex 0 15.1566 14.1897
      vertex 0 15 14.2
    endloop
  endfacet
  facet normal -1 0 0
    outer loop
      vertex 0 0 26
      vertex 0 15 14.2
      vertex 0 14.8434 14.1897
    endloop
  endfacet
  facet normal -1 0 0
    outer loop
      vertex 0 0 26
      vertex 0 14.8434 14.1897
      vertex 0 14.6894 14.1591
    endloop
  endfacet
  facet normal -1 0 0
    outer loop
      vertex 0 0 26
      vertex 0 13.8 13
      vertex 0 0 0
    endloop
  endfacet
  facet normal -1 0 0
    outer loop
      vertex 0 13.8 13
      vertex 0 0 26
      vertex 0 13.8103 13.1566
    endloop
  endfacet
  facet normal -1 0 0
    outer loop
      vertex 0 13.8103 13.1566
      vertex 0 0 26
      vertex 0 13.8409 13.3106
    endloop
  endfacet
  facet normal -1 0 0
    outer loop
      vertex 0 13.8409 13.3106
      vertex 0 0 26
      vertex 0 13.8913 13.4592
    endloop
  endfacet
  facet normal -1 0 0
    outer loop
      vertex 0 13.8913 13.4592
      vertex 0 0 26
      vertex 0 13.9608 13.6
    endloop
  endfacet
  facet normal -1 0 0
    outer loop
      vertex 0 13.9608 13.6
      vertex 0 0 26
      vertex 0 14.048 13.7305
    endloop
  endfacet
  facet normal -1 0 0
    outer loop
      vertex 0 15.3106 14.1591
      vertex 0 0 26
      vertex 0 50 26
    endloop
  endfacet
  facet normal -1 0 0
    outer loop
      vertex 0 14.5408 14.1087
      vertex 0 0 26
      vertex 0 14.6894 14.1591
    endloop
  endfacet
  facet normal -1 0 0
    outer loop
      vertex 0 14.4 14.0392
      vertex 0 0 26
      vertex 0 14.5408 14.1087
    endloop
  endfacet
  facet normal -1 0 0
    outer loop
      vertex 0 14.2695 13.952
      vertex 0 0 26
      vertex 0 14.4 14.0392
    endloop
  endfacet
  facet normal -1 0 0
    outer loop
      vertex 0 14.1515 13.8485
      vertex 0 0 26
      vertex 0 14.2695 13.952
    endloop
  endfacet
  facet normal -1 0 0
    outer loop
      vertex 0 14.048 13.7305
      vertex 0 0 26
      vertex 0 14.1515 13.8485
    endloop
  endfacet
  facet normal 0 -1 0
    outer loop
      vertex 0 0 0
      vertex 3 0 26
      vertex 0 0 26
    endloop
  endfacet
  facet normal 0 -1 -0
    outer loop
      vertex 3 0 26
      vertex 0 0 0
      vertex 3 0 0
    endloop
  endfacet
  facet normal 1 0 0
    outer loop
      vertex 3 45 26
      vertex 3 39.4908 13
      vertex 3 45 0
    endloop
  endfacet
  facet normal 1 0 0
    outer loop
      vertex 3 45 26
      vertex 3 39.4695 13.324
      vertex 3 39.4908 13
    endloop
  endfacet
  facet normal 1 0 0
    outer loop
      vertex 3 45 26
      vertex 3 39.4695 13.3251
      vertex 3 39.4695 13.324
    endloop
  endfacet
  facet normal 1 0 0
    outer loop
      vertex 3 45 26
      vertex 3 39.4061 13.6436
      vertex 3 39.4695 13.3251
    endloop
  endfacet
  facet normal 1 0 0
    outer loop
      vertex 3 45 26
      vertex 3 39.4059 13.6447
      vertex 3 39.4061 13.6436
    endloop
  endfacet
  facet normal 1 0 0
    outer loop
      vertex 3 45 26
      vertex 3 39.4056 13.6457
      vertex 3 39.4059 13.6447
    endloop
  endfacet
  facet normal 1 0 0
    outer loop
      vertex 3 45 26
      vertex 3 39.3012 13.9532
      vertex 3 39.4056 13.6457
    endloop
  endfacet
  facet normal 1 0 0
    outer loop
      vertex 3 45 26
      vertex 3 39.1576 14.2444
      vertex 3 39.3012 13.9532
    endloop
  endfacet
  facet normal 1 0 0
    outer loop
      vertex 3 45 26
      vertex 3 39.1571 14.2454
      vertex 3 39.1576 14.2444
    endloop
  endfacet
  facet normal 1 0 0
    outer loop
      vertex 3 45 26
      vertex 3 38.9767 14.5154
      vertex 3 39.1571 14.2454
    endloop
  endfacet
  facet normal 1 0 0
    outer loop
      vertex 3 45 26
      vertex 3 38.9761 14.5163
      vertex 3 38.9767 14.5154
    endloop
  endfacet
  facet normal 1 0 0
    outer loop
      vertex 3 45 26
      vertex 3 38.762 14.7604
      vertex 3 38.9761 14.5163
    endloop
  endfacet
  facet normal 1 0 0
    outer loop
      vertex 3 45 26
      vertex 3 38.7612 14.7612
      vertex 3 38.762 14.7604
    endloop
  endfacet
  facet normal 1 0 0
    outer loop
      vertex 3 45 26
      vertex 3 38.7604 14.762
      vertex 3 38.7612 14.7612
    endloop
  endfacet
  facet normal 1 0 0
    outer loop
      vertex 3 45 26
      vertex 3 38.5163 14.9761
      vertex 3 38.7604 14.762
    endloop
  endfacet
  facet normal 1 0 0
    outer loop
      vertex 3 45 26
      vertex 3 38.5154 14.9767
      vertex 3 38.5163 14.9761
    endloop
  endfacet
  facet normal 1 0 0
    outer loop
      vertex 3 45 26
      vertex 3 38.2454 15.1571
      vertex 3 38.5154 14.9767
    endloop
  endfacet
  facet normal 1 0 0
    outer loop
      vertex 3 45 26
      vertex 3 38.2444 15.1576
      vertex 3 38.2454 15.1571
    endloop
  endfacet
  facet normal 1 0 0
    outer loop
      vertex 3 45 26
      vertex 3 37.9532 15.3012
      vertex 3 38.2444 15.1576
    endloop
  endfacet
  facet normal 1 0 0
    outer loop
      vertex 3 45 26
      vertex 3 37.6457 15.4056
      vertex 3 37.9532 15.3012
    endloop
  endfacet
  facet normal 1 0 0
    outer loop
      vertex 3 45 26
      vertex 3 37.6447 15.4059
      vertex 3 37.6457 15.4056
    endloop
  endfacet
  facet normal 1 0 0
    outer loop
      vertex 3 45 26
      vertex 3 37.6436 15.4061
      vertex 3 37.6447 15.4059
    endloop
  endfacet
  facet normal 1 0 0
    outer loop
      vertex 3 45 26
      vertex 3 37.3251 15.4695
      vertex 3 37.6436 15.4061
    endloop
  endfacet
  facet normal 1 0 0
    outer loop
      vertex 3 45 26
      vertex 3 37.324 15.4695
      vertex 3 37.3251 15.4695
    endloop
  endfacet
  facet normal 1 0 0
    outer loop
      vertex 3 45 26
      vertex 3 37 15.4908
      vertex 3 37.324 15.4695
    endloop
  endfacet
  facet normal 1 0 0
    outer loop
      vertex 3 45 26
      vertex 3 36.676 15.4695
      vertex 3 37 15.4908
    endloop
  endfacet
  facet normal 1 0 0
    outer loop
      vertex 3 45 26
      vertex 3 36.6749 15.4695
      vertex 3 36.676 15.4695
    endloop
  endfacet
  facet normal 1 0 0
    outer loop
      vertex 3 45 26
      vertex 3 36.3564 15.4061
      vertex 3 36.6749 15.4695
    endloop
  endfacet
  facet normal 1 0 0
    outer loop
      vertex 3 45 26
      vertex 3 36.3553 15.4059
      vertex 3 36.3564 15.4061
    endloop
  endfacet
  facet normal 1 0 0
    outer loop
      vertex 3 45 26
      vertex 3 36.3543 15.4056
      vertex 3 36.3553 15.4059
    endloop
  endfacet
  facet normal 1 0 0
    outer loop
      vertex 3 45 26
      vertex 3 36.0468 15.3012
      vertex 3 36.3543 15.4056
    endloop
  endfacet
  facet normal 1 0 0
    outer loop
      vertex 3 45 26
      vertex 3 35.7556 15.1576
      vertex 3 36.0468 15.3012
    endloop
  endfacet
  facet normal 1 0 0
    outer loop
      vertex 3 45 26
      vertex 3 35.7546 15.1571
      vertex 3 35.7556 15.1576
    endloop
  endfacet
  facet normal 1 0 0
    outer loop
      vertex 3 16.2454 15.1571
      vertex 3 35.7546 15.1571
      vertex 3 45 26
    endloop
  endfacet
  facet normal 1 0 0
    outer loop
      vertex 3 35.7546 15.1571
      vertex 3 16.2454 15.1571
      vertex 3 35.4846 14.9767
    endloop
  endfacet
  facet normal 1 0 0
    outer loop
      vertex 3 35.4846 14.9767
      vertex 3 16.2454 15.1571
      vertex 3 35.4837 14.9761
    endloop
  endfacet
  facet normal 1 -0 -0
    outer loop
      vertex 3 16.5154 14.9767
      vertex 3 35.4837 14.9761
      vertex 3 16.2454 15.1571
    endloop
  endfacet
  facet normal 1 0 -0
    outer loop
      vertex 3 16.5163 14.9761
      vertex 3 35.4837 14.9761
      vertex 3 16.5154 14.9767
    endloop
  endfacet
  facet normal 1 0 0
    outer loop
      vertex 3 35.4837 14.9761
      vertex 3 16.5163 14.9761
      vertex 3 35.2396 14.762
    endloop
  endfacet
  facet normal 1 0 0
    outer loop
      vertex 3 16.9767 14.5154
      vertex 3 35.0233 14.5154
      vertex 3 35.0239 14.5163
    endloop
  endfacet
  facet normal 1 0 0
    outer loop
      vertex 3 17.4056 13.6457
      vertex 3 34.5944 13.6457
      vertex 3 34.6988 13.9532
    endloop
  endfacet
  facet normal 1 0 0
    outer loop
      vertex 3 17.4695 13.324
      vertex 3 34.5305 13.324
      vertex 3 34.5305 13.3251
    endloop
  endfacet
  facet normal 1 0 0
    outer loop
      vertex 3 34.5305 13.324
      vertex 3 17.4908 13
      vertex 3 34.5092 13
    endloop
  endfacet
  facet normal 1 0 0
    outer loop
      vertex 3 17.4695 13.3251
      vertex 3 34.5305 13.3251
      vertex 3 34.5939 13.6436
    endloop
  endfacet
  facet normal 1 0 0
    outer loop
      vertex 3 17.4061 13.6436
      vertex 3 34.5939 13.6436
      vertex 3 34.5941 13.6447
    endloop
  endfacet
  facet normal 1 0 0
    outer loop
      vertex 3 34.5944 13.6457
      vertex 3 17.4056 13.6457
      vertex 3 34.5941 13.6447
    endloop
  endfacet
  facet normal 1 0 0
    outer loop
      vertex 3 17.3012 13.9532
      vertex 3 34.6988 13.9532
      vertex 3 34.8424 14.2444
    endloop
  endfacet
  facet normal 1 0 0
    outer loop
      vertex 3 17.1576 14.2444
      vertex 3 34.8424 14.2444
      vertex 3 34.8429 14.2454
    endloop
  endfacet
  facet normal 1 0 0
    outer loop
      vertex 3 35.0233 14.5154
      vertex 3 17.1571 14.2454
      vertex 3 34.8429 14.2454
    endloop
  endfacet
  facet normal 1 0 -0
    outer loop
      vertex 3 16.7604 14.762
      vertex 3 35.2396 14.762
      vertex 3 16.5163 14.9761
    endloop
  endfacet
  facet normal 1 0 0
    outer loop
      vertex 3 34.5305 13.324
      vertex 3 17.4695 13.324
      vertex 3 17.4908 13
    endloop
  endfacet
  facet normal 1 0 0
    outer loop
      vertex 3 34.5305 13.3251
      vertex 3 17.4695 13.3251
      vertex 3 17.4695 13.324
    endloop
  endfacet
  facet normal 1 0 0
    outer loop
      vertex 3 34.5939 13.6436
      vertex 3 17.4061 13.6436
      vertex 3 17.4695 13.3251
    endloop
  endfacet
  facet normal 1 0 0
    outer loop
      vertex 3 34.5941 13.6447
      vertex 3 17.4059 13.6447
      vertex 3 17.4061 13.6436
    endloop
  endfacet
  facet normal 1 0 0
    outer loop
      vertex 3 34.5941 13.6447
      vertex 3 17.4056 13.6457
      vertex 3 17.4059 13.6447
    endloop
  endfacet
  facet normal 1 0 0
    outer loop
      vertex 3 34.6988 13.9532
      vertex 3 17.3012 13.9532
      vertex 3 17.4056 13.6457
    endloop
  endfacet
  facet normal 1 0 0
    outer loop
      vertex 3 34.8424 14.2444
      vertex 3 17.1576 14.2444
      vertex 3 17.3012 13.9532
    endloop
  endfacet
  facet normal 1 0 0
    outer loop
      vertex 3 34.8429 14.2454
      vertex 3 17.1571 14.2454
      vertex 3 17.1576 14.2444
    endloop
  endfacet
  facet normal 1 0 0
    outer loop
      vertex 3 35.0233 14.5154
      vertex 3 16.9767 14.5154
      vertex 3 17.1571 14.2454
    endloop
  endfacet
  facet normal 1 0 0
    outer loop
      vertex 3 35.0239 14.5163
      vertex 3 16.9761 14.5163
      vertex 3 16.9767 14.5154
    endloop
  endfacet
  facet normal 1 0 0
    outer loop
      vertex 3 35.0239 14.5163
      vertex 3 16.762 14.7604
      vertex 3 16.9761 14.5163
    endloop
  endfacet
  facet normal 1 0 0
    outer loop
      vertex 3 35.238 14.7604
      vertex 3 16.762 14.7604
      vertex 3 35.0239 14.5163
    endloop
  endfacet
  facet normal 1 0 -0
    outer loop
      vertex 3 16.762 14.7604
      vertex 3 35.238 14.7604
      vertex 3 16.7612 14.7612
    endloop
  endfacet
  facet normal 1 0 0
    outer loop
      vertex 3 35.2388 14.7612
      vertex 3 16.7612 14.7612
      vertex 3 35.238 14.7604
    endloop
  endfacet
  facet normal 1 0 -0
    outer loop
      vertex 3 16.7612 14.7612
      vertex 3 35.2388 14.7612
      vertex 3 16.7604 14.762
    endloop
  endfacet
  facet normal 1 0 0
    outer loop
      vertex 3 35.2396 14.762
      vertex 3 16.7604 14.762
      vertex 3 35.2388 14.7612
    endloop
  endfacet
  facet normal 1 0 0
    outer loop
      vertex 3 45 26
      vertex 3 16.2444 15.1576
      vertex 3 16.2454 15.1571
    endloop
  endfacet
  facet normal 1 0 0
    outer loop
      vertex 3 45 26
      vertex 3 15.9532 15.3012
      vertex 3 16.2444 15.1576
    endloop
  endfacet
  facet normal 1 0 0
    outer loop
      vertex 3 45 26
      vertex 3 15.6457 15.4056
      vertex 3 15.9532 15.3012
    endloop
  endfacet
  facet normal 1 0 0
    outer loop
      vertex 3 45 26
      vertex 3 15.6447 15.4059
      vertex 3 15.6457 15.4056
    endloop
  endfacet
  facet normal 1 -0 0
    outer loop
      vertex 3 0 26
      vertex 3 15.6447 15.4059
      vertex 3 45 26
    endloop
  endfacet
  facet normal 1 0 0
    outer loop
      vertex 3 15.6447 15.4059
      vertex 3 0 26
      vertex 3 15.6436 15.4061
    endloop
  endfacet
  facet normal 1 0 0
    outer loop
      vertex 3 15.6436 15.4061
      vertex 3 0 26
      vertex 3 15.3251 15.4695
    endloop
  endfacet
  facet normal 1 0 0
    outer loop
      vertex 3 15.3251 15.4695
      vertex 3 0 26
      vertex 3 15.324 15.4695
    endloop
  endfacet
  facet normal 1 0 0
    outer loop
      vertex 3 15.324 15.4695
      vertex 3 0 26
      vertex 3 15 15.4908
    endloop
  endfacet
  facet normal 1 0 0
    outer loop
      vertex 3 15 15.4908
      vertex 3 0 26
      vertex 3 14.676 15.4695
    endloop
  endfacet
  facet normal 1 0 0
    outer loop
      vertex 3 14.676 15.4695
      vertex 3 0 26
      vertex 3 14.6749 15.4695
    endloop
  endfacet
  facet normal 1 0 0
    outer loop
      vertex 3 14.6749 15.4695
      vertex 3 0 26
      vertex 3 14.3564 15.4061
    endloop
  endfacet
  facet normal 1 0 0
    outer loop
      vertex 3 14.3564 15.4061
      vertex 3 0 26
      vertex 3 14.3553 15.4059
    endloop
  endfacet
  facet normal 1 0 0
    outer loop
      vertex 3 14.3553 15.4059
      vertex 3 0 26
      vertex 3 14.3543 15.4056
    endloop
  endfacet
  facet normal 1 0 0
    outer loop
      vertex 3 0 26
      vertex 3 13.4846 14.9767
      vertex 3 13.7546 15.1571
    endloop
  endfacet
  facet normal 1 0 0
    outer loop
      vertex 3 0 26
      vertex 3 13.0233 14.5154
      vertex 3 13.0239 14.5163
    endloop
  endfacet
  facet normal 1 0 0
    outer loop
      vertex 3 0 26
      vertex 3 12.5305 13.324
      vertex 3 12.5305 13.3251
    endloop
  endfacet
  facet normal 1 0 0
    outer loop
      vertex 3 12.5305 13.324
      vertex 3 0 26
      vertex 3 12.5092 13
    endloop
  endfacet
  facet normal 1 0 0
    outer loop
      vertex 3 12.5939 13.6436
      vertex 3 0 26
      vertex 3 12.5305 13.3251
    endloop
  endfacet
  facet normal 1 0 0
    outer loop
      vertex 3 12.5941 13.6447
      vertex 3 0 26
      vertex 3 12.5939 13.6436
    endloop
  endfacet
  facet normal 1 0 0
    outer loop
      vertex 3 12.5944 13.6457
      vertex 3 0 26
      vertex 3 12.5941 13.6447
    endloop
  endfacet
  facet normal 1 0 0
    outer loop
      vertex 3 12.6988 13.9532
      vertex 3 0 26
      vertex 3 12.5944 13.6457
    endloop
  endfacet
  facet normal 1 0 0
    outer loop
      vertex 3 12.8424 14.2444
      vertex 3 0 26
      vertex 3 12.6988 13.9532
    endloop
  endfacet
  facet normal 1 0 0
    outer loop
      vertex 3 12.8429 14.2454
      vertex 3 0 26
      vertex 3 12.8424 14.2444
    endloop
  endfacet
  facet normal 1 0 0
    outer loop
      vertex 3 13.0233 14.5154
      vertex 3 0 26
      vertex 3 12.8429 14.2454
    endloop
  endfacet
  facet normal 1 0 0
    outer loop
      vertex 3 13.238 14.7604
      vertex 3 0 26
      vertex 3 13.0239 14.5163
    endloop
  endfacet
  facet normal 1 0 0
    outer loop
      vertex 3 13.2388 14.7612
      vertex 3 0 26
      vertex 3 13.238 14.7604
    endloop
  endfacet
  facet normal 1 0 0
    outer loop
      vertex 3 13.2396 14.762
      vertex 3 0 26
      vertex 3 13.2388 14.7612
    endloop
  endfacet
  facet normal 1 0 0
    outer loop
      vertex 3 13.4837 14.9761
      vertex 3 0 26
      vertex 3 13.2396 14.762
    endloop
  endfacet
  facet normal 1 0 0
    outer loop
      vertex 3 13.4846 14.9767
      vertex 3 0 26
      vertex 3 13.4837 14.9761
    endloop
  endfacet
  facet normal 1 0 0
    outer loop
      vertex 3 13.7556 15.1576
      vertex 3 0 26
      vertex 3 13.7546 15.1571
    endloop
  endfacet
  facet normal 1 0 0
    outer loop
      vertex 3 14.0468 15.3012
      vertex 3 0 26
      vertex 3 13.7556 15.1576
    endloop
  endfacet
  facet normal 1 0 0
    outer loop
      vertex 3 14.3543 15.4056
      vertex 3 0 26
      vertex 3 14.0468 15.3012
    endloop
  endfacet
  facet normal 1 -0 0
    outer loop
      vertex 3 39.4695 12.676
      vertex 3 45 0
      vertex 3 39.4908 13
    endloop
  endfacet
  facet normal 1 -0 0
    outer loop
      vertex 3 39.4695 12.6749
      vertex 3 45 0
      vertex 3 39.4695 12.676
    endloop
  endfacet
  facet normal 1 -0 0
    outer loop
      vertex 3 39.4061 12.3564
      vertex 3 45 0
      vertex 3 39.4695 12.6749
    endloop
  endfacet
  facet normal 1 -0 0
    outer loop
      vertex 3 39.4059 12.3553
      vertex 3 45 0
      vertex 3 39.4061 12.3564
    endloop
  endfacet
  facet normal 1 -0 0
    outer loop
      vertex 3 39.4056 12.3543
      vertex 3 45 0
      vertex 3 39.4059 12.3553
    endloop
  endfacet
  facet normal 1 -0 0
    outer loop
      vertex 3 39.3012 12.0468
      vertex 3 45 0
      vertex 3 39.4056 12.3543
    endloop
  endfacet
  facet normal 1 -0 0
    outer loop
      vertex 3 39.1576 11.7556
      vertex 3 45 0
      vertex 3 39.3012 12.0468
    endloop
  endfacet
  facet normal 1 -0 0
    outer loop
      vertex 3 39.1571 11.7546
      vertex 3 45 0
      vertex 3 39.1576 11.7556
    endloop
  endfacet
  facet normal 1 -0 0
    outer loop
      vertex 3 38.9767 11.4846
      vertex 3 45 0
      vertex 3 39.1571 11.7546
    endloop
  endfacet
  facet normal 1 -0 0
    outer loop
      vertex 3 38.9761 11.4837
      vertex 3 45 0
      vertex 3 38.9767 11.4846
    endloop
  endfacet
  facet normal 1 -0 0
    outer loop
      vertex 3 38.762 11.2396
      vertex 3 45 0
      vertex 3 38.9761 11.4837
    endloop
  endfacet
  facet normal 1 -0 0
    outer loop
      vertex 3 38.7612 11.2388
      vertex 3 45 0
      vertex 3 38.762 11.2396
    endloop
  endfacet
  facet normal 1 -0 0
    outer loop
      vertex 3 38.7604 11.238
      vertex 3 45 0
      vertex 3 38.7612 11.2388
    endloop
  endfacet
  facet normal 1 -0 0
    outer loop
      vertex 3 38.5163 11.0239
      vertex 3 45 0
      vertex 3 38.7604 11.238
    endloop
  endfacet
  facet normal 1 -0 0
    outer loop
      vertex 3 38.5154 11.0233
      vertex 3 45 0
      vertex 3 38.5163 11.0239
    endloop
  endfacet
  facet normal 1 -0 0
    outer loop
      vertex 3 38.2454 10.8429
      vertex 3 45 0
      vertex 3 38.5154 11.0233
    endloop
  endfacet
  facet normal 1 -0 0
    outer loop
      vertex 3 38.2444 10.8424
      vertex 3 45 0
      vertex 3 38.2454 10.8429
    endloop
  endfacet
  facet normal 1 -0 0
    outer loop
      vertex 3 37.9532 10.6988
      vertex 3 45 0
      vertex 3 38.2444 10.8424
    endloop
  endfacet
  facet normal 1 -0 0
    outer loop
      vertex 3 37.6457 10.5944
      vertex 3 45 0
      vertex 3 37.9532 10.6988
    endloop
  endfacet
  facet normal 1 -0 0
    outer loop
      vertex 3 37.6447 10.5941
      vertex 3 45 0
      vertex 3 37.6457 10.5944
    endloop
  endfacet
  facet normal 1 -0 0
    outer loop
      vertex 3 37.6436 10.5939
      vertex 3 45 0
      vertex 3 37.6447 10.5941
    endloop
  endfacet
  facet normal 1 -0 0
    outer loop
      vertex 3 37.3251 10.5305
      vertex 3 45 0
      vertex 3 37.6436 10.5939
    endloop
  endfacet
  facet normal 1 -0 0
    outer loop
      vertex 3 37.324 10.5305
      vertex 3 45 0
      vertex 3 37.3251 10.5305
    endloop
  endfacet
  facet normal 1 -0 0
    outer loop
      vertex 3 37 10.5092
      vertex 3 45 0
      vertex 3 37.324 10.5305
    endloop
  endfacet
  facet normal 1 0 0
    outer loop
      vertex 3 36.676 10.5305
      vertex 3 45 0
      vertex 3 37 10.5092
    endloop
  endfacet
  facet normal 1 -0 0
    outer loop
      vertex 3 36.6749 10.5305
      vertex 3 45 0
      vertex 3 36.676 10.5305
    endloop
  endfacet
  facet normal 1 0 0
    outer loop
      vertex 3 36.3564 10.5939
      vertex 3 45 0
      vertex 3 36.6749 10.5305
    endloop
  endfacet
  facet normal 1 0 0
    outer loop
      vertex 3 36.3553 10.5941
      vertex 3 45 0
      vertex 3 36.3564 10.5939
    endloop
  endfacet
  facet normal 1 0 0
    outer loop
      vertex 3 36.3543 10.5944
      vertex 3 45 0
      vertex 3 36.3553 10.5941
    endloop
  endfacet
  facet normal 1 0 0
    outer loop
      vertex 3 36.0468 10.6988
      vertex 3 45 0
      vertex 3 36.3543 10.5944
    endloop
  endfacet
  facet normal 1 0 0
    outer loop
      vertex 3 35.7556 10.8424
      vertex 3 45 0
      vertex 3 36.0468 10.6988
    endloop
  endfacet
  facet normal 1 0 0
    outer loop
      vertex 3 35.7546 10.8429
      vertex 3 45 0
      vertex 3 35.7556 10.8424
    endloop
  endfacet
  facet normal 1 0 0
    outer loop
      vertex 3 16.2454 10.8429
      vertex 3 35.7546 10.8429
      vertex 3 35.4846 11.0233
    endloop
  endfacet
  facet normal 1 0 0
    outer loop
      vertex 3 16.2454 10.8429
      vertex 3 35.4846 11.0233
      vertex 3 35.4837 11.0239
    endloop
  endfacet
  facet normal 1 0 0
    outer loop
      vertex 3 16.5163 11.0239
      vertex 3 35.4837 11.0239
      vertex 3 35.2396 11.238
    endloop
  endfacet
  facet normal 1 0 0
    outer loop
      vertex 3 16.7604 11.238
      vertex 3 35.2396 11.238
      vertex 3 35.2388 11.2388
    endloop
  endfacet
  facet normal 1 0 0
    outer loop
      vertex 3 16.7612 11.2388
      vertex 3 35.2388 11.2388
      vertex 3 35.238 11.2396
    endloop
  endfacet
  facet normal 1 0 0
    outer loop
      vertex 3 16.762 11.2396
      vertex 3 35.238 11.2396
      vertex 3 35.0239 11.4837
    endloop
  endfacet
  facet normal 1 -0 0
    outer loop
      vertex 3 17.1571 11.7546
      vertex 3 35.0233 11.4846
      vertex 3 34.8429 11.7546
    endloop
  endfacet
  facet normal 1 0 0
    outer loop
      vertex 3 17.4056 12.3543
      vertex 3 34.5944 12.3543
      vertex 3 34.5941 12.3553
    endloop
  endfacet
  facet normal 1 -0 0
    outer loop
      vertex 3 17.4908 13
      vertex 3 34.5305 12.676
      vertex 3 34.5092 13
    endloop
  endfacet
  facet normal 1 0 0
    outer loop
      vertex 3 17.4695 12.676
      vertex 3 34.5305 12.676
      vertex 3 17.4908 13
    endloop
  endfacet
  facet normal 1 0 0
    outer loop
      vertex 3 34.5305 12.676
      vertex 3 17.4695 12.676
      vertex 3 34.5305 12.6749
    endloop
  endfacet
  facet normal 1 0 0
    outer loop
      vertex 3 17.4695 12.6749
      vertex 3 34.5305 12.6749
      vertex 3 17.4695 12.676
    endloop
  endfacet
  facet normal 1 0 0
    outer loop
      vertex 3 34.5305 12.6749
      vertex 3 17.4695 12.6749
      vertex 3 34.5939 12.3564
    endloop
  endfacet
  facet normal 1 0 0
    outer loop
      vertex 3 17.4061 12.3564
      vertex 3 34.5939 12.3564
      vertex 3 17.4695 12.6749
    endloop
  endfacet
  facet normal 1 0 0
    outer loop
      vertex 3 34.5939 12.3564
      vertex 3 17.4061 12.3564
      vertex 3 34.5941 12.3553
    endloop
  endfacet
  facet normal 1 0 0
    outer loop
      vertex 3 17.4059 12.3553
      vertex 3 34.5941 12.3553
      vertex 3 17.4061 12.3564
    endloop
  endfacet
  facet normal 1 0 0
    outer loop
      vertex 3 17.4056 12.3543
      vertex 3 34.5941 12.3553
      vertex 3 17.4059 12.3553
    endloop
  endfacet
  facet normal 1 0 0
    outer loop
      vertex 3 34.5944 12.3543
      vertex 3 17.4056 12.3543
      vertex 3 34.6988 12.0468
    endloop
  endfacet
  facet normal 1 0 0
    outer loop
      vertex 3 17.3012 12.0468
      vertex 3 34.6988 12.0468
      vertex 3 17.4056 12.3543
    endloop
  endfacet
  facet normal 1 0 0
    outer loop
      vertex 3 34.6988 12.0468
      vertex 3 17.3012 12.0468
      vertex 3 34.8424 11.7556
    endloop
  endfacet
  facet normal 1 0 0
    outer loop
      vertex 3 17.1576 11.7556
      vertex 3 34.8424 11.7556
      vertex 3 17.3012 12.0468
    endloop
  endfacet
  facet normal 1 0 0
    outer loop
      vertex 3 34.8424 11.7556
      vertex 3 17.1576 11.7556
      vertex 3 34.8429 11.7546
    endloop
  endfacet
  facet normal 1 0 0
    outer loop
      vertex 3 17.1571 11.7546
      vertex 3 34.8429 11.7546
      vertex 3 17.1576 11.7556
    endloop
  endfacet
  facet normal 1 0 0
    outer loop
      vertex 3 16.9767 11.4846
      vertex 3 35.0233 11.4846
      vertex 3 17.1571 11.7546
    endloop
  endfacet
  facet normal 1 0 0
    outer loop
      vertex 3 35.0233 11.4846
      vertex 3 16.9767 11.4846
      vertex 3 35.0239 11.4837
    endloop
  endfacet
  facet normal 1 0 0
    outer loop
      vertex 3 16.9761 11.4837
      vertex 3 35.0239 11.4837
      vertex 3 16.9767 11.4846
    endloop
  endfacet
  facet normal 1 0 0
    outer loop
      vertex 3 16.762 11.2396
      vertex 3 35.0239 11.4837
      vertex 3 16.9761 11.4837
    endloop
  endfacet
  facet normal 1 0 0
    outer loop
      vertex 3 35.238 11.2396
      vertex 3 16.762 11.2396
      vertex 3 16.7612 11.2388
    endloop
  endfacet
  facet normal 1 0 0
    outer loop
      vertex 3 35.2388 11.2388
      vertex 3 16.7612 11.2388
      vertex 3 16.7604 11.238
    endloop
  endfacet
  facet normal 1 0 0
    outer loop
      vertex 3 35.2396 11.238
      vertex 3 16.7604 11.238
      vertex 3 16.5163 11.0239
    endloop
  endfacet
  facet normal 1 0 0
    outer loop
      vertex 3 35.4837 11.0239
      vertex 3 16.5163 11.0239
      vertex 3 16.5154 11.0233
    endloop
  endfacet
  facet normal 1 0 0
    outer loop
      vertex 3 35.4837 11.0239
      vertex 3 16.5154 11.0233
      vertex 3 16.2454 10.8429
    endloop
  endfacet
  facet normal 1 0 0
    outer loop
      vertex 3 35.7546 10.8429
      vertex 3 16.2454 10.8429
      vertex 3 45 0
    endloop
  endfacet
  facet normal 1 -0 0
    outer loop
      vertex 3 16.2444 10.8424
      vertex 3 45 0
      vertex 3 16.2454 10.8429
    endloop
  endfacet
  facet normal 1 -0 0
    outer loop
      vertex 3 15.9532 10.6988
      vertex 3 45 0
      vertex 3 16.2444 10.8424
    endloop
  endfacet
  facet normal 1 -0 0
    outer loop
      vertex 3 15.6457 10.5944
      vertex 3 45 0
      vertex 3 15.9532 10.6988
    endloop
  endfacet
  facet normal 1 -0 0
    outer loop
      vertex 3 15.6447 10.5941
      vertex 3 45 0
      vertex 3 15.6457 10.5944
    endloop
  endfacet
  facet normal 1 0 0
    outer loop
      vertex 3 0 0
      vertex 3 15.6447 10.5941
      vertex 3 15.6436 10.5939
    endloop
  endfacet
  facet normal 1 0 0
    outer loop
      vertex 3 0 0
      vertex 3 15.6436 10.5939
      vertex 3 15.3251 10.5305
    endloop
  endfacet
  facet normal 1 0 0
    outer loop
      vertex 3 0 0
      vertex 3 15.3251 10.5305
      vertex 3 15.324 10.5305
    endloop
  endfacet
  facet normal 1 0 0
    outer loop
      vertex 3 0 0
      vertex 3 15.324 10.5305
      vertex 3 15 10.5092
    endloop
  endfacet
  facet normal 1 0 0
    outer loop
      vertex 3 0 0
      vertex 3 15 10.5092
      vertex 3 14.676 10.5305
    endloop
  endfacet
  facet normal 1 0 0
    outer loop
      vertex 3 0 0
      vertex 3 14.676 10.5305
      vertex 3 14.6749 10.5305
    endloop
  endfacet
  facet normal 1 0 0
    outer loop
      vertex 3 0 0
      vertex 3 14.6749 10.5305
      vertex 3 14.3564 10.5939
    endloop
  endfacet
  facet normal 1 0 0
    outer loop
      vertex 3 0 0
      vertex 3 14.3564 10.5939
      vertex 3 14.3553 10.5941
    endloop
  endfacet
  facet normal 1 0 0
    outer loop
      vertex 3 0 0
      vertex 3 14.3553 10.5941
      vertex 3 14.3543 10.5944
    endloop
  endfacet
  facet normal 1 0 0
    outer loop
      vertex 3 0 0
      vertex 3 14.3543 10.5944
      vertex 3 14.0468 10.6988
    endloop
  endfacet
  facet normal 1 0 0
    outer loop
      vertex 3 0 0
      vertex 3 13.4846 11.0233
      vertex 3 13.4837 11.0239
    endloop
  endfacet
  facet normal 1 0 0
    outer loop
      vertex 3 0 0
      vertex 3 13.0233 11.4846
      vertex 3 12.8429 11.7546
    endloop
  endfacet
  facet normal 1 0 0
    outer loop
      vertex 3 0 0
      vertex 3 12.5305 12.676
      vertex 3 12.5092 13
    endloop
  endfacet
  facet normal 1 0 0
    outer loop
      vertex 3 0 0
      vertex 3 12.5092 13
      vertex 3 0 26
    endloop
  endfacet
  facet normal 1 0 0
    outer loop
      vertex 3 12.5305 12.676
      vertex 3 0 0
      vertex 3 12.5305 12.6749
    endloop
  endfacet
  facet normal 1 0 0
    outer loop
      vertex 3 12.5305 12.6749
      vertex 3 0 0
      vertex 3 12.5939 12.3564
    endloop
  endfacet
  facet normal 1 0 0
    outer loop
      vertex 3 12.5939 12.3564
      vertex 3 0 0
      vertex 3 12.5941 12.3553
    endloop
  endfacet
  facet normal 1 0 0
    outer loop
      vertex 3 12.5941 12.3553
      vertex 3 0 0
      vertex 3 12.5944 12.3543
    endloop
  endfacet
  facet normal 1 0 0
    outer loop
      vertex 3 12.5944 12.3543
      vertex 3 0 0
      vertex 3 12.6988 12.0468
    endloop
  endfacet
  facet normal 1 0 0
    outer loop
      vertex 3 12.6988 12.0468
      vertex 3 0 0
      vertex 3 12.8424 11.7556
    endloop
  endfacet
  facet normal 1 0 0
    outer loop
      vertex 3 12.8424 11.7556
      vertex 3 0 0
      vertex 3 12.8429 11.7546
    endloop
  endfacet
  facet normal 1 0 0
    outer loop
      vertex 3 13.0233 11.4846
      vertex 3 0 0
      vertex 3 13.0239 11.4837
    endloop
  endfacet
  facet normal 1 0 0
    outer loop
      vertex 3 13.0239 11.4837
      vertex 3 0 0
      vertex 3 13.238 11.2396
    endloop
  endfacet
  facet normal 1 0 0
    outer loop
      vertex 3 15.6447 10.5941
      vertex 3 0 0
      vertex 3 45 0
    endloop
  endfacet
  facet normal 1 0 0
    outer loop
      vertex 3 13.7556 10.8424
      vertex 3 0 0
      vertex 3 14.0468 10.6988
    endloop
  endfacet
  facet normal 1 0 0
    outer loop
      vertex 3 13.7546 10.8429
      vertex 3 0 0
      vertex 3 13.7556 10.8424
    endloop
  endfacet
  facet normal 1 0 0
    outer loop
      vertex 3 13.4846 11.0233
      vertex 3 0 0
      vertex 3 13.7546 10.8429
    endloop
  endfacet
  facet normal 1 0 0
    outer loop
      vertex 3 13.2396 11.238
      vertex 3 0 0
      vertex 3 13.4837 11.0239
    endloop
  endfacet
  facet normal 1 0 0
    outer loop
      vertex 3 13.2388 11.2388
      vertex 3 0 0
      vertex 3 13.2396 11.238
    endloop
  endfacet
  facet normal 1 0 0
    outer loop
      vertex 3 13.238 11.2396
      vertex 3 0 0
      vertex 3 13.2388 11.2388
    endloop
  endfacet
  facet normal 0.997857 -0.0654366 0
    outer loop
      vertex 3 45 26
      vertex 3.02568 45.3916 0
      vertex 3.02568 45.3916 26
    endloop
  endfacet
  facet normal 0.997857 -0.0654366 0
    outer loop
      vertex 3.02568 45.3916 0
      vertex 3 45 26
      vertex 3 45 0
    endloop
  endfacet
  facet normal 0.980781 -0.195111 0
    outer loop
      vertex 3.02568 45.3916 26
      vertex 3.10223 45.7764 0
      vertex 3.10223 45.7764 26
    endloop
  endfacet
  facet normal 0.980781 -0.195111 0
    outer loop
      vertex 3.10223 45.7764 0
      vertex 3.02568 45.3916 26
      vertex 3.02568 45.3916 0
    endloop
  endfacet
  facet normal 0.946939 -0.321414 0
    outer loop
      vertex 3.10223 45.7764 26
      vertex 3.22836 46.148 0
      vertex 3.22836 46.148 26
    endloop
  endfacet
  facet normal 0.946939 -0.321414 0
    outer loop
      vertex 3.22836 46.148 0
      vertex 3.10223 45.7764 26
      vertex 3.10223 45.7764 0
    endloop
  endfacet
  facet normal 0.89689 -0.442253 0
    outer loop
      vertex 3.22836 46.148 26
      vertex 3.40193 46.5 0
      vertex 3.40193 46.5 26
    endloop
  endfacet
  facet normal 0.89689 -0.442253 0
    outer loop
      vertex 3.40193 46.5 0
      vertex 3.22836 46.148 26
      vertex 3.22836 46.148 0
    endloop
  endfacet
  facet normal 0.831477 -0.555558 0
    outer loop
      vertex 3.40193 46.5 26
      vertex 3.61995 46.8263 0
      vertex 3.61995 46.8263 26
    endloop
  endfacet
  facet normal 0.831477 -0.555558 0
    outer loop
      vertex 3.61995 46.8263 0
      vertex 3.40193 46.5 26
      vertex 3.40193 46.5 0
    endloop
  endfacet
  facet normal 0.751799 -0.659392 0
    outer loop
      vertex 3.61995 46.8263 26
      vertex 3.87869 47.1213 0
      vertex 3.87869 47.1213 26
    endloop
  endfacet
  facet normal 0.751799 -0.659392 0
    outer loop
      vertex 3.87869 47.1213 0
      vertex 3.61995 46.8263 26
      vertex 3.61995 46.8263 0
    endloop
  endfacet
  facet normal 0.65944 -0.751757 0
    outer loop
      vertex 3.87869 47.1213 0
      vertex 4.17372 47.3801 26
      vertex 3.87869 47.1213 26
    endloop
  endfacet
  facet normal 0.65944 -0.751757 0
    outer loop
      vertex 4.17372 47.3801 26
      vertex 3.87869 47.1213 0
      vertex 4.17372 47.3801 0
    endloop
  endfacet
  facet normal 0.555547 -0.831485 0
    outer loop
      vertex 4.17372 47.3801 0
      vertex 4.5 47.5981 26
      vertex 4.17372 47.3801 26
    endloop
  endfacet
  facet normal 0.555547 -0.831485 0
    outer loop
      vertex 4.5 47.5981 26
      vertex 4.17372 47.3801 0
      vertex 4.5 47.5981 0
    endloop
  endfacet
  facet normal 0.44215 -0.896941 0
    outer loop
      vertex 4.5 47.5981 0
      vertex 4.85196 47.7716 26
      vertex 4.5 47.5981 26
    endloop
  endfacet
  facet normal 0.44215 -0.896941 0
    outer loop
      vertex 4.85196 47.7716 26
      vertex 4.5 47.5981 0
      vertex 4.85196 47.7716 0
    endloop
  endfacet
  facet normal 0.321574 -0.946885 0
    outer loop
      vertex 4.85196 47.7716 0
      vertex 5.22356 47.8978 26
      vertex 4.85196 47.7716 26
    endloop
  endfacet
  facet normal 0.321574 -0.946885 0
    outer loop
      vertex 5.22356 47.8978 26
      vertex 4.85196 47.7716 0
      vertex 5.22356 47.8978 0
    endloop
  endfacet
  facet normal 0.194955 -0.980812 0
    outer loop
      vertex 5.22356 47.8978 0
      vertex 5.60843 47.9743 26
      vertex 5.22356 47.8978 26
    endloop
  endfacet
  facet normal 0.194955 -0.980812 0
    outer loop
      vertex 5.60843 47.9743 26
      vertex 5.22356 47.8978 0
      vertex 5.60843 47.9743 0
    endloop
  endfacet
  facet normal 0.0654923 -0.997853 0
    outer loop
      vertex 5.60843 47.9743 0
      vertex 6 48 26
      vertex 5.60843 47.9743 26
    endloop
  endfacet
  facet normal 0.0654923 -0.997853 0
    outer loop
      vertex 6 48 26
      vertex 5.60843 47.9743 0
      vertex 6 48 0
    endloop
  endfacet
  facet normal -0.0654923 -0.997853 0
    outer loop
      vertex 6 48 0
      vertex 6.39157 47.9743 26
      vertex 6 48 26
    endloop
  endfacet
  facet normal -0.0654923 -0.997853 -0
    outer loop
      vertex 6.39157 47.9743 26
      vertex 6 48 0
      vertex 6.39157 47.9743 0
    endloop
  endfacet
  facet normal -0.194955 -0.980812 0
    outer loop
      vertex 6.39157 47.9743 0
      vertex 6.77644 47.8978 26
      vertex 6.39157 47.9743 26
    endloop
  endfacet
  facet normal -0.194955 -0.980812 -0
    outer loop
      vertex 6.77644 47.8978 26
      vertex 6.39157 47.9743 0
      vertex 6.77644 47.8978 0
    endloop
  endfacet
  facet normal -0.321574 -0.946885 0
    outer loop
      vertex 6.77644 47.8978 0
      vertex 7.14804 47.7716 26
      vertex 6.77644 47.8978 26
    endloop
  endfacet
  facet normal -0.321574 -0.946885 -0
    outer loop
      vertex 7.14804 47.7716 26
      vertex 6.77644 47.8978 0
      vertex 7.14804 47.7716 0
    endloop
  endfacet
  facet normal -0.44215 -0.896941 0
    outer loop
      vertex 7.14804 47.7716 0
      vertex 7.5 47.5981 26
      vertex 7.14804 47.7716 26
    endloop
  endfacet
  facet normal -0.44215 -0.896941 -0
    outer loop
      vertex 7.5 47.5981 26
      vertex 7.14804 47.7716 0
      vertex 7.5 47.5981 0
    endloop
  endfacet
  facet normal -0.555547 -0.831485 0
    outer loop
      vertex 7.5 47.5981 0
      vertex 7.82628 47.3801 26
      vertex 7.5 47.5981 26
    endloop
  endfacet
  facet normal -0.555547 -0.831485 -0
    outer loop
      vertex 7.82628 47.3801 26
      vertex 7.5 47.5981 0
      vertex 7.82628 47.3801 0
    endloop
  endfacet
  facet normal -0.65944 -0.751757 0
    outer loop
      vertex 7.82628 47.3801 0
      vertex 8.12131 47.1213 26
      vertex 7.82628 47.3801 26
    endloop
  endfacet
  facet normal -0.65944 -0.751757 -0
    outer loop
      vertex 8.12131 47.1213 26
      vertex 7.82628 47.3801 0
      vertex 8.12131 47.1213 0
    endloop
  endfacet
  facet normal -0.751799 -0.659392 0
    outer loop
      vertex 8.38005 46.8263 0
      vertex 8.12131 47.1213 26
      vertex 8.12131 47.1213 0
    endloop
  endfacet
  facet normal -0.751799 -0.659392 0
    outer loop
      vertex 8.12131 47.1213 26
      vertex 8.38005 46.8263 0
      vertex 8.38005 46.8263 26
    endloop
  endfacet
  facet normal -0.831477 -0.555558 0
    outer loop
      vertex 8.59807 46.5 0
      vertex 8.38005 46.8263 26
      vertex 8.38005 46.8263 0
    endloop
  endfacet
  facet normal -0.831477 -0.555558 0
    outer loop
      vertex 8.38005 46.8263 26
      vertex 8.59807 46.5 0
      vertex 8.59807 46.5 26
    endloop
  endfacet
  facet normal -0.89689 -0.442253 0
    outer loop
      vertex 8.77164 46.148 0
      vertex 8.59807 46.5 26
      vertex 8.59807 46.5 0
    endloop
  endfacet
  facet normal -0.89689 -0.442253 0
    outer loop
      vertex 8.59807 46.5 26
      vertex 8.77164 46.148 0
      vertex 8.77164 46.148 26
    endloop
  endfacet
  facet normal -0.946939 -0.321414 0
    outer loop
      vertex 8.89777 45.7764 0
      vertex 8.77164 46.148 26
      vertex 8.77164 46.148 0
    endloop
  endfacet
  facet normal -0.946939 -0.321414 0
    outer loop
      vertex 8.77164 46.148 26
      vertex 8.89777 45.7764 0
      vertex 8.89777 45.7764 26
    endloop
  endfacet
  facet normal -0.980781 -0.195111 0
    outer loop
      vertex 8.97432 45.3916 0
      vertex 8.89777 45.7764 26
      vertex 8.89777 45.7764 0
    endloop
  endfacet
  facet normal -0.980781 -0.195111 0
    outer loop
      vertex 8.89777 45.7764 26
      vertex 8.97432 45.3916 0
      vertex 8.97432 45.3916 26
    endloop
  endfacet
  facet normal -0.997857 -0.0654366 0
    outer loop
      vertex 9 45 0
      vertex 8.97432 45.3916 26
      vertex 8.97432 45.3916 0
    endloop
  endfacet
  facet normal -0.997857 -0.0654366 0
    outer loop
      vertex 8.97432 45.3916 26
      vertex 9 45 0
      vertex 9 45 26
    endloop
  endfacet
  facet normal -0.995997 0.0893836 0
    outer loop
      vertex 9 45 0
      vertex 8.52885 39.75 13
      vertex 9 45 26
    endloop
  endfacet
  facet normal -0.995991 0.0894484 2.63698e-05
    outer loop
      vertex 9 45 0
      vertex 8.52673 39.7265 12.6411
      vertex 8.52885 39.75 13
    endloop
  endfacet
  facet normal -0.996001 0.0893398 -1.92933e-05
    outer loop
      vertex 9 45 0
      vertex 8.52044 39.6563 12.2882
      vertex 8.52673 39.7265 12.6411
    endloop
  endfacet
  facet normal -0.995995 0.0894052 9.36498e-06
    outer loop
      vertex 9 45 0
      vertex 8.51006 39.5407 11.9476
      vertex 8.52044 39.6563 12.2882
    endloop
  endfacet
  facet normal -0.995997 0.0893904 2.543e-06
    outer loop
      vertex 9 45 0
      vertex 8.49578 39.3816 11.625
      vertex 8.51006 39.5407 11.9476
    endloop
  endfacet
  facet normal -0.996 0.0893568 -1.38459e-05
    outer loop
      vertex 9 45 0
      vertex 8.47785 39.1817 11.3259
      vertex 8.49578 39.3816 11.625
    endloop
  endfacet
  facet normal -0.995997 0.0893915 4.12145e-06
    outer loop
      vertex 9 45 0
      vertex 8.45656 38.9445 11.0555
      vertex 8.47785 39.1817 11.3259
    endloop
  endfacet
  facet normal -0.995996 0.0893925 4.68296e-06
    outer loop
      vertex 9 45 0
      vertex 8.43229 38.6741 10.8183
      vertex 8.45656 38.9445 11.0555
    endloop
  endfacet
  facet normal -0.995998 0.0893789 -3.29875e-06
    outer loop
      vertex 9 45 0
      vertex 8.40545 38.375 10.6184
      vertex 8.43229 38.6741 10.8183
    endloop
  endfacet
  facet normal -0.995997 0.0893813 -1.79654e-06
    outer loop
      vertex 9 45 0
      vertex 8.3765 38.0524 10.4593
      vertex 8.40545 38.375 10.6184
    endloop
  endfacet
  facet normal -0.995997 0.0893922 5.48284e-06
    outer loop
      vertex 9 45 0
      vertex 8.34593 37.7118 10.3437
      vertex 8.3765 38.0524 10.4593
    endloop
  endfacet
  facet normal -0.995997 0.0893831 -9.59401e-07
    outer loop
      vertex 9 45 0
      vertex 8.31426 37.3589 10.2735
      vertex 8.34593 37.7118 10.3437
    endloop
  endfacet
  facet normal -0.995997 0.0893871 1.99497e-06
    outer loop
      vertex 9 45 0
      vertex 8.28205 37 10.25
      vertex 8.31426 37.3589 10.2735
    endloop
  endfacet
  facet normal -0.995997 0.0893873 2.20986e-06
    outer loop
      vertex 9 45 0
      vertex 8.24984 36.6411 10.2735
      vertex 8.28205 37 10.25
    endloop
  endfacet
  facet normal -0.996 0.0893492 -2.90699e-05
    outer loop
      vertex 9 45 0
      vertex 8.21818 36.2882 10.3437
      vertex 8.24984 36.6411 10.2735
    endloop
  endfacet
  facet normal -0.995996 0.0893983 1.26021e-05
    outer loop
      vertex 9 45 0
      vertex 8.18761 35.9476 10.4593
      vertex 8.21818 36.2882 10.3437
    endloop
  endfacet
  facet normal -0.995993 0.0894313 4.14531e-05
    outer loop
      vertex 9 45 0
      vertex 8.15865 35.625 10.6184
      vertex 8.18761 35.9476 10.4593
    endloop
  endfacet
  facet normal -0.995997 0.0893842 -5.48177e-07
    outer loop
      vertex 6.43109 16.375 10.6184
      vertex 8.15865 35.625 10.6184
      vertex 9 45 0
    endloop
  endfacet
  facet normal -0.995997 0.0893842 1.11804e-05
    outer loop
      vertex 8.15865 35.625 10.6184
      vertex 6.43109 16.375 10.6184
      vertex 8.13181 35.3259 10.8183
    endloop
  endfacet
  facet normal -0.995997 0.0893844 -2.84326e-06
    outer loop
      vertex 8.03737 34.2735 12.6411
      vertex 6.55449 17.75 13
      vertex 8.03526 34.25 13
    endloop
  endfacet
  facet normal -0.995997 0.0893845 3.37717e-08
    outer loop
      vertex 6.55238 17.7265 12.6411
      vertex 8.03737 34.2735 12.6411
      vertex 8.04367 34.3437 12.2882
    endloop
  endfacet
  facet normal -0.995997 0.0893845 1.28038e-05
    outer loop
      vertex 6.54608 17.6563 12.2882
      vertex 8.04367 34.3437 12.2882
      vertex 8.05404 34.4593 11.9476
    endloop
  endfacet
  facet normal -0.995997 0.0893846 -5.42239e-06
    outer loop
      vertex 6.5357 17.5407 11.9476
      vertex 8.05404 34.4593 11.9476
      vertex 8.06832 34.6184 11.625
    endloop
  endfacet
  facet normal -0.995997 0.0893848 -5.56774e-07
    outer loop
      vertex 6.52142 17.3816 11.625
      vertex 8.06832 34.6184 11.625
      vertex 8.08626 34.8183 11.3259
    endloop
  endfacet
  facet normal -0.995997 0.0893843 2.63562e-05
    outer loop
      vertex 6.50349 17.1817 11.3259
      vertex 8.08626 34.8183 11.3259
      vertex 8.10754 35.0555 11.0555
    endloop
  endfacet
  facet normal -0.995997 0.0893844 -1.1539e-05
    outer loop
      vertex 6.45793 16.6741 10.8183
      vertex 8.13181 35.3259 10.8183
      vertex 6.43109 16.375 10.6184
    endloop
  endfacet
  facet normal -0.995997 0.0893845 2.83518e-06
    outer loop
      vertex 8.03737 34.2735 12.6411
      vertex 6.55238 17.7265 12.6411
      vertex 6.55449 17.75 13
    endloop
  endfacet
  facet normal -0.995997 0.0893845 -3.34875e-08
    outer loop
      vertex 8.04367 34.3437 12.2882
      vertex 6.54608 17.6563 12.2882
      vertex 6.55238 17.7265 12.6411
    endloop
  endfacet
  facet normal -0.995997 0.0893846 1.64138e-05
    outer loop
      vertex 8.05404 34.4593 11.9476
      vertex 6.5357 17.5407 11.9476
      vertex 6.54608 17.6563 12.2882
    endloop
  endfacet
  facet normal -0.995997 0.0893848 5.32229e-06
    outer loop
      vertex 8.06832 34.6184 11.625
      vertex 6.52142 17.3816 11.625
      vertex 6.5357 17.5407 11.9476
    endloop
  endfacet
  facet normal -0.995997 0.0893843 -3.23782e-05
    outer loop
      vertex 8.08626 34.8183 11.3259
      vertex 6.50349 17.1817 11.3259
      vertex 6.52142 17.3816 11.625
    endloop
  endfacet
  facet normal -0.995997 0.089384 1.0686e-05
    outer loop
      vertex 8.10754 35.0555 11.0555
      vertex 6.4822 16.9445 11.0555
      vertex 6.50349 17.1817 11.3259
    endloop
  endfacet
  facet normal -0.995997 0.089384 1.43824e-05
    outer loop
      vertex 8.10754 35.0555 11.0555
      vertex 6.45793 16.6741 10.8183
      vertex 6.4822 16.9445 11.0555
    endloop
  endfacet
  facet normal -0.995997 0.0893844 -1.39654e-05
    outer loop
      vertex 8.13181 35.3259 10.8183
      vertex 6.45793 16.6741 10.8183
      vertex 8.10754 35.0555 11.0555
    endloop
  endfacet
  facet normal -0.995997 0.0893827 -4.57026e-06
    outer loop
      vertex 9 45 0
      vertex 6.40214 16.0524 10.4593
      vertex 6.43109 16.375 10.6184
    endloop
  endfacet
  facet normal -0.995997 0.0893844 1.46502e-07
    outer loop
      vertex 5.5 6 0
      vertex 6.40214 16.0524 10.4593
      vertex 9 45 0
    endloop
  endfacet
  facet normal -0.995996 0.0893986 -1.36861e-05
    outer loop
      vertex 6.40214 16.0524 10.4593
      vertex 5.5 6 0
      vertex 6.37157 15.7118 10.3437
    endloop
  endfacet
  facet normal -0.996 0.0893482 3.40436e-05
    outer loop
      vertex 6.37157 15.7118 10.3437
      vertex 5.5 6 0
      vertex 6.33991 15.3589 10.2735
    endloop
  endfacet
  facet normal -0.995994 0.0894166 -2.87429e-05
    outer loop
      vertex 6.33991 15.3589 10.2735
      vertex 5.5 6 0
      vertex 6.30769 15 10.25
    endloop
  endfacet
  facet normal -0.995997 0.089387 -2.57536e-06
    outer loop
      vertex 6.30769 15 10.25
      vertex 5.5 6 0
      vertex 6.27548 14.6411 10.2735
    endloop
  endfacet
  facet normal -0.995997 0.0893899 -2.48157e-06
    outer loop
      vertex 6.06301 12.2735 12.6411
      vertex 5.5 6 0
      vertex 6.0609 12.25 13
    endloop
  endfacet
  facet normal -0.995997 0.0893848 8.09304e-08
    outer loop
      vertex 6.06931 12.3437 12.2882
      vertex 5.5 6 0
      vertex 6.06301 12.2735 12.6411
    endloop
  endfacet
  facet normal -0.995999 0.0893699 7.806e-06
    outer loop
      vertex 6.07968 12.4593 11.9476
      vertex 5.5 6 0
      vertex 6.06931 12.3437 12.2882
    endloop
  endfacet
  facet normal -0.995997 0.0893896 -2.92852e-06
    outer loop
      vertex 6.09396 12.6184 11.625
      vertex 5.5 6 0
      vertex 6.07968 12.4593 11.9476
    endloop
  endfacet
  facet normal -0.995997 0.0893851 -3.45315e-07
    outer loop
      vertex 6.1119 12.8183 11.3259
      vertex 5.5 6 0
      vertex 6.09396 12.6184 11.625
    endloop
  endfacet
  facet normal -0.995999 0.0893667 1.08294e-05
    outer loop
      vertex 6.13318 13.0555 11.0555
      vertex 5.5 6 0
      vertex 6.1119 12.8183 11.3259
    endloop
  endfacet
  facet normal -0.995997 0.0893919 -5.36406e-06
    outer loop
      vertex 6.15745 13.3259 10.8183
      vertex 5.5 6 0
      vertex 6.13318 13.0555 11.0555
    endloop
  endfacet
  facet normal -0.995998 0.089379 3.41994e-06
    outer loop
      vertex 6.18429 13.625 10.6184
      vertex 5.5 6 0
      vertex 6.15745 13.3259 10.8183
    endloop
  endfacet
  facet normal -0.995995 0.0894039 -1.46107e-05
    outer loop
      vertex 6.21325 13.9476 10.4593
      vertex 5.5 6 0
      vertex 6.18429 13.625 10.6184
    endloop
  endfacet
  facet normal -0.995997 0.0893921 -5.597e-06
    outer loop
      vertex 6.24382 14.2882 10.3437
      vertex 5.5 6 0
      vertex 6.21325 13.9476 10.4593
    endloop
  endfacet
  facet normal -0.995999 0.0893591 2.11022e-05
    outer loop
      vertex 6.27548 14.6411 10.2735
      vertex 5.5 6 0
      vertex 6.24382 14.2882 10.3437
    endloop
  endfacet
  facet normal -0.995991 0.0894484 -2.63698e-05
    outer loop
      vertex 8.52673 39.7265 13.3589
      vertex 9 45 26
      vertex 8.52885 39.75 13
    endloop
  endfacet
  facet normal -0.996001 0.0893398 1.92933e-05
    outer loop
      vertex 8.52044 39.6563 13.7118
      vertex 9 45 26
      vertex 8.52673 39.7265 13.3589
    endloop
  endfacet
  facet normal -0.995995 0.0894052 -9.36498e-06
    outer loop
      vertex 8.51006 39.5407 14.0524
      vertex 9 45 26
      vertex 8.52044 39.6563 13.7118
    endloop
  endfacet
  facet normal -0.995997 0.0893904 -2.543e-06
    outer loop
      vertex 8.49578 39.3816 14.375
      vertex 9 45 26
      vertex 8.51006 39.5407 14.0524
    endloop
  endfacet
  facet normal -0.996 0.0893568 1.38459e-05
    outer loop
      vertex 8.47785 39.1817 14.6741
      vertex 9 45 26
      vertex 8.49578 39.3816 14.375
    endloop
  endfacet
  facet normal -0.995997 0.0893915 -4.12145e-06
    outer loop
      vertex 8.45656 38.9445 14.9445
      vertex 9 45 26
      vertex 8.47785 39.1817 14.6741
    endloop
  endfacet
  facet normal -0.995996 0.0893925 -4.68296e-06
    outer loop
      vertex 8.43229 38.6741 15.1817
      vertex 9 45 26
      vertex 8.45656 38.9445 14.9445
    endloop
  endfacet
  facet normal -0.995998 0.0893789 3.29875e-06
    outer loop
      vertex 8.40545 38.375 15.3816
      vertex 9 45 26
      vertex 8.43229 38.6741 15.1817
    endloop
  endfacet
  facet normal -0.995997 0.0893813 1.79654e-06
    outer loop
      vertex 8.3765 38.0524 15.5407
      vertex 9 45 26
      vertex 8.40545 38.375 15.3816
    endloop
  endfacet
  facet normal -0.995997 0.0893922 -5.48284e-06
    outer loop
      vertex 8.34593 37.7118 15.6563
      vertex 9 45 26
      vertex 8.3765 38.0524 15.5407
    endloop
  endfacet
  facet normal -0.995997 0.0893831 9.59401e-07
    outer loop
      vertex 8.31426 37.3589 15.7265
      vertex 9 45 26
      vertex 8.34593 37.7118 15.6563
    endloop
  endfacet
  facet normal -0.995997 0.0893871 -1.99497e-06
    outer loop
      vertex 8.28205 37 15.75
      vertex 9 45 26
      vertex 8.31426 37.3589 15.7265
    endloop
  endfacet
  facet normal -0.995997 0.0893873 -2.20986e-06
    outer loop
      vertex 8.24984 36.6411 15.7265
      vertex 9 45 26
      vertex 8.28205 37 15.75
    endloop
  endfacet
  facet normal -0.996 0.0893492 2.90699e-05
    outer loop
      vertex 8.21818 36.2882 15.6563
      vertex 9 45 26
      vertex 8.24984 36.6411 15.7265
    endloop
  endfacet
  facet normal -0.995996 0.0893983 -1.26021e-05
    outer loop
      vertex 8.18761 35.9476 15.5407
      vertex 9 45 26
      vertex 8.21818 36.2882 15.6563
    endloop
  endfacet
  facet normal -0.995993 0.0894313 -4.14531e-05
    outer loop
      vertex 8.15865 35.625 15.3816
      vertex 9 45 26
      vertex 8.18761 35.9476 15.5407
    endloop
  endfacet
  facet normal -0.995997 0.0893842 -1.11804e-05
    outer loop
      vertex 6.43109 16.375 15.3816
      vertex 8.15865 35.625 15.3816
      vertex 8.13181 35.3259 15.1817
    endloop
  endfacet
  facet normal -0.995997 0.0893844 1.39654e-05
    outer loop
      vertex 6.45793 16.6741 15.1817
      vertex 8.13181 35.3259 15.1817
      vertex 8.10754 35.0555 14.9445
    endloop
  endfacet
  facet normal -0.995997 0.0893844 2.84326e-06
    outer loop
      vertex 6.55449 17.75 13
      vertex 8.03737 34.2735 13.3589
      vertex 8.03526 34.25 13
    endloop
  endfacet
  facet normal -0.995997 0.0893845 -2.83518e-06
    outer loop
      vertex 6.55238 17.7265 13.3589
      vertex 8.03737 34.2735 13.3589
      vertex 6.55449 17.75 13
    endloop
  endfacet
  facet normal -0.995997 0.0893845 -3.37717e-08
    outer loop
      vertex 8.03737 34.2735 13.3589
      vertex 6.55238 17.7265 13.3589
      vertex 8.04367 34.3437 13.7118
    endloop
  endfacet
  facet normal -0.995997 0.0893845 3.34875e-08
    outer loop
      vertex 6.54608 17.6563 13.7118
      vertex 8.04367 34.3437 13.7118
      vertex 6.55238 17.7265 13.3589
    endloop
  endfacet
  facet normal -0.995997 0.0893845 -1.28038e-05
    outer loop
      vertex 8.04367 34.3437 13.7118
      vertex 6.54608 17.6563 13.7118
      vertex 8.05404 34.4593 14.0524
    endloop
  endfacet
  facet normal -0.995997 0.0893846 -1.64138e-05
    outer loop
      vertex 6.5357 17.5407 14.0524
      vertex 8.05404 34.4593 14.0524
      vertex 6.54608 17.6563 13.7118
    endloop
  endfacet
  facet normal -0.995997 0.0893846 5.42239e-06
    outer loop
      vertex 8.05404 34.4593 14.0524
      vertex 6.5357 17.5407 14.0524
      vertex 8.06832 34.6184 14.375
    endloop
  endfacet
  facet normal -0.995997 0.0893848 -5.32229e-06
    outer loop
      vertex 6.52142 17.3816 14.375
      vertex 8.06832 34.6184 14.375
      vertex 6.5357 17.5407 14.0524
    endloop
  endfacet
  facet normal -0.995997 0.0893848 5.56774e-07
    outer loop
      vertex 8.06832 34.6184 14.375
      vertex 6.52142 17.3816 14.375
      vertex 8.08626 34.8183 14.6741
    endloop
  endfacet
  facet normal -0.995997 0.0893843 3.23782e-05
    outer loop
      vertex 6.50349 17.1817 14.6741
      vertex 8.08626 34.8183 14.6741
      vertex 6.52142 17.3816 14.375
    endloop
  endfacet
  facet normal -0.995997 0.0893843 -2.63562e-05
    outer loop
      vertex 8.08626 34.8183 14.6741
      vertex 6.50349 17.1817 14.6741
      vertex 8.10754 35.0555 14.9445
    endloop
  endfacet
  facet normal -0.995997 0.089384 -1.0686e-05
    outer loop
      vertex 6.4822 16.9445 14.9445
      vertex 8.10754 35.0555 14.9445
      vertex 6.50349 17.1817 14.6741
    endloop
  endfacet
  facet normal -0.995997 0.089384 -1.43824e-05
    outer loop
      vertex 6.45793 16.6741 15.1817
      vertex 8.10754 35.0555 14.9445
      vertex 6.4822 16.9445 14.9445
    endloop
  endfacet
  facet normal -0.995997 0.0893844 1.1539e-05
    outer loop
      vertex 8.13181 35.3259 15.1817
      vertex 6.45793 16.6741 15.1817
      vertex 6.43109 16.375 15.3816
    endloop
  endfacet
  facet normal -0.995997 0.0893842 5.48177e-07
    outer loop
      vertex 8.15865 35.625 15.3816
      vertex 6.43109 16.375 15.3816
      vertex 9 45 26
    endloop
  endfacet
  facet normal -0.995997 0.0893827 4.57026e-06
    outer loop
      vertex 6.40214 16.0524 15.5407
      vertex 9 45 26
      vertex 6.43109 16.375 15.3816
    endloop
  endfacet
  facet normal -0.995996 0.0893986 1.36861e-05
    outer loop
      vertex 5.5 6 26
      vertex 6.40214 16.0524 15.5407
      vertex 6.37157 15.7118 15.6563
    endloop
  endfacet
  facet normal -0.996 0.0893482 -3.40436e-05
    outer loop
      vertex 5.5 6 26
      vertex 6.37157 15.7118 15.6563
      vertex 6.33991 15.3589 15.7265
    endloop
  endfacet
  facet normal -0.995994 0.0894166 2.87429e-05
    outer loop
      vertex 5.5 6 26
      vertex 6.33991 15.3589 15.7265
      vertex 6.30769 15 15.75
    endloop
  endfacet
  facet normal -0.995997 0.089387 2.57536e-06
    outer loop
      vertex 5.5 6 26
      vertex 6.30769 15 15.75
      vertex 6.27548 14.6411 15.7265
    endloop
  endfacet
  facet normal -0.995999 0.0893591 -2.11022e-05
    outer loop
      vertex 5.5 6 26
      vertex 6.27548 14.6411 15.7265
      vertex 6.24382 14.2882 15.6563
    endloop
  endfacet
  facet normal -0.995997 0.0893848 0
    outer loop
      vertex 5.5 6 26
      vertex 6.0609 12.25 13
      vertex 5.5 6 0
    endloop
  endfacet
  facet normal -0.995997 0.0893899 2.48157e-06
    outer loop
      vertex 6.0609 12.25 13
      vertex 5.5 6 26
      vertex 6.06301 12.2735 13.3589
    endloop
  endfacet
  facet normal -0.995997 0.0893848 -8.09304e-08
    outer loop
      vertex 6.06301 12.2735 13.3589
      vertex 5.5 6 26
      vertex 6.06931 12.3437 13.7118
    endloop
  endfacet
  facet normal -0.995997 0.0893844 -1.46502e-07
    outer loop
      vertex 6.40214 16.0524 15.5407
      vertex 5.5 6 26
      vertex 9 45 26
    endloop
  endfacet
  facet normal -0.995997 0.0893921 5.597e-06
    outer loop
      vertex 6.21325 13.9476 15.5407
      vertex 5.5 6 26
      vertex 6.24382 14.2882 15.6563
    endloop
  endfacet
  facet normal -0.995995 0.0894039 1.46107e-05
    outer loop
      vertex 6.18429 13.625 15.3816
      vertex 5.5 6 26
      vertex 6.21325 13.9476 15.5407
    endloop
  endfacet
  facet normal -0.995998 0.089379 -3.41994e-06
    outer loop
      vertex 6.15745 13.3259 15.1817
      vertex 5.5 6 26
      vertex 6.18429 13.625 15.3816
    endloop
  endfacet
  facet normal -0.995997 0.0893919 5.36406e-06
    outer loop
      vertex 6.13318 13.0555 14.9445
      vertex 5.5 6 26
      vertex 6.15745 13.3259 15.1817
    endloop
  endfacet
  facet normal -0.995999 0.0893667 -1.08294e-05
    outer loop
      vertex 6.1119 12.8183 14.6741
      vertex 5.5 6 26
      vertex 6.13318 13.0555 14.9445
    endloop
  endfacet
  facet normal -0.995997 0.0893851 3.45315e-07
    outer loop
      vertex 6.09396 12.6184 14.375
      vertex 5.5 6 26
      vertex 6.1119 12.8183 14.6741
    endloop
  endfacet
  facet normal -0.995997 0.0893896 2.92852e-06
    outer loop
      vertex 6.07968 12.4593 14.0524
      vertex 5.5 6 26
      vertex 6.09396 12.6184 14.375
    endloop
  endfacet
  facet normal -0.995999 0.0893699 -7.806e-06
    outer loop
      vertex 6.06931 12.3437 13.7118
      vertex 5.5 6 26
      vertex 6.07968 12.4593 14.0524
    endloop
  endfacet
  facet normal -0.843661 -0.536875 0
    outer loop
      vertex 9 0.5 0
      vertex 5.5 6 26
      vertex 5.5 6 0
    endloop
  endfacet
  facet normal -0.843661 -0.536875 0
    outer loop
      vertex 5.5 6 26
      vertex 9 0.5 0
      vertex 9 0.5 26
    endloop
  endfacet
  facet normal 0.5547 -0.83205 0
    outer loop
      vertex 9 0.5 0
      vertex 10.5 1.5 26
      vertex 9 0.5 26
    endloop
  endfacet
  facet normal 0.5547 -0.83205 0
    outer loop
      vertex 10.5 1.5 26
      vertex 9 0.5 0
      vertex 10.5 1.5 0
    endloop
  endfacet
  facet normal 0.910366 0.413803 0
    outer loop
      vertex 10.5 1.5 26
      vertex 8 7 0
      vertex 8 7 26
    endloop
  endfacet
  facet normal 0.910366 0.413803 0
    outer loop
      vertex 8 7 0
      vertex 10.5 1.5 26
      vertex 10.5 1.5 0
    endloop
  endfacet
  facet normal 0.994506 -0.104679 0
    outer loop
      vertex 12 45 26
      vertex 11.4474 39.75 13
      vertex 12 45 0
    endloop
  endfacet
  facet normal 0.99449 -0.104833 6.30831e-05
    outer loop
      vertex 12 45 26
      vertex 11.4449 39.7265 13.3589
      vertex 11.4474 39.75 13
    endloop
  endfacet
  facet normal 0.994501 -0.104732 2.02198e-05
    outer loop
      vertex 12 45 26
      vertex 11.4375 39.6563 13.7118
      vertex 11.4449 39.7265 13.3589
    endloop
  endfacet
  facet normal 0.994493 -0.104803 5.16e-05
    outer loop
      vertex 12 45 26
      vertex 11.4253 39.5407 14.0524
      vertex 11.4375 39.6563 13.7118
    endloop
  endfacet
  facet normal 0.994521 -0.104536 -7.1821e-05
    outer loop
      vertex 12 45 26
      vertex 11.4086 39.3816 14.375
      vertex 11.4253 39.5407 14.0524
    endloop
  endfacet
  facet normal 0.994488 -0.104849 8.13065e-05
    outer loop
      vertex 12 45 26
      vertex 11.3875 39.1817 14.6741
      vertex 11.4086 39.3816 14.375
    endloop
  endfacet
  facet normal 0.994524 -0.104509 -9.55658e-05
    outer loop
      vertex 12 45 26
      vertex 11.3626 38.9445 14.9445
      vertex 11.3875 39.1817 14.6741
    endloop
  endfacet
  facet normal 0.994496 -0.104774 5.14104e-05
    outer loop
      vertex 12 45 26
      vertex 11.3341 38.6741 15.1817
      vertex 11.3626 38.9445 14.9445
    endloop
  endfacet
  facet normal 0.994501 -0.104723 2.1029e-05
    outer loop
      vertex 12 45 26
      vertex 11.3026 38.375 15.3816
      vertex 11.3341 38.6741 15.1817
    endloop
  endfacet
  facet normal 0.99452 -0.104551 -8.74158e-05
    outer loop
      vertex 12 45 26
      vertex 11.2687 38.0524 15.5407
      vertex 11.3026 38.375 15.3816
    endloop
  endfacet
  facet normal 0.994494 -0.104796 7.70112e-05
    outer loop
      vertex 12 45 26
      vertex 11.2328 37.7118 15.6563
      vertex 11.2687 38.0524 15.5407
    endloop
  endfacet
  facet normal 0.994518 -0.104569 -8.42703e-05
    outer loop
      vertex 12 45 26
      vertex 11.1957 37.3589 15.7265
      vertex 11.2328 37.7118 15.6563
    endloop
  endfacet
  facet normal 0.9945 -0.10474 4.38028e-05
    outer loop
      vertex 12 45 26
      vertex 11.1579 37 15.75
      vertex 11.1957 37.3589 15.7265
    endloop
  endfacet
  facet normal 0.994499 -0.104746 4.85209e-05
    outer loop
      vertex 12 45 26
      vertex 11.1201 36.6411 15.7265
      vertex 11.1579 37 15.75
    endloop
  endfacet
  facet normal 0.994522 -0.104527 -0.000131411
    outer loop
      vertex 12 45 26
      vertex 11.083 36.2882 15.6563
      vertex 11.1201 36.6411 15.7265
    endloop
  endfacet
  facet normal 0.994485 -0.104878 0.000167364
    outer loop
      vertex 12 45 26
      vertex 11.0471 35.9476 15.5407
      vertex 11.083 36.2882 15.6563
    endloop
  endfacet
  facet normal 0.994538 -0.104376 -0.000272134
    outer loop
      vertex 12 45 26
      vertex 11.0132 35.625 15.3816
      vertex 11.0471 35.9476 15.5407
    endloop
  endfacet
  facet normal 0.994505 -0.104687 5.9601e-06
    outer loop
      vertex 8.98684 16.375 15.3816
      vertex 11.0132 35.625 15.3816
      vertex 12 45 26
    endloop
  endfacet
  facet normal 0.994505 -0.104687 -7.51354e-05
    outer loop
      vertex 11.0132 35.625 15.3816
      vertex 8.98684 16.375 15.3816
      vertex 10.9817 35.3259 15.1817
    endloop
  endfacet
  facet normal 0.994506 -0.104683 -7.30078e-05
    outer loop
      vertex 10.8709 34.2735 13.3589
      vertex 9.13158 17.75 13
      vertex 10.8684 34.25 13
    endloop
  endfacet
  facet normal 0.994505 -0.104685 -2.95383e-05
    outer loop
      vertex 9.1291 17.7265 13.3589
      vertex 10.8709 34.2735 13.3589
      vertex 10.8783 34.3437 13.7118
    endloop
  endfacet
  facet normal 0.994505 -0.104685 -9.1972e-05
    outer loop
      vertex 9.12172 17.6563 13.7118
      vertex 10.8783 34.3437 13.7118
      vertex 10.8905 34.4593 14.0524
    endloop
  endfacet
  facet normal 0.994505 -0.104688 0.000147613
    outer loop
      vertex 9.10954 17.5407 14.0524
      vertex 10.8905 34.4593 14.0524
      vertex 10.9072 34.6184 14.375
    endloop
  endfacet
  facet normal 0.994505 -0.104685 0.00014
    outer loop
      vertex 9.0928 17.3816 14.375
      vertex 10.9072 34.6184 14.375
      vertex 10.9282 34.8183 14.6741
    endloop
  endfacet
  facet normal 0.994506 -0.104682 -0.000118331
    outer loop
      vertex 9.07176 17.1817 14.6741
      vertex 10.9282 34.8183 14.6741
      vertex 10.9532 35.0555 14.9445
    endloop
  endfacet
  facet normal 0.994505 -0.104686 2.69972e-05
    outer loop
      vertex 9.01833 16.6741 15.1817
      vertex 10.9817 35.3259 15.1817
      vertex 8.98684 16.375 15.3816
    endloop
  endfacet
  facet normal 0.994505 -0.104685 1.74595e-05
    outer loop
      vertex 10.8709 34.2735 13.3589
      vertex 9.1291 17.7265 13.3589
      vertex 9.13158 17.75 13
    endloop
  endfacet
  facet normal 0.994505 -0.104685 -2.6835e-05
    outer loop
      vertex 10.8783 34.3437 13.7118
      vertex 9.12172 17.6563 13.7118
      vertex 9.1291 17.7265 13.3589
    endloop
  endfacet
  facet normal 0.994505 -0.104688 3.27169e-05
    outer loop
      vertex 10.8905 34.4593 14.0524
      vertex 9.10954 17.5407 14.0524
      vertex 9.12172 17.6563 13.7118
    endloop
  endfacet
  facet normal 0.994505 -0.104685 -2.27152e-05
    outer loop
      vertex 10.9072 34.6184 14.375
      vertex 9.0928 17.3816 14.375
      vertex 9.10954 17.5407 14.0524
    endloop
  endfacet
  facet normal 0.994506 -0.104682 -5.33384e-06
    outer loop
      vertex 10.9282 34.8183 14.6741
      vertex 9.07176 17.1817 14.6741
      vertex 9.0928 17.3816 14.375
    endloop
  endfacet
  facet normal 0.994506 -0.104684 6.33962e-06
    outer loop
      vertex 10.9532 35.0555 14.9445
      vertex 9.04679 16.9445 14.9445
      vertex 9.07176 17.1817 14.6741
    endloop
  endfacet
  facet normal 0.994506 -0.104684 -1.25482e-05
    outer loop
      vertex 10.9532 35.0555 14.9445
      vertex 9.01833 16.6741 15.1817
      vertex 9.04679 16.9445 14.9445
    endloop
  endfacet
  facet normal 0.994505 -0.104686 -0.000153092
    outer loop
      vertex 10.9817 35.3259 15.1817
      vertex 9.01833 16.6741 15.1817
      vertex 10.9532 35.0555 14.9445
    endloop
  endfacet
  facet normal 0.994505 -0.104685 -1.97176e-07
    outer loop
      vertex 8 7 26
      vertex 8.98684 16.375 15.3816
      vertex 12 45 26
    endloop
  endfacet
  facet normal 0.994504 -0.104696 -1.04987e-05
    outer loop
      vertex 8.98684 16.375 15.3816
      vertex 8 7 26
      vertex 8.95288 16.0524 15.5407
    endloop
  endfacet
  facet normal 0.994507 -0.104674 8.84944e-06
    outer loop
      vertex 8.95288 16.0524 15.5407
      vertex 8 7 26
      vertex 8.91703 15.7118 15.6563
    endloop
  endfacet
  facet normal 0.994508 -0.10466 2.08264e-05
    outer loop
      vertex 8.91703 15.7118 15.6563
      vertex 8 7 26
      vertex 8.87989 15.3589 15.7265
    endloop
  endfacet
  facet normal 0.994502 -0.104717 -2.57292e-05
    outer loop
      vertex 8.87989 15.3589 15.7265
      vertex 8 7 26
      vertex 8.8421 15 15.75
    endloop
  endfacet
  facet normal 0.994505 -0.104687 -2.65169e-06
    outer loop
      vertex 8.8421 15 15.75
      vertex 8 7 26
      vertex 8.80432 14.6411 15.7265
    endloop
  endfacet
  facet normal 0.994502 -0.104721 -1.50761e-05
    outer loop
      vertex 8.55511 12.2735 13.3589
      vertex 8 7 26
      vertex 8.55263 12.25 13
    endloop
  endfacet
  facet normal 0.994505 -0.104688 -8.83989e-07
    outer loop
      vertex 8.5625 12.3437 13.7118
      vertex 8 7 26
      vertex 8.55511 12.2735 13.3589
    endloop
  endfacet
  facet normal 0.994505 -0.104691 -2.40265e-06
    outer loop
      vertex 8.57467 12.4593 14.0524
      vertex 8 7 26
      vertex 8.5625 12.3437 13.7118
    endloop
  endfacet
  facet normal 0.994508 -0.104662 1.122e-05
    outer loop
      vertex 8.59141 12.6184 14.375
      vertex 8 7 26
      vertex 8.57467 12.4593 14.0524
    endloop
  endfacet
  facet normal 0.994506 -0.104679 2.91152e-06
    outer loop
      vertex 8.61245 12.8183 14.6741
      vertex 8 7 26
      vertex 8.59141 12.6184 14.375
    endloop
  endfacet
  facet normal 0.994505 -0.104689 -2.29052e-06
    outer loop
      vertex 8.63742 13.0555 14.9445
      vertex 8 7 26
      vertex 8.61245 12.8183 14.6741
    endloop
  endfacet
  facet normal 0.994506 -0.104677 4.23305e-06
    outer loop
      vertex 8.66588 13.3259 15.1817
      vertex 8 7 26
      vertex 8.63742 13.0555 14.9445
    endloop
  endfacet
  facet normal 0.994504 -0.104698 -8.37162e-06
    outer loop
      vertex 8.69737 13.625 15.3816
      vertex 8 7 26
      vertex 8.66588 13.3259 15.1817
    endloop
  endfacet
  facet normal 0.994505 -0.10469 -2.98338e-06
    outer loop
      vertex 8.73133 13.9476 15.5407
      vertex 8 7 26
      vertex 8.69737 13.625 15.3816
    endloop
  endfacet
  facet normal 0.994506 -0.104679 4.45088e-06
    outer loop
      vertex 8.76718 14.2882 15.6563
      vertex 8 7 26
      vertex 8.73133 13.9476 15.5407
    endloop
  endfacet
  facet normal 0.994507 -0.104667 1.29212e-05
    outer loop
      vertex 8.80432 14.6411 15.7265
      vertex 8 7 26
      vertex 8.76718 14.2882 15.6563
    endloop
  endfacet
  facet normal 0.99449 -0.104833 -6.30831e-05
    outer loop
      vertex 11.4449 39.7265 12.6411
      vertex 12 45 0
      vertex 11.4474 39.75 13
    endloop
  endfacet
  facet normal 0.994501 -0.104732 -2.02198e-05
    outer loop
      vertex 11.4375 39.6563 12.2882
      vertex 12 45 0
      vertex 11.4449 39.7265 12.6411
    endloop
  endfacet
  facet normal 0.994493 -0.104803 -5.16e-05
    outer loop
      vertex 11.4253 39.5407 11.9476
      vertex 12 45 0
      vertex 11.4375 39.6563 12.2882
    endloop
  endfacet
  facet normal 0.994521 -0.104536 7.1821e-05
    outer loop
      vertex 11.4086 39.3816 11.625
      vertex 12 45 0
      vertex 11.4253 39.5407 11.9476
    endloop
  endfacet
  facet normal 0.994488 -0.104849 -8.13065e-05
    outer loop
      vertex 11.3875 39.1817 11.3259
      vertex 12 45 0
      vertex 11.4086 39.3816 11.625
    endloop
  endfacet
  facet normal 0.994524 -0.104509 9.55658e-05
    outer loop
      vertex 11.3626 38.9445 11.0555
      vertex 12 45 0
      vertex 11.3875 39.1817 11.3259
    endloop
  endfacet
  facet normal 0.994496 -0.104774 -5.14104e-05
    outer loop
      vertex 11.3341 38.6741 10.8183
      vertex 12 45 0
      vertex 11.3626 38.9445 11.0555
    endloop
  endfacet
  facet normal 0.994501 -0.104723 -2.1029e-05
    outer loop
      vertex 11.3026 38.375 10.6184
      vertex 12 45 0
      vertex 11.3341 38.6741 10.8183
    endloop
  endfacet
  facet normal 0.99452 -0.104551 8.74158e-05
    outer loop
      vertex 11.2687 38.0524 10.4593
      vertex 12 45 0
      vertex 11.3026 38.375 10.6184
    endloop
  endfacet
  facet normal 0.994494 -0.104796 -7.70112e-05
    outer loop
      vertex 11.2328 37.7118 10.3437
      vertex 12 45 0
      vertex 11.2687 38.0524 10.4593
    endloop
  endfacet
  facet normal 0.994518 -0.104569 8.42703e-05
    outer loop
      vertex 11.1957 37.3589 10.2735
      vertex 12 45 0
      vertex 11.2328 37.7118 10.3437
    endloop
  endfacet
  facet normal 0.9945 -0.10474 -4.38028e-05
    outer loop
      vertex 11.1579 37 10.25
      vertex 12 45 0
      vertex 11.1957 37.3589 10.2735
    endloop
  endfacet
  facet normal 0.994499 -0.104746 -4.85209e-05
    outer loop
      vertex 11.1201 36.6411 10.2735
      vertex 12 45 0
      vertex 11.1579 37 10.25
    endloop
  endfacet
  facet normal 0.994522 -0.104527 0.000131411
    outer loop
      vertex 11.083 36.2882 10.3437
      vertex 12 45 0
      vertex 11.1201 36.6411 10.2735
    endloop
  endfacet
  facet normal 0.994485 -0.104878 -0.000167364
    outer loop
      vertex 11.0471 35.9476 10.4593
      vertex 12 45 0
      vertex 11.083 36.2882 10.3437
    endloop
  endfacet
  facet normal 0.994538 -0.104376 0.000272134
    outer loop
      vertex 11.0132 35.625 10.6184
      vertex 12 45 0
      vertex 11.0471 35.9476 10.4593
    endloop
  endfacet
  facet normal 0.994505 -0.104687 7.51354e-05
    outer loop
      vertex 8.98684 16.375 10.6184
      vertex 11.0132 35.625 10.6184
      vertex 10.9817 35.3259 10.8183
    endloop
  endfacet
  facet normal 0.994505 -0.104686 0.000153092
    outer loop
      vertex 9.01833 16.6741 10.8183
      vertex 10.9817 35.3259 10.8183
      vertex 10.9532 35.0555 11.0555
    endloop
  endfacet
  facet normal 0.994506 -0.104683 7.30078e-05
    outer loop
      vertex 9.13158 17.75 13
      vertex 10.8709 34.2735 12.6411
      vertex 10.8684 34.25 13
    endloop
  endfacet
  facet normal 0.994505 -0.104685 -1.74595e-05
    outer loop
      vertex 9.1291 17.7265 12.6411
      vertex 10.8709 34.2735 12.6411
      vertex 9.13158 17.75 13
    endloop
  endfacet
  facet normal 0.994505 -0.104685 2.95383e-05
    outer loop
      vertex 10.8709 34.2735 12.6411
      vertex 9.1291 17.7265 12.6411
      vertex 10.8783 34.3437 12.2882
    endloop
  endfacet
  facet normal 0.994505 -0.104685 2.6835e-05
    outer loop
      vertex 9.12172 17.6563 12.2882
      vertex 10.8783 34.3437 12.2882
      vertex 9.1291 17.7265 12.6411
    endloop
  endfacet
  facet normal 0.994505 -0.104685 9.1972e-05
    outer loop
      vertex 10.8783 34.3437 12.2882
      vertex 9.12172 17.6563 12.2882
      vertex 10.8905 34.4593 11.9476
    endloop
  endfacet
  facet normal 0.994505 -0.104688 -3.27169e-05
    outer loop
      vertex 9.10954 17.5407 11.9476
      vertex 10.8905 34.4593 11.9476
      vertex 9.12172 17.6563 12.2882
    endloop
  endfacet
  facet normal 0.994505 -0.104688 -0.000147613
    outer loop
      vertex 10.8905 34.4593 11.9476
      vertex 9.10954 17.5407 11.9476
      vertex 10.9072 34.6184 11.625
    endloop
  endfacet
  facet normal 0.994505 -0.104685 2.27152e-05
    outer loop
      vertex 9.0928 17.3816 11.625
      vertex 10.9072 34.6184 11.625
      vertex 9.10954 17.5407 11.9476
    endloop
  endfacet
  facet normal 0.994505 -0.104685 -0.00014
    outer loop
      vertex 10.9072 34.6184 11.625
      vertex 9.0928 17.3816 11.625
      vertex 10.9282 34.8183 11.3259
    endloop
  endfacet
  facet normal 0.994506 -0.104682 5.33384e-06
    outer loop
      vertex 9.07176 17.1817 11.3259
      vertex 10.9282 34.8183 11.3259
      vertex 9.0928 17.3816 11.625
    endloop
  endfacet
  facet normal 0.994506 -0.104682 0.000118331
    outer loop
      vertex 10.9282 34.8183 11.3259
      vertex 9.07176 17.1817 11.3259
      vertex 10.9532 35.0555 11.0555
    endloop
  endfacet
  facet normal 0.994506 -0.104684 -6.33962e-06
    outer loop
      vertex 9.04679 16.9445 11.0555
      vertex 10.9532 35.0555 11.0555
      vertex 9.07176 17.1817 11.3259
    endloop
  endfacet
  facet normal 0.994506 -0.104684 1.25482e-05
    outer loop
      vertex 9.01833 16.6741 10.8183
      vertex 10.9532 35.0555 11.0555
      vertex 9.04679 16.9445 11.0555
    endloop
  endfacet
  facet normal 0.994505 -0.104686 -2.69972e-05
    outer loop
      vertex 10.9817 35.3259 10.8183
      vertex 9.01833 16.6741 10.8183
      vertex 8.98684 16.375 10.6184
    endloop
  endfacet
  facet normal 0.994505 -0.104687 -5.9601e-06
    outer loop
      vertex 11.0132 35.625 10.6184
      vertex 8.98684 16.375 10.6184
      vertex 12 45 0
    endloop
  endfacet
  facet normal 0.994504 -0.104696 1.04987e-05
    outer loop
      vertex 8 7 0
      vertex 8.98684 16.375 10.6184
      vertex 8.95288 16.0524 10.4593
    endloop
  endfacet
  facet normal 0.994507 -0.104674 -8.84944e-06
    outer loop
      vertex 8 7 0
      vertex 8.95288 16.0524 10.4593
      vertex 8.91703 15.7118 10.3437
    endloop
  endfacet
  facet normal 0.994508 -0.10466 -2.08264e-05
    outer loop
      vertex 8 7 0
      vertex 8.91703 15.7118 10.3437
      vertex 8.87989 15.3589 10.2735
    endloop
  endfacet
  facet normal 0.994502 -0.104717 2.57292e-05
    outer loop
      vertex 8 7 0
      vertex 8.87989 15.3589 10.2735
      vertex 8.8421 15 10.25
    endloop
  endfacet
  facet normal 0.994505 -0.104687 2.65169e-06
    outer loop
      vertex 8 7 0
      vertex 8.8421 15 10.25
      vertex 8.80432 14.6411 10.2735
    endloop
  endfacet
  facet normal 0.994507 -0.104667 -1.29212e-05
    outer loop
      vertex 8 7 0
      vertex 8.80432 14.6411 10.2735
      vertex 8.76718 14.2882 10.3437
    endloop
  endfacet
  facet normal 0.994505 -0.104684 0
    outer loop
      vertex 8 7 0
      vertex 8.55263 12.25 13
      vertex 8 7 26
    endloop
  endfacet
  facet normal 0.994502 -0.104721 1.50761e-05
    outer loop
      vertex 8.55263 12.25 13
      vertex 8 7 0
      vertex 8.55511 12.2735 12.6411
    endloop
  endfacet
  facet normal 0.994505 -0.104688 8.83989e-07
    outer loop
      vertex 8.55511 12.2735 12.6411
      vertex 8 7 0
      vertex 8.5625 12.3437 12.2882
    endloop
  endfacet
  facet normal 0.994505 -0.104685 1.97176e-07
    outer loop
      vertex 8.98684 16.375 10.6184
      vertex 8 7 0
      vertex 12 45 0
    endloop
  endfacet
  facet normal 0.994506 -0.104679 -4.45088e-06
    outer loop
      vertex 8.73133 13.9476 10.4593
      vertex 8 7 0
      vertex 8.76718 14.2882 10.3437
    endloop
  endfacet
  facet normal 0.994505 -0.10469 2.98338e-06
    outer loop
      vertex 8.69737 13.625 10.6184
      vertex 8 7 0
      vertex 8.73133 13.9476 10.4593
    endloop
  endfacet
  facet normal 0.994504 -0.104698 8.37162e-06
    outer loop
      vertex 8.66588 13.3259 10.8183
      vertex 8 7 0
      vertex 8.69737 13.625 10.6184
    endloop
  endfacet
  facet normal 0.994506 -0.104677 -4.23305e-06
    outer loop
      vertex 8.63742 13.0555 11.0555
      vertex 8 7 0
      vertex 8.66588 13.3259 10.8183
    endloop
  endfacet
  facet normal 0.994505 -0.104689 2.29052e-06
    outer loop
      vertex 8.61245 12.8183 11.3259
      vertex 8 7 0
      vertex 8.63742 13.0555 11.0555
    endloop
  endfacet
  facet normal 0.994506 -0.104679 -2.91152e-06
    outer loop
      vertex 8.59141 12.6184 11.625
      vertex 8 7 0
      vertex 8.61245 12.8183 11.3259
    endloop
  endfacet
  facet normal 0.994508 -0.104662 -1.122e-05
    outer loop
      vertex 8.57467 12.4593 11.9476
      vertex 8 7 0
      vertex 8.59141 12.6184 11.625
    endloop
  endfacet
  facet normal 0.994505 -0.104691 2.40265e-06
    outer loop
      vertex 8.5625 12.3437 12.2882
      vertex 8 7 0
      vertex 8.57467 12.4593 11.9476
    endloop
  endfacet
  facet normal 0.997861 0.0653688 0
    outer loop
      vertex 12 45 26
      vertex 11.9487 45.7831 0
      vertex 11.9487 45.7831 26
    endloop
  endfacet
  facet normal 0.997861 0.0653688 0
    outer loop
      vertex 11.9487 45.7831 0
      vertex 12 45 26
      vertex 12 45 0
    endloop
  endfacet
endsolid OpenSCAD_Model
