solid OpenSCAD_Model
  facet normal -0.144084 0.215632 -0.965786
    outer loop
      vertex 3.40245 1.66895 0.0192146
      vertex 3.30432 1.75501 0.0530691
      vertex 3.33928 1.77837 0.0530691
    endloop
  endfacet
  facet normal 0.427254 -0.866441 -0.258328
    outer loop
      vertex 8.87533 -2.40613 0.804909
      vertex 8.86237 -2.37485 0.67856
      vertex 8.97346 -2.32007 0.67856
    endloop
  endfacet
  facet normal 0.745429 -0.653741 -0.130221
    outer loop
      vertex 9.20559 -2.20559 0.934596
      vertex 9.19352 -2.19352 0.804909
      vertex 9.29165 -2.10746 0.934596
    endloop
  endfacet
  facet normal -0.555531 -0.831496 0
    outer loop
      vertex 2.89254 -2.29166 0.934596
      vertex 3.00107 -2.36417 2.5
      vertex 2.89254 -2.29166 2.5
    endloop
  endfacet
  facet normal -0.555531 -0.831496 -0
    outer loop
      vertex 3.00107 -2.36417 2.5
      vertex 2.89254 -2.29166 0.934596
      vertex 3.00107 -2.36417 0.934596
    endloop
  endfacet
  facet normal 0.278234 -0.416386 -0.865568
    outer loop
      vertex 8.77778 -1.98114 0.16853
      vertex 8.72114 -1.88303 0.103127
      vertex 8.83821 -1.94076 0.16853
    endloop
  endfacet
  facet normal -0.064868 0.98935 -0.130299
    outer loop
      vertex 3.5 2.48078 0.804909
      vertex 3.36975 2.48932 0.934596
      vertex 3.5 2.49786 0.934596
    endloop
  endfacet
  facet normal 0.13813 -0.694263 -0.706341
    outer loop
      vertex 8.69459 -2.22622 0.340653
      vertex 8.58606 -2.15371 0.248159
      vertex 8.67065 -2.13688 0.248159
    endloop
  endfacet
  facet normal 1 -0 0
    outer loop
      vertex 9.49786 -1.5 2.5
      vertex 9.49786 1.5 0.934596
      vertex 9.49786 1.5 2.5
    endloop
  endfacet
  facet normal 1 0 0
    outer loop
      vertex 9.49786 1.5 0.934596
      vertex 9.49786 -1.5 2.5
      vertex 9.49786 -1.5 0.934596
    endloop
  endfacet
  facet normal -0.720442 0.481427 -0.499191
    outer loop
      vertex 2.84035 2.00617 0.444429
      vertex 2.72328 1.94844 0.557711
      vertex 2.78846 2.04598 0.557711
    endloop
  endfacet
  facet normal 0.427338 0.866423 -0.25825
    outer loop
      vertex 8.97346 2.32007 0.67856
      vertex 8.87533 2.40613 0.804909
      vertex 8.99039 2.34938 0.804909
    endloop
  endfacet
  facet normal -0.997857 -0.0654257 0
    outer loop
      vertex 2.51068 -1.63025 0.934596
      vertex 2.50214 -1.5 2.5
      vertex 2.50214 -1.5 0.934596
    endloop
  endfacet
  facet normal -0.997857 -0.0654257 0
    outer loop
      vertex 2.50214 -1.5 2.5
      vertex 2.51068 -1.63025 0.934596
      vertex 2.51068 -1.63025 2.5
    endloop
  endfacet
  facet normal -0.0604185 -0.92219 -0.381988
    outer loop
      vertex 3.5 -2.39687 0.557711
      vertex 3.3764 -2.43883 0.67856
      vertex 3.38293 -2.3892 0.557711
    endloop
  endfacet
  facet normal 0.964006 -0.0631777 -0.258266
    outer loop
      vertex 9.47239 -1.62802 0.804909
      vertex 9.44693 -1.5 0.67856
      vertex 9.48078 -1.5 0.804909
    endloop
  endfacet
  facet normal 0.278234 0.416386 -0.865568
    outer loop
      vertex 8.83821 1.94076 0.16853
      vertex 8.72114 1.88303 0.103127
      vertex 8.77778 1.98114 0.16853
    endloop
  endfacet
  facet normal 0.0505843 0.254341 -0.965791
    outer loop
      vertex 8.55049 1.68844 0.0192146
      vertex 8.54196 1.81869 0.0530691
      vertex 8.58319 1.81049 0.0530691
    endloop
  endfacet
  facet normal 0.42727 -0.866438 -0.258313
    outer loop
      vertex 8.99039 -2.34939 0.804909
      vertex 8.87533 -2.40613 0.804909
      vertex 8.97346 -2.32007 0.67856
    endloop
  endfacet
  facet normal 0.466726 -0.532229 -0.706327
    outer loop
      vertex 8.95769 -2.09647 0.340653
      vertex 8.90138 -2.0231 0.248159
      vertex 9.03163 -2.03163 0.340653
    endloop
  endfacet
  facet normal -0.831496 -0.555531 0
    outer loop
      vertex 2.70834 -2.10746 0.934596
      vertex 2.63583 -1.99893 2.5
      vertex 2.63583 -1.99893 0.934596
    endloop
  endfacet
  facet normal -0.831496 -0.555531 0
    outer loop
      vertex 2.63583 -1.99893 2.5
      vertex 2.70834 -2.10746 0.934596
      vertex 2.70834 -2.10746 2.5
    endloop
  endfacet
  facet normal 0.513414 0.768427 -0.382002
    outer loop
      vertex 9.04598 2.21154 0.557711
      vertex 8.94844 2.27671 0.557711
      vertex 8.97346 2.32007 0.67856
    endloop
  endfacet
  facet normal 0.0327323 -0.499736 -0.865559
    outer loop
      vertex 8.57252 -2.05082 0.16853
      vertex 8.5 -2.05557 0.16853
      vertex 8.5 -1.94229 0.103127
    endloop
  endfacet
  facet normal 0.0748171 -0.376007 -0.923591
    outer loop
      vertex 8.55773 -1.93851 0.103127
      vertex 8.54196 -1.81869 0.0530691
      vertex 8.61447 -1.92722 0.103127
    endloop
  endfacet
  facet normal 0.343834 -0.169597 -0.923588
    outer loop
      vertex 8.88303 -1.72114 0.103127
      vertex 8.79697 -1.62301 0.0530691
      vertex 8.90862 -1.66926 0.103127
    endloop
  endfacet
  facet normal 0.972438 -0.193394 -0.130239
    outer loop
      vertex 9.46386 -1.75827 0.934596
      vertex 9.44737 -1.75385 0.804909
      vertex 9.48932 -1.63025 0.934596
    endloop
  endfacet
  facet normal 0.972441 0.19336 -0.130272
    outer loop
      vertex 9.47239 1.62802 0.804909
      vertex 9.44737 1.75385 0.804909
      vertex 9.48932 1.63025 0.934596
    endloop
  endfacet
  facet normal 0.0726648 0.108768 -0.991408
    outer loop
      vertex 8.53981 1.55189 0.002141
      vertex 8.5327 1.55664 0.002141
      vertex 8.61876 1.65477 0.0192146
    endloop
  endfacet
  facet normal 0.831461 0.555584 0
    outer loop
      vertex 9.36417 1.99893 2.5
      vertex 9.29165 2.10746 0.934596
      vertex 9.29165 2.10746 2.5
    endloop
  endfacet
  facet normal 0.831461 0.555584 0
    outer loop
      vertex 9.29165 2.10746 0.934596
      vertex 9.36417 1.99893 2.5
      vertex 9.36417 1.99893 0.934596
    endloop
  endfacet
  facet normal 0.408723 0.828862 -0.382012
    outer loop
      vertex 8.94844 2.27671 0.557711
      vertex 8.86237 2.37485 0.67856
      vertex 8.97346 2.32007 0.67856
    endloop
  endfacet
  facet normal 0.726311 -0.637004 -0.258261
    outer loop
      vertex 9.27811 -2.09706 0.804909
      vertex 9.16958 -2.16958 0.67856
      vertex 9.25125 -2.07646 0.67856
    endloop
  endfacet
  facet normal 0.513469 -0.768413 -0.381957
    outer loop
      vertex 9.07645 -2.25125 0.67856
      vertex 8.97346 -2.32007 0.67856
      vertex 9.04598 -2.21154 0.557711
    endloop
  endfacet
  facet normal 0.906409 -0.180342 -0.381967
    outer loop
      vertex 9.41466 -1.74508 0.67856
      vertex 9.36631 -1.73213 0.557711
      vertex 9.43883 -1.6236 0.67856
    endloop
  endfacet
  facet normal 0.997857 -0.0654257 0
    outer loop
      vertex 9.48932 -1.63025 2.5
      vertex 9.49786 -1.5 0.934596
      vertex 9.49786 -1.5 2.5
    endloop
  endfacet
  facet normal 0.997857 -0.0654257 0
    outer loop
      vertex 9.49786 -1.5 0.934596
      vertex 9.48932 -1.63025 2.5
      vertex 9.48932 -1.63025 0.934596
    endloop
  endfacet
  facet normal -0.80324 -0.536749 -0.258275
    outer loop
      vertex 2.72189 -2.09706 0.804909
      vertex 2.65061 -1.99039 0.804909
      vertex 2.67993 -1.97347 0.67856
    endloop
  endfacet
  facet normal -0.18032 0.906406 -0.381984
    outer loop
      vertex 3.38293 2.3892 0.557711
      vertex 3.26787 2.36631 0.557711
      vertex 3.3764 2.43883 0.67856
    endloop
  endfacet
  facet normal -0.00855773 0.130518 -0.991409
    outer loop
      vertex 3.49146 1.56484 0.002141
      vertex 3.47453 1.69342 0.0192146
      vertex 3.5 1.69509 0.0192146
    endloop
  endfacet
  facet normal 0.441116 -0.66014 -0.607973
    outer loop
      vertex 9.00617 -2.15965 0.444429
      vertex 8.87592 -2.15111 0.340653
      vertex 8.95769 -2.09647 0.340653
    endloop
  endfacet
  facet normal 0.506839 -0.338694 -0.792718
    outer loop
      vertex 9.02309 -1.90138 0.248159
      vertex 8.94076 -1.83821 0.16853
      vertex 9.07101 -1.82967 0.248159
    endloop
  endfacet
  facet normal -0.046282 0.706323 -0.706375
    outer loop
      vertex 3.41394 2.1537 0.248159
      vertex 3.40187 2.24541 0.340653
      vertex 3.5 2.25184 0.340653
    endloop
  endfacet
  facet normal 0.130523 0 -0.991445
    outer loop
      vertex 8.5654 -1.5 0.002141
      vertex 8.69509 1.5 0.0192146
      vertex 8.69509 -1.5 0.0192146
    endloop
  endfacet
  facet normal 0.130523 0 -0.991445
    outer loop
      vertex 8.69509 1.5 0.0192146
      vertex 8.5654 -1.5 0.002141
      vertex 8.5654 1.5 0.002141
    endloop
  endfacet
  facet normal -0.745441 -0.65371 -0.130308
    outer loop
      vertex 2.80648 -2.19352 0.804909
      vertex 2.70834 -2.10746 0.934596
      vertex 2.72189 -2.09706 0.804909
    endloop
  endfacet
  facet normal -0.408729 -0.828873 -0.381982
    outer loop
      vertex 3.13762 -2.37485 0.67856
      vertex 3.02653 -2.32007 0.67856
      vertex 3.05156 -2.27672 0.557711
    endloop
  endfacet
  facet normal -0.321487 -0.946914 0
    outer loop
      vertex 3.11814 -2.4219 0.934596
      vertex 3.24173 -2.46386 2.5
      vertex 3.11814 -2.4219 2.5
    endloop
  endfacet
  facet normal -0.321487 -0.946914 -0
    outer loop
      vertex 3.24173 -2.46386 2.5
      vertex 3.11814 -2.4219 0.934596
      vertex 3.24173 -2.46386 0.934596
    endloop
  endfacet
  facet normal 0.636956 -0.726336 -0.25831
    outer loop
      vertex 9.19352 -2.19352 0.804909
      vertex 9.09706 -2.27811 0.804909
      vertex 9.16958 -2.16958 0.67856
    endloop
  endfacet
  facet normal 0 -0.258813 -0.965928
    outer loop
      vertex 3.5 -1.82144 0.0530691
      vertex 8.5 -1.69509 0.0192146
      vertex 8.5 -1.82144 0.0530691
    endloop
  endfacet
  facet normal -0 -0.258813 -0.965928
    outer loop
      vertex 8.5 -1.69509 0.0192146
      vertex 3.5 -1.82144 0.0530691
      vertex 3.5 -1.69509 0.0192146
    endloop
  endfacet
  facet normal 0.252811 -0.288184 -0.9236
    outer loop
      vertex 8.81275 -1.81275 0.103127
      vertex 8.69568 -1.75502 0.0530691
      vertex 8.72729 -1.72729 0.0530691
    endloop
  endfacet
  facet normal -0.169068 -0.849846 -0.499178
    outer loop
      vertex 3.38293 -2.3892 0.557711
      vertex 3.26787 -2.36631 0.557711
      vertex 3.39147 -2.32436 0.444429
    endloop
  endfacet
  facet normal 0.254341 -0.0505843 -0.965791
    outer loop
      vertex 8.81049 -1.58319 0.0530691
      vertex 8.68844 -1.55049 0.0192146
      vertex 8.81869 -1.54196 0.0530691
    endloop
  endfacet
  facet normal 0.442273 -0.89688 0
    outer loop
      vertex 8.88186 -2.4219 0.934596
      vertex 8.99893 -2.36417 2.5
      vertex 8.88186 -2.4219 2.5
    endloop
  endfacet
  facet normal 0.442273 -0.89688 0
    outer loop
      vertex 8.99893 -2.36417 2.5
      vertex 8.88186 -2.4219 0.934596
      vertex 8.99893 -2.36417 0.934596
    endloop
  endfacet
  facet normal 0.438508 -0.889245 -0.130212
    outer loop
      vertex 8.88186 -2.4219 0.934596
      vertex 8.87533 -2.40613 0.804909
      vertex 8.99893 -2.36417 0.934596
    endloop
  endfacet
  facet normal -0.0861759 0.0983994 -0.991409
    outer loop
      vertex 3.45375 1.54625 0.002141
      vertex 3.38124 1.65477 0.0192146
      vertex 3.46019 1.55189 0.002141
    endloop
  endfacet
  facet normal -0.376007 0.0748171 -0.923591
    outer loop
      vertex 3.18131 1.54196 0.0530691
      vertex 3.06149 1.55773 0.103127
      vertex 3.07278 1.61447 0.103127
    endloop
  endfacet
  facet normal 0.824399 0.55081 -0.130289
    outer loop
      vertex 9.34938 1.99039 0.804909
      vertex 9.27811 2.09706 0.804909
      vertex 9.36417 1.99893 0.934596
    endloop
  endfacet
  facet normal 0.118882 0.597873 -0.792726
    outer loop
      vertex 8.64379 2.03664 0.16853
      vertex 8.58606 2.1537 0.248159
      vertex 8.67065 2.13688 0.248159
    endloop
  endfacet
  facet normal 0 0.923872 -0.382701
    outer loop
      vertex 8.5 2.39687 0.557711
      vertex 3.5 2.44693 0.67856
      vertex 8.5 2.44693 0.67856
    endloop
  endfacet
  facet normal 0 0.923872 -0.382701
    outer loop
      vertex 3.5 2.44693 0.67856
      vertex 8.5 2.39687 0.557711
      vertex 3.5 2.39687 0.557711
    endloop
  endfacet
  facet normal 0.0648391 0.989356 -0.13027
    outer loop
      vertex 8.62802 2.47239 0.804909
      vertex 8.5 2.48078 0.804909
      vertex 8.63025 2.48932 0.934596
    endloop
  endfacet
  facet normal 0.824378 -0.550851 -0.130244
    outer loop
      vertex 9.29165 -2.10746 0.934596
      vertex 9.27811 -2.09706 0.804909
      vertex 9.36417 -1.99893 0.934596
    endloop
  endfacet
  facet normal 0.938857 -0.318723 -0.130241
    outer loop
      vertex 9.46386 -1.75827 0.934596
      vertex 9.40613 -1.87533 0.804909
      vertex 9.44737 -1.75385 0.804909
    endloop
  endfacet
  facet normal 0.777131 -0.383248 -0.499187
    outer loop
      vertex 9.27671 -1.94844 0.557711
      vertex 9.22007 -1.91574 0.444429
      vertex 9.3286 -1.84322 0.557711
    endloop
  endfacet
  facet normal 0.408694 -0.828889 -0.381986
    outer loop
      vertex 8.86237 -2.37485 0.67856
      vertex 8.84322 -2.3286 0.557711
      vertex 8.94844 -2.27672 0.557711
    endloop
  endfacet
  facet normal 0 -1 0
    outer loop
      vertex 3.5 -2.49786 0.934596
      vertex 8.5 -2.49786 2.5
      vertex 3.5 -2.49786 2.5
    endloop
  endfacet
  facet normal 0 -1 -0
    outer loop
      vertex 8.5 -2.49786 2.5
      vertex 3.5 -2.49786 0.934596
      vertex 8.5 -2.49786 0.934596
    endloop
  endfacet
  facet normal -0.946922 0.321463 0
    outer loop
      vertex 2.53614 1.75826 0.934596
      vertex 2.5781 1.88186 2.5
      vertex 2.5781 1.88186 0.934596
    endloop
  endfacet
  facet normal -0.946922 0.321463 0
    outer loop
      vertex 2.5781 1.88186 2.5
      vertex 2.53614 1.75826 0.934596
      vertex 2.53614 1.75826 2.5
    endloop
  endfacet
  facet normal -0.712079 0.351221 -0.607937
    outer loop
      vertex 2.80539 1.78772 0.340653
      vertex 2.73182 1.81819 0.444429
      vertex 2.77993 1.91573 0.444429
    endloop
  endfacet
  facet normal -0.169062 0.84985 -0.499172
    outer loop
      vertex 3.2848 2.30314 0.444429
      vertex 3.26787 2.36631 0.557711
      vertex 3.39147 2.32436 0.444429
    endloop
  endfacet
  facet normal 0.481377 0.720477 -0.499189
    outer loop
      vertex 9.00617 2.15965 0.444429
      vertex 8.94844 2.27671 0.557711
      vertex 9.04598 2.21154 0.557711
    endloop
  endfacet
  facet normal -0.922184 0.0604344 -0.382002
    outer loop
      vertex 2.60313 1.5 0.557711
      vertex 2.55307 1.5 0.67856
      vertex 2.56117 1.6236 0.67856
    endloop
  endfacet
  facet normal -0.989351 0.064916 -0.130271
    outer loop
      vertex 2.51921 1.5 0.804909
      vertex 2.51068 1.63025 0.934596
      vertex 2.52761 1.62802 0.804909
    endloop
  endfacet
  facet normal -0.972437 0.193409 -0.130225
    outer loop
      vertex 2.55263 1.75385 0.804909
      vertex 2.51068 1.63025 0.934596
      vertex 2.53614 1.75826 0.934596
    endloop
  endfacet
  facet normal -0.15491 -0.778712 -0.607956
    outer loop
      vertex 3.39147 -2.32436 0.444429
      vertex 3.2848 -2.30314 0.444429
      vertex 3.30541 -2.22622 0.340653
    endloop
  endfacet
  facet normal -0.792279 0.0519143 -0.607947
    outer loop
      vertex 2.74816 1.5 0.340653
      vertex 2.67564 1.60853 0.444429
      vertex 2.75459 1.59813 0.340653
    endloop
  endfacet
  facet normal -0.114718 -0.232585 -0.965787
    outer loop
      vertex 3.42534 -1.68024 0.0192146
      vertex 3.37699 -1.79697 0.0530691
      vertex 3.40245 -1.66895 0.0192146
    endloop
  endfacet
  facet normal 0.025524 0.128286 -0.991409
    outer loop
      vertex 8.55049 1.68844 0.0192146
      vertex 8.50854 1.56484 0.002141
      vertex 8.52546 1.69342 0.0192146
    endloop
  endfacet
  facet normal -0.824406 -0.550794 -0.130306
    outer loop
      vertex 2.70834 -2.10746 0.934596
      vertex 2.63583 -1.99893 0.934596
      vertex 2.72189 -2.09706 0.804909
    endloop
  endfacet
  facet normal -0.491182 0.0977264 -0.865557
    outer loop
      vertex 3.06149 1.55773 0.103127
      vertex 2.94918 1.57252 0.16853
      vertex 2.96336 1.64379 0.16853
    endloop
  endfacet
  facet normal -0.726336 -0.636956 -0.25831
    outer loop
      vertex 2.80648 -2.19352 0.804909
      vertex 2.72189 -2.09706 0.804909
      vertex 2.83042 -2.16958 0.67856
    endloop
  endfacet
  facet normal -0.278528 -0.820516 -0.499175
    outer loop
      vertex 3.26787 -2.36631 0.557711
      vertex 3.15678 -2.3286 0.557711
      vertex 3.2848 -2.30314 0.444429
    endloop
  endfacet
  facet normal 0.297037 -0.875142 -0.381962
    outer loop
      vertex 8.74508 -2.41466 0.67856
      vertex 8.73213 -2.36631 0.557711
      vertex 8.86237 -2.37485 0.67856
    endloop
  endfacet
  facet normal -0.195055 -0.980792 0
    outer loop
      vertex 3.24173 -2.46386 0.934596
      vertex 3.36975 -2.48932 2.5
      vertex 3.24173 -2.46386 2.5
    endloop
  endfacet
  facet normal -0.195055 -0.980792 -0
    outer loop
      vertex 3.36975 -2.48932 2.5
      vertex 3.24173 -2.46386 0.934596
      vertex 3.36975 -2.48932 0.934596
    endloop
  endfacet
  facet normal -0.442273 -0.89688 0
    outer loop
      vertex 3.00107 -2.36417 0.934596
      vertex 3.11814 -2.4219 2.5
      vertex 3.00107 -2.36417 2.5
    endloop
  endfacet
  facet normal -0.442273 -0.89688 -0
    outer loop
      vertex 3.11814 -2.4219 2.5
      vertex 3.00107 -2.36417 0.934596
      vertex 3.11814 -2.4219 0.934596
    endloop
  endfacet
  facet normal -0.866449 -0.427258 -0.258297
    outer loop
      vertex 2.67993 -1.97347 0.67856
      vertex 2.59387 -1.87533 0.804909
      vertex 2.62515 -1.86238 0.67856
    endloop
  endfacet
  facet normal 0.171023 -0.194952 -0.965787
    outer loop
      vertex 8.69568 -1.75502 0.0530691
      vertex 8.63795 -1.63795 0.0192146
      vertex 8.72729 -1.72729 0.0530691
    endloop
  endfacet
  facet normal -0.82437 0.550868 -0.130226
    outer loop
      vertex 2.65061 1.99039 0.804909
      vertex 2.63583 1.99893 0.934596
      vertex 2.72189 2.09706 0.804909
    endloop
  endfacet
  facet normal 0.659399 -0.751793 0
    outer loop
      vertex 9.10746 -2.29166 0.934596
      vertex 9.20559 -2.20559 2.5
      vertex 9.10746 -2.29166 2.5
    endloop
  endfacet
  facet normal 0.659399 -0.751793 0
    outer loop
      vertex 9.20559 -2.20559 2.5
      vertex 9.10746 -2.29166 0.934596
      vertex 9.20559 -2.20559 0.934596
    endloop
  endfacet
  facet normal 0.997857 0.0654257 0
    outer loop
      vertex 9.49786 1.5 2.5
      vertex 9.48932 1.63025 0.934596
      vertex 9.48932 1.63025 2.5
    endloop
  endfacet
  facet normal 0.997857 0.0654257 0
    outer loop
      vertex 9.48932 1.63025 0.934596
      vertex 9.49786 1.5 2.5
      vertex 9.49786 1.5 0.934596
    endloop
  endfacet
  facet normal 0.828858 0.408757 -0.381984
    outer loop
      vertex 9.3286 1.84322 0.557711
      vertex 9.27671 1.94844 0.557711
      vertex 9.37485 1.86237 0.67856
    endloop
  endfacet
  facet normal 0.609384 0.694773 -0.382023
    outer loop
      vertex 9.13418 2.13418 0.557711
      vertex 9.04598 2.21154 0.557711
      vertex 9.16958 2.16958 0.67856
    endloop
  endfacet
  facet normal 0.824378 0.550851 -0.130244
    outer loop
      vertex 9.36417 1.99893 0.934596
      vertex 9.27811 2.09706 0.804909
      vertex 9.29165 2.10746 0.934596
    endloop
  endfacet
  facet normal 0.653715 0.745447 -0.130252
    outer loop
      vertex 9.19352 2.19352 0.804909
      vertex 9.09706 2.27811 0.804909
      vertex 9.10746 2.29165 0.934596
    endloop
  endfacet
  facet normal -0.0654257 0.997857 0
    outer loop
      vertex 3.5 2.49786 0.934596
      vertex 3.36975 2.48932 2.5
      vertex 3.5 2.49786 2.5
    endloop
  endfacet
  facet normal -0.0654257 0.997857 0
    outer loop
      vertex 3.36975 2.48932 2.5
      vertex 3.5 2.49786 0.934596
      vertex 3.36975 2.48932 0.934596
    endloop
  endfacet
  facet normal 0.481427 -0.720442 -0.499191
    outer loop
      vertex 9.04598 -2.21154 0.557711
      vertex 8.94844 -2.27672 0.557711
      vertex 9.00617 -2.15965 0.444429
    endloop
  endfacet
  facet normal 0.0519143 -0.792279 -0.607947
    outer loop
      vertex 8.60853 -2.32436 0.444429
      vertex 8.5 -2.25184 0.340653
      vertex 8.59813 -2.24541 0.340653
    endloop
  endfacet
  facet normal 0.792284 -0.051904 -0.60794
    outer loop
      vertex 9.32436 -1.60853 0.444429
      vertex 9.25184 -1.5 0.340653
      vertex 9.33147 -1.5 0.444429
    endloop
  endfacet
  facet normal 0.338677 -0.506841 -0.792723
    outer loop
      vertex 8.82967 -2.07101 0.248159
      vertex 8.77778 -1.98114 0.16853
      vertex 8.83821 -1.94076 0.16853
    endloop
  endfacet
  facet normal 0.694801 -0.609368 -0.381998
    outer loop
      vertex 9.25125 -2.07646 0.67856
      vertex 9.16958 -2.16958 0.67856
      vertex 9.21154 -2.04598 0.557711
    endloop
  endfacet
  facet normal 0.0983694 -0.0862206 -0.991408
    outer loop
      vertex 8.63795 -1.63795 0.0192146
      vertex 8.54625 -1.54625 0.002141
      vertex 8.65477 -1.61876 0.0192146
    endloop
  endfacet
  facet normal 0.712084 -0.351198 -0.607944
    outer loop
      vertex 9.22007 -1.91574 0.444429
      vertex 9.15111 -1.87592 0.340653
      vertex 9.19461 -1.78772 0.340653
    endloop
  endfacet
  facet normal 0.44107 -0.660218 -0.607922
    outer loop
      vertex 8.91573 -2.22007 0.444429
      vertex 8.87592 -2.15111 0.340653
      vertex 9.00617 -2.15965 0.444429
    endloop
  endfacet
  facet normal 0.351221 -0.712079 -0.607937
    outer loop
      vertex 8.81819 -2.26818 0.444429
      vertex 8.78772 -2.19461 0.340653
      vertex 8.91573 -2.22007 0.444429
    endloop
  endfacet
  facet normal 0.227516 -0.670313 -0.706341
    outer loop
      vertex 8.78772 -2.19461 0.340653
      vertex 8.69459 -2.22622 0.340653
      vertex 8.75232 -2.10916 0.248159
    endloop
  endfacet
  facet normal 0.87515 -0.297014 -0.381963
    outer loop
      vertex 9.37485 -1.86238 0.67856
      vertex 9.36631 -1.73213 0.557711
      vertex 9.41466 -1.74508 0.67856
    endloop
  endfacet
  facet normal 0 -0.991448 -0.130499
    outer loop
      vertex 3.5 -2.48079 0.804909
      vertex 8.5 -2.49786 0.934596
      vertex 3.5 -2.49786 0.934596
    endloop
  endfacet
  facet normal 0 -0.991448 -0.130499
    outer loop
      vertex 8.5 -2.49786 0.934596
      vertex 3.5 -2.48079 0.804909
      vertex 8.5 -2.48079 0.804909
    endloop
  endfacet
  facet normal -0.0654257 -0.997857 0
    outer loop
      vertex 3.36975 -2.48932 0.934596
      vertex 3.5 -2.49786 2.5
      vertex 3.36975 -2.48932 2.5
    endloop
  endfacet
  facet normal -0.0654257 -0.997857 -0
    outer loop
      vertex 3.5 -2.49786 2.5
      vertex 3.36975 -2.48932 0.934596
      vertex 3.5 -2.49786 0.934596
    endloop
  endfacet
  facet normal 0.193409 -0.972437 -0.130225
    outer loop
      vertex 8.75826 -2.46386 0.934596
      vertex 8.63025 -2.48932 0.934596
      vertex 8.75385 -2.44737 0.804909
    endloop
  endfacet
  facet normal 0 -0.965916 -0.258854
    outer loop
      vertex 3.5 -2.44693 0.67856
      vertex 8.5 -2.48079 0.804909
      vertex 3.5 -2.48079 0.804909
    endloop
  endfacet
  facet normal 0 -0.965916 -0.258854
    outer loop
      vertex 8.5 -2.48079 0.804909
      vertex 3.5 -2.44693 0.67856
      vertex 8.5 -2.44693 0.67856
    endloop
  endfacet
  facet normal 0.195919 0.577227 -0.792732
    outer loop
      vertex 8.71261 2.01328 0.16853
      vertex 8.67065 2.13688 0.248159
      vertex 8.75232 2.10916 0.248159
    endloop
  endfacet
  facet normal 0.138052 0.694282 -0.706339
    outer loop
      vertex 8.67065 2.13688 0.248159
      vertex 8.58606 2.1537 0.248159
      vertex 8.69459 2.22622 0.340653
    endloop
  endfacet
  facet normal 0.114759 0.232567 -0.965786
    outer loop
      vertex 8.59754 1.66895 0.0192146
      vertex 8.57466 1.68024 0.0192146
      vertex 8.62301 1.79697 0.0530691
    endloop
  endfacet
  facet normal -0.906404 0.180304 -0.381998
    outer loop
      vertex 2.6108 1.61706 0.557711
      vertex 2.56117 1.6236 0.67856
      vertex 2.63369 1.73213 0.557711
    endloop
  endfacet
  facet normal -0.297061 0.875113 -0.382011
    outer loop
      vertex 3.15678 2.3286 0.557711
      vertex 3.13762 2.37485 0.67856
      vertex 3.26787 2.36631 0.557711
    endloop
  endfacet
  facet normal 0 0.793354 -0.608761
    outer loop
      vertex 8.5 2.25184 0.340653
      vertex 3.5 2.33147 0.444429
      vertex 8.5 2.33147 0.444429
    endloop
  endfacet
  facet normal 0 0.793354 -0.608761
    outer loop
      vertex 3.5 2.33147 0.444429
      vertex 8.5 2.25184 0.340653
      vertex 3.5 2.25184 0.340653
    endloop
  endfacet
  facet normal 0.297064 0.875121 -0.38199
    outer loop
      vertex 8.84322 2.3286 0.557711
      vertex 8.73213 2.36631 0.557711
      vertex 8.86237 2.37485 0.67856
    endloop
  endfacet
  facet normal -0.278528 0.820516 -0.499175
    outer loop
      vertex 3.2848 2.30314 0.444429
      vertex 3.15678 2.3286 0.557711
      vertex 3.26787 2.36631 0.557711
    endloop
  endfacet
  facet normal -0.792284 0.051904 -0.60794
    outer loop
      vertex 2.74816 1.5 0.340653
      vertex 2.66853 1.5 0.444429
      vertex 2.67564 1.60853 0.444429
    endloop
  endfacet
  facet normal -0.536705 0.803288 -0.258217
    outer loop
      vertex 3.02653 2.32007 0.67856
      vertex 2.90294 2.27811 0.804909
      vertex 3.00961 2.34938 0.804909
    endloop
  endfacet
  facet normal -0.499736 -0.0327323 -0.865559
    outer loop
      vertex 2.94918 -1.57252 0.16853
      vertex 2.94443 -1.5 0.16853
      vertex 3.05771 -1.5 0.103127
    endloop
  endfacet
  facet normal -0.499742 -0.0327217 -0.865556
    outer loop
      vertex 3.06149 -1.55773 0.103127
      vertex 2.94918 -1.57252 0.16853
      vertex 3.05771 -1.5 0.103127
    endloop
  endfacet
  facet normal -0.170931 0.195016 -0.965791
    outer loop
      vertex 3.36205 1.63795 0.0192146
      vertex 3.30432 1.75501 0.0530691
      vertex 3.38124 1.65477 0.0192146
    endloop
  endfacet
  facet normal -0.083373 -0.245556 -0.965791
    outer loop
      vertex 3.41681 -1.81049 0.0530691
      vertex 3.37699 -1.79697 0.0530691
      vertex 3.44951 -1.68844 0.0192146
    endloop
  endfacet
  facet normal -0.0983938 0.086171 -0.99141
    outer loop
      vertex 3.44811 1.53981 0.002141
      vertex 3.34522 1.61876 0.0192146
      vertex 3.45375 1.54625 0.002141
    endloop
  endfacet
  facet normal -0.114719 0.232584 -0.965787
    outer loop
      vertex 3.40245 1.66895 0.0192146
      vertex 3.33928 1.77837 0.0530691
      vertex 3.37699 1.79697 0.0530691
    endloop
  endfacet
  facet normal -0.0250727 -0.382564 -0.923589
    outer loop
      vertex 3.5 -1.94229 0.103127
      vertex 3.45804 -1.81869 0.0530691
      vertex 3.5 -1.82144 0.0530691
    endloop
  endfacet
  facet normal -0.0578191 -0.117321 -0.99141
    outer loop
      vertex 3.47497 -1.56042 0.002141
      vertex 3.42534 -1.68024 0.0192146
      vertex 3.4673 -1.55664 0.002141
    endloop
  endfacet
  facet normal 0.046282 0.706323 -0.706375
    outer loop
      vertex 8.58606 2.1537 0.248159
      vertex 8.5 2.25184 0.340653
      vertex 8.59813 2.24541 0.340653
    endloop
  endfacet
  facet normal -0.227516 0.670313 -0.706341
    outer loop
      vertex 3.24768 2.10916 0.248159
      vertex 3.21228 2.19461 0.340653
      vertex 3.30541 2.22622 0.340653
    endloop
  endfacet
  facet normal -0.338694 0.506839 -0.792718
    outer loop
      vertex 3.16179 1.94076 0.16853
      vertex 3.09862 2.02309 0.248159
      vertex 3.17033 2.07101 0.248159
    endloop
  endfacet
  facet normal -0.401888 0.458342 -0.792722
    outer loop
      vertex 3.10715 1.89285 0.16853
      vertex 3.03377 1.96623 0.248159
      vertex 3.16179 1.94076 0.16853
    endloop
  endfacet
  facet normal 0.17099 0.194985 -0.965786
    outer loop
      vertex 8.72729 1.72729 0.0530691
      vertex 8.63795 1.63795 0.0192146
      vertex 8.69568 1.75501 0.0530691
    endloop
  endfacet
  facet normal 0.0578808 0.1173 -0.991408
    outer loop
      vertex 8.59754 1.66895 0.0192146
      vertex 8.5327 1.55664 0.002141
      vertex 8.57466 1.68024 0.0192146
    endloop
  endfacet
  facet normal 0.258776 -0.0169598 -0.965789
    outer loop
      vertex 8.81869 -1.54196 0.0530691
      vertex 8.69509 -1.5 0.0192146
      vertex 8.82144 -1.5 0.0530691
    endloop
  endfacet
  facet normal -0.288184 -0.252811 -0.9236
    outer loop
      vertex 3.27271 -1.72729 0.0530691
      vertex 3.18725 -1.81275 0.103127
      vertex 3.24498 -1.69568 0.0530691
    endloop
  endfacet
  facet normal -0.98936 -0.0648686 -0.130224
    outer loop
      vertex 2.51068 -1.63025 0.934596
      vertex 2.50214 -1.5 0.934596
      vertex 2.51921 -1.5 0.804909
    endloop
  endfacet
  facet normal -1 0 0
    outer loop
      vertex 2.50214 -1.5 0.934596
      vertex 2.50214 1.5 2.5
      vertex 2.50214 1.5 0.934596
    endloop
  endfacet
  facet normal -1 -0 0
    outer loop
      vertex 2.50214 1.5 2.5
      vertex 2.50214 -1.5 0.934596
      vertex 2.50214 -1.5 2.5
    endloop
  endfacet
  facet normal -0.938852 -0.318749 -0.130215
    outer loop
      vertex 2.5781 -1.88186 0.934596
      vertex 2.53614 -1.75827 0.934596
      vertex 2.59387 -1.87533 0.804909
    endloop
  endfacet
  facet normal -0.946914 -0.321487 0
    outer loop
      vertex 2.5781 -1.88186 0.934596
      vertex 2.53614 -1.75827 2.5
      vertex 2.53614 -1.75827 0.934596
    endloop
  endfacet
  facet normal -0.946914 -0.321487 0
    outer loop
      vertex 2.53614 -1.75827 2.5
      vertex 2.5781 -1.88186 0.934596
      vertex 2.5781 -1.88186 2.5
    endloop
  endfacet
  facet normal -0.938857 -0.318723 -0.130241
    outer loop
      vertex 2.59387 -1.87533 0.804909
      vertex 2.53614 -1.75827 0.934596
      vertex 2.55263 -1.75385 0.804909
    endloop
  endfacet
  facet normal -0.92219 -0.0604185 -0.381988
    outer loop
      vertex 2.6108 -1.61707 0.557711
      vertex 2.56117 -1.6236 0.67856
      vertex 2.60313 -1.5 0.557711
    endloop
  endfacet
  facet normal -0.793354 0 -0.608761
    outer loop
      vertex 2.74816 -1.5 0.340653
      vertex 2.66853 1.5 0.444429
      vertex 2.74816 1.5 0.340653
    endloop
  endfacet
  facet normal -0.793354 -0 -0.608761
    outer loop
      vertex 2.66853 1.5 0.444429
      vertex 2.74816 -1.5 0.340653
      vertex 2.66853 -1.5 0.444429
    endloop
  endfacet
  facet normal -0.188512 -0.947474 -0.258373
    outer loop
      vertex 3.3764 -2.43883 0.67856
      vertex 3.24615 -2.44737 0.804909
      vertex 3.25492 -2.41466 0.67856
    endloop
  endfacet
  facet normal -0.18032 -0.906406 -0.381984
    outer loop
      vertex 3.3764 -2.43883 0.67856
      vertex 3.26787 -2.36631 0.557711
      vertex 3.38293 -2.3892 0.557711
    endloop
  endfacet
  facet normal -0.193394 -0.972438 -0.130239
    outer loop
      vertex 3.36975 -2.48932 0.934596
      vertex 3.24173 -2.46386 0.934596
      vertex 3.24615 -2.44737 0.804909
    endloop
  endfacet
  facet normal -0.318749 -0.938852 -0.130215
    outer loop
      vertex 3.24173 -2.46386 0.934596
      vertex 3.11814 -2.4219 0.934596
      vertex 3.12467 -2.40613 0.804909
    endloop
  endfacet
  facet normal -0.653784 -0.745392 -0.130222
    outer loop
      vertex 2.89254 -2.29166 0.934596
      vertex 2.79441 -2.20559 0.934596
      vertex 2.80648 -2.19352 0.804909
    endloop
  endfacet
  facet normal 0.706323 0.046282 -0.706375
    outer loop
      vertex 9.25184 1.5 0.340653
      vertex 9.1537 1.58606 0.248159
      vertex 9.24541 1.59813 0.340653
    endloop
  endfacet
  facet normal 0.820516 -0.278528 -0.499175
    outer loop
      vertex 9.3286 -1.84322 0.557711
      vertex 9.30314 -1.7152 0.444429
      vertex 9.36631 -1.73213 0.557711
    endloop
  endfacet
  facet normal 0 -0.500004 -0.866023
    outer loop
      vertex 3.5 -2.05557 0.16853
      vertex 8.5 -1.94229 0.103127
      vertex 8.5 -2.05557 0.16853
    endloop
  endfacet
  facet normal -0 -0.500004 -0.866023
    outer loop
      vertex 8.5 -1.94229 0.103127
      vertex 3.5 -2.05557 0.16853
      vertex 3.5 -1.94229 0.103127
    endloop
  endfacet
  facet normal 0.108768 -0.0726648 -0.991408
    outer loop
      vertex 8.65477 -1.61876 0.0192146
      vertex 8.55189 -1.53981 0.002141
      vertex 8.55664 -1.5327 0.002141
    endloop
  endfacet
  facet normal -0.82437 -0.550868 -0.130226
    outer loop
      vertex 2.72189 -2.09706 0.804909
      vertex 2.63583 -1.99893 0.934596
      vertex 2.65061 -1.99039 0.804909
    endloop
  endfacet
  facet normal 0.803288 -0.536705 -0.258217
    outer loop
      vertex 9.34938 -1.99039 0.804909
      vertex 9.27811 -2.09706 0.804909
      vertex 9.32007 -1.97347 0.67856
    endloop
  endfacet
  facet normal 0.980792 -0.195055 0
    outer loop
      vertex 9.46386 -1.75827 2.5
      vertex 9.48932 -1.63025 0.934596
      vertex 9.48932 -1.63025 2.5
    endloop
  endfacet
  facet normal 0.980792 -0.195055 0
    outer loop
      vertex 9.48932 -1.63025 0.934596
      vertex 9.46386 -1.75827 2.5
      vertex 9.46386 -1.75827 0.934596
    endloop
  endfacet
  facet normal 0.989356 0.0648391 -0.13027
    outer loop
      vertex 9.48078 1.5 0.804909
      vertex 9.47239 1.62802 0.804909
      vertex 9.48932 1.63025 0.934596
    endloop
  endfacet
  facet normal 0.318763 0.212995 -0.923592
    outer loop
      vertex 8.77837 1.66072 0.0530691
      vertex 8.75501 1.69568 0.0530691
      vertex 8.85089 1.76925 0.103127
    endloop
  endfacet
  facet normal 0.906406 -0.18032 -0.381984
    outer loop
      vertex 9.43883 -1.6236 0.67856
      vertex 9.36631 -1.73213 0.557711
      vertex 9.3892 -1.61707 0.557711
    endloop
  endfacet
  facet normal 0.803279 0.536699 -0.258256
    outer loop
      vertex 9.32007 1.97346 0.67856
      vertex 9.27811 2.09706 0.804909
      vertex 9.34938 1.99039 0.804909
    endloop
  endfacet
  facet normal 0.499736 -0.0327323 -0.865559
    outer loop
      vertex 9.05082 -1.57252 0.16853
      vertex 8.94229 -1.5 0.103127
      vertex 9.05557 -1.5 0.16853
    endloop
  endfacet
  facet normal 0.864649 0.0566535 -0.499171
    outer loop
      vertex 9.39687 1.5 0.557711
      vertex 9.32436 1.60853 0.444429
      vertex 9.3892 1.61706 0.557711
    endloop
  endfacet
  facet normal 0.889245 0.438508 -0.130212
    outer loop
      vertex 9.40613 1.87533 0.804909
      vertex 9.36417 1.99893 0.934596
      vertex 9.4219 1.88186 0.934596
    endloop
  endfacet
  facet normal 0.19336 0.972441 -0.130272
    outer loop
      vertex 8.75385 2.44737 0.804909
      vertex 8.62802 2.47239 0.804909
      vertex 8.63025 2.48932 0.934596
    endloop
  endfacet
  facet normal 0.980789 0.19507 0
    outer loop
      vertex 9.48932 1.63025 2.5
      vertex 9.46386 1.75826 0.934596
      vertex 9.46386 1.75826 2.5
    endloop
  endfacet
  facet normal 0.980789 0.19507 0
    outer loop
      vertex 9.46386 1.75826 0.934596
      vertex 9.48932 1.63025 2.5
      vertex 9.48932 1.63025 0.934596
    endloop
  endfacet
  facet normal 0.866423 0.427338 -0.25825
    outer loop
      vertex 9.40613 1.87533 0.804909
      vertex 9.32007 1.97346 0.67856
      vertex 9.34938 1.99039 0.804909
    endloop
  endfacet
  facet normal 0.513469 0.768413 -0.381957
    outer loop
      vertex 9.04598 2.21154 0.557711
      vertex 8.97346 2.32007 0.67856
      vertex 9.07645 2.25125 0.67856
    endloop
  endfacet
  facet normal 0.609343 0.694846 -0.381956
    outer loop
      vertex 9.16958 2.16958 0.67856
      vertex 9.04598 2.21154 0.557711
      vertex 9.07645 2.25125 0.67856
    endloop
  endfacet
  facet normal -0.195055 0.980792 0
    outer loop
      vertex 3.36975 2.48932 0.934596
      vertex 3.24173 2.46386 2.5
      vertex 3.36975 2.48932 2.5
    endloop
  endfacet
  facet normal -0.195055 0.980792 0
    outer loop
      vertex 3.24173 2.46386 2.5
      vertex 3.36975 2.48932 0.934596
      vertex 3.24173 2.46386 0.934596
    endloop
  endfacet
  facet normal 0.13812 -0.694271 -0.706336
    outer loop
      vertex 8.59813 -2.24541 0.340653
      vertex 8.58606 -2.15371 0.248159
      vertex 8.69459 -2.22622 0.340653
    endloop
  endfacet
  facet normal 0.0462845 -0.706361 -0.706337
    outer loop
      vertex 8.59813 -2.24541 0.340653
      vertex 8.5 -2.25184 0.340653
      vertex 8.58606 -2.15371 0.248159
    endloop
  endfacet
  facet normal 0.351205 -0.712099 -0.607923
    outer loop
      vertex 8.91573 -2.22007 0.444429
      vertex 8.78772 -2.19461 0.340653
      vertex 8.87592 -2.15111 0.340653
    endloop
  endfacet
  facet normal 0.255211 -0.751836 -0.607955
    outer loop
      vertex 8.7152 -2.30314 0.444429
      vertex 8.69459 -2.22622 0.340653
      vertex 8.81819 -2.26818 0.444429
    endloop
  endfacet
  facet normal 0.946914 -0.321487 0
    outer loop
      vertex 9.4219 -1.88186 2.5
      vertex 9.46386 -1.75827 0.934596
      vertex 9.46386 -1.75827 2.5
    endloop
  endfacet
  facet normal 0.946914 -0.321487 0
    outer loop
      vertex 9.46386 -1.75827 0.934596
      vertex 9.4219 -1.88186 2.5
      vertex 9.4219 -1.88186 0.934596
    endloop
  endfacet
  facet normal 0.938852 -0.318749 -0.130215
    outer loop
      vertex 9.4219 -1.88186 0.934596
      vertex 9.40613 -1.87533 0.804909
      vertex 9.46386 -1.75827 0.934596
    endloop
  endfacet
  facet normal 0.720476 -0.48138 -0.499187
    outer loop
      vertex 9.27671 -1.94844 0.557711
      vertex 9.15965 -2.00617 0.444429
      vertex 9.22007 -1.91574 0.444429
    endloop
  endfacet
  facet normal 0.651467 -0.571318 -0.499186
    outer loop
      vertex 9.21154 -2.04598 0.557711
      vertex 9.08794 -2.08794 0.444429
      vertex 9.15965 -2.00617 0.444429
    endloop
  endfacet
  facet normal 0.571318 -0.651467 -0.499186
    outer loop
      vertex 9.04598 -2.21154 0.557711
      vertex 9.00617 -2.15965 0.444429
      vertex 9.08794 -2.08794 0.444429
    endloop
  endfacet
  facet normal 0.914788 -0.310552 -0.258302
    outer loop
      vertex 9.40613 -1.87533 0.804909
      vertex 9.37485 -1.86238 0.67856
      vertex 9.44737 -1.75385 0.804909
    endloop
  endfacet
  facet normal 0.523498 -0.596938 -0.60796
    outer loop
      vertex 9.08794 -2.08794 0.444429
      vertex 9.00617 -2.15965 0.444429
      vertex 9.03163 -2.03163 0.340653
    endloop
  endfacet
  facet normal 0.513481 -0.76841 -0.381947
    outer loop
      vertex 8.97346 -2.32007 0.67856
      vertex 8.94844 -2.27672 0.557711
      vertex 9.04598 -2.21154 0.557711
    endloop
  endfacet
  facet normal 0.408734 -0.828884 -0.381953
    outer loop
      vertex 8.97346 -2.32007 0.67856
      vertex 8.86237 -2.37485 0.67856
      vertex 8.94844 -2.27672 0.557711
    endloop
  endfacet
  facet normal 0.278528 -0.820516 -0.499175
    outer loop
      vertex 8.73213 -2.36631 0.557711
      vertex 8.7152 -2.30314 0.444429
      vertex 8.84322 -2.3286 0.557711
    endloop
  endfacet
  facet normal 0.438514 -0.88924 -0.13022
    outer loop
      vertex 8.99893 -2.36417 0.934596
      vertex 8.87533 -2.40613 0.804909
      vertex 8.99039 -2.34939 0.804909
    endloop
  endfacet
  facet normal 0.310493 -0.914787 -0.258377
    outer loop
      vertex 8.75385 -2.44737 0.804909
      vertex 8.74508 -2.41466 0.67856
      vertex 8.86237 -2.37485 0.67856
    endloop
  endfacet
  facet normal 0.318726 -0.93886 -0.130214
    outer loop
      vertex 8.88186 -2.4219 0.934596
      vertex 8.75826 -2.46386 0.934596
      vertex 8.87533 -2.40613 0.804909
    endloop
  endfacet
  facet normal 0.051904 -0.792284 -0.60794
    outer loop
      vertex 8.60853 -2.32436 0.444429
      vertex 8.5 -2.33147 0.444429
      vertex 8.5 -2.25184 0.340653
    endloop
  endfacet
  facet normal 0 -0.793354 -0.608761
    outer loop
      vertex 3.5 -2.25184 0.340653
      vertex 8.5 -2.33147 0.444429
      vertex 3.5 -2.33147 0.444429
    endloop
  endfacet
  facet normal 0 -0.793354 -0.608761
    outer loop
      vertex 8.5 -2.33147 0.444429
      vertex 3.5 -2.25184 0.340653
      vertex 8.5 -2.25184 0.340653
    endloop
  endfacet
  facet normal -0.19336 -0.972441 -0.130272
    outer loop
      vertex 3.36975 -2.48932 0.934596
      vertex 3.24615 -2.44737 0.804909
      vertex 3.37198 -2.47239 0.804909
    endloop
  endfacet
  facet normal 0.188405 -0.947524 -0.258266
    outer loop
      vertex 8.62802 -2.47239 0.804909
      vertex 8.6236 -2.43883 0.67856
      vertex 8.75385 -2.44737 0.804909
    endloop
  endfacet
  facet normal 0.169062 -0.84985 -0.499172
    outer loop
      vertex 8.73213 -2.36631 0.557711
      vertex 8.60853 -2.32436 0.444429
      vertex 8.7152 -2.30314 0.444429
    endloop
  endfacet
  facet normal -0.536744 0.803245 -0.258269
    outer loop
      vertex 2.92354 2.25125 0.67856
      vertex 2.90294 2.27811 0.804909
      vertex 3.02653 2.32007 0.67856
    endloop
  endfacet
  facet normal -0.310552 0.914788 -0.258302
    outer loop
      vertex 3.13762 2.37485 0.67856
      vertex 3.12467 2.40613 0.804909
      vertex 3.24615 2.44737 0.804909
    endloop
  endfacet
  facet normal -0.93886 0.318724 -0.130216
    outer loop
      vertex 2.55263 1.75385 0.804909
      vertex 2.53614 1.75826 0.934596
      vertex 2.59387 1.87533 0.804909
    endloop
  endfacet
  facet normal 0.792279 0.0519143 -0.607947
    outer loop
      vertex 9.25184 1.5 0.340653
      vertex 9.24541 1.59813 0.340653
      vertex 9.32436 1.60853 0.444429
    endloop
  endfacet
  facet normal -0.803236 0.536739 -0.258309
    outer loop
      vertex 2.74875 2.07645 0.67856
      vertex 2.67993 1.97346 0.67856
      vertex 2.72189 2.09706 0.804909
    endloop
  endfacet
  facet normal 0.108768 0.0726648 -0.991408
    outer loop
      vertex 8.55664 1.5327 0.002141
      vertex 8.55189 1.53981 0.002141
      vertex 8.65477 1.61876 0.0192146
    endloop
  endfacet
  facet normal -0.383267 0.77713 -0.499174
    outer loop
      vertex 3.18181 2.26818 0.444429
      vertex 3.08426 2.22007 0.444429
      vertex 3.15678 2.3286 0.557711
    endloop
  endfacet
  facet normal -0.0604344 0.922184 -0.382002
    outer loop
      vertex 3.5 2.39687 0.557711
      vertex 3.3764 2.43883 0.67856
      vertex 3.5 2.44693 0.67856
    endloop
  endfacet
  facet normal -0.227514 0.670312 -0.706342
    outer loop
      vertex 3.32935 2.13688 0.248159
      vertex 3.24768 2.10916 0.248159
      vertex 3.30541 2.22622 0.340653
    endloop
  endfacet
  facet normal 0.15491 0.778712 -0.607956
    outer loop
      vertex 8.69459 2.22622 0.340653
      vertex 8.60853 2.32436 0.444429
      vertex 8.7152 2.30314 0.444429
    endloop
  endfacet
  facet normal 0 0.965936 -0.258783
    outer loop
      vertex 8.5 2.44693 0.67856
      vertex 3.5 2.48078 0.804909
      vertex 8.5 2.48078 0.804909
    endloop
  endfacet
  facet normal 0 0.965936 -0.258783
    outer loop
      vertex 3.5 2.48078 0.804909
      vertex 8.5 2.44693 0.67856
      vertex 3.5 2.44693 0.67856
    endloop
  endfacet
  facet normal 0.408757 0.828858 -0.381984
    outer loop
      vertex 8.94844 2.27671 0.557711
      vertex 8.84322 2.3286 0.557711
      vertex 8.86237 2.37485 0.67856
    endloop
  endfacet
  facet normal 0.255193 0.751854 -0.607941
    outer loop
      vertex 8.78772 2.19461 0.340653
      vertex 8.69459 2.22622 0.340653
      vertex 8.81819 2.26818 0.444429
    endloop
  endfacet
  facet normal 0.064868 0.98935 -0.130299
    outer loop
      vertex 8.63025 2.48932 0.934596
      vertex 8.5 2.48078 0.804909
      vertex 8.5 2.49786 0.934596
    endloop
  endfacet
  facet normal 0.442273 0.89688 -0
    outer loop
      vertex 8.99893 2.36417 0.934596
      vertex 8.88186 2.4219 2.5
      vertex 8.99893 2.36417 2.5
    endloop
  endfacet
  facet normal 0.442273 0.89688 0
    outer loop
      vertex 8.88186 2.4219 2.5
      vertex 8.99893 2.36417 0.934596
      vertex 8.88186 2.4219 0.934596
    endloop
  endfacet
  facet normal 0.653741 0.745429 -0.130221
    outer loop
      vertex 9.19352 2.19352 0.804909
      vertex 9.10746 2.29165 0.934596
      vertex 9.20559 2.20559 0.934596
    endloop
  endfacet
  facet normal -0.438508 0.889245 -0.130212
    outer loop
      vertex 3.12467 2.40613 0.804909
      vertex 3.00107 2.36417 0.934596
      vertex 3.11814 2.4219 0.934596
    endloop
  endfacet
  facet normal 0 0.991439 -0.130574
    outer loop
      vertex 8.5 2.48078 0.804909
      vertex 3.5 2.49786 0.934596
      vertex 8.5 2.49786 0.934596
    endloop
  endfacet
  facet normal 0 0.991439 -0.130574
    outer loop
      vertex 3.5 2.49786 0.934596
      vertex 8.5 2.48078 0.804909
      vertex 3.5 2.48078 0.804909
    endloop
  endfacet
  facet normal 0.0604344 0.922184 -0.382002
    outer loop
      vertex 8.6236 2.43883 0.67856
      vertex 8.5 2.39687 0.557711
      vertex 8.5 2.44693 0.67856
    endloop
  endfacet
  facet normal -0.169068 0.849846 -0.499178
    outer loop
      vertex 3.39147 2.32436 0.444429
      vertex 3.26787 2.36631 0.557711
      vertex 3.38293 2.3892 0.557711
    endloop
  endfacet
  facet normal -0.991448 0 -0.130499
    outer loop
      vertex 2.51921 -1.5 0.804909
      vertex 2.50214 1.5 0.934596
      vertex 2.51921 1.5 0.804909
    endloop
  endfacet
  facet normal -0.991448 -0 -0.130499
    outer loop
      vertex 2.50214 1.5 0.934596
      vertex 2.51921 -1.5 0.804909
      vertex 2.50214 -1.5 0.934596
    endloop
  endfacet
  facet normal 0.130519 0.00855861 -0.991409
    outer loop
      vertex 8.5654 1.5 0.002141
      vertex 8.56484 1.50854 0.002141
      vertex 8.69342 1.52546 0.0192146
    endloop
  endfacet
  facet normal -0.963982 0.0632515 -0.258336
    outer loop
      vertex 2.55307 1.5 0.67856
      vertex 2.51921 1.5 0.804909
      vertex 2.52761 1.62802 0.804909
    endloop
  endfacet
  facet normal -0.634856 -0.313109 -0.706343
    outer loop
      vertex 2.84889 -1.87592 0.340653
      vertex 2.80539 -1.78772 0.340653
      vertex 2.89084 -1.75232 0.248159
    endloop
  endfacet
  facet normal -0.0250488 -0.382558 -0.923592
    outer loop
      vertex 3.5 -1.94229 0.103127
      vertex 3.44227 -1.93851 0.103127
      vertex 3.45804 -1.81869 0.0530691
    endloop
  endfacet
  facet normal -0.21561 0.144069 -0.965793
    outer loop
      vertex 3.33105 1.59754 0.0192146
      vertex 3.22162 1.66072 0.0530691
      vertex 3.24498 1.69568 0.0530691
    endloop
  endfacet
  facet normal -0.0420261 -0.123874 -0.991408
    outer loop
      vertex 3.44951 -1.68844 0.0192146
      vertex 3.42534 -1.68024 0.0192146
      vertex 3.48307 -1.56318 0.002141
    endloop
  endfacet
  facet normal 0.313109 0.634856 -0.706343
    outer loop
      vertex 8.87592 2.15111 0.340653
      vertex 8.75232 2.10916 0.248159
      vertex 8.78772 2.19461 0.340653
    endloop
  endfacet
  facet normal 0.118958 0.597893 -0.7927
    outer loop
      vertex 8.64379 2.03664 0.16853
      vertex 8.57252 2.05082 0.16853
      vertex 8.58606 2.1537 0.248159
    endloop
  endfacet
  facet normal -0.123243 0.363036 -0.923589
    outer loop
      vertex 3.37699 1.79697 0.0530691
      vertex 3.33074 1.90862 0.103127
      vertex 3.38553 1.92722 0.103127
    endloop
  endfacet
  facet normal -0.588579 0.393298 -0.706323
    outer loop
      vertex 2.9769 1.90138 0.248159
      vertex 2.84889 1.87592 0.340653
      vertex 2.90353 1.95769 0.340653
    endloop
  endfacet
  facet normal 0.0085611 0.130518 -0.991409
    outer loop
      vertex 8.52546 1.69342 0.0192146
      vertex 8.5 1.5654 0.002141
      vertex 8.5 1.69509 0.0192146
    endloop
  endfacet
  facet normal 0 0.258813 -0.965928
    outer loop
      vertex 3.5 1.69509 0.0192146
      vertex 8.5 1.82144 0.0530691
      vertex 8.5 1.69509 0.0192146
    endloop
  endfacet
  facet normal 0 0.258813 -0.965928
    outer loop
      vertex 8.5 1.82144 0.0530691
      vertex 3.5 1.69509 0.0192146
      vertex 3.5 1.82144 0.0530691
    endloop
  endfacet
  facet normal -0.232567 0.114759 -0.965786
    outer loop
      vertex 3.31976 1.57466 0.0192146
      vertex 3.20303 1.62301 0.0530691
      vertex 3.33105 1.59754 0.0192146
    endloop
  endfacet
  facet normal -0.130518 -0.00855858 -0.991409
    outer loop
      vertex 3.43516 -1.50854 0.002141
      vertex 3.30491 -1.5 0.0192146
      vertex 3.4346 -1.5 0.002141
    endloop
  endfacet
  facet normal 0.072676 0.108758 -0.991408
    outer loop
      vertex 8.61876 1.65477 0.0192146
      vertex 8.5327 1.55664 0.002141
      vertex 8.59754 1.66895 0.0192146
    endloop
  endfacet
  facet normal 0.0085611 -0.130518 -0.991409
    outer loop
      vertex 8.52546 -1.69342 0.0192146
      vertex 8.5 -1.69509 0.0192146
      vertex 8.5 -1.5654 0.002141
    endloop
  endfacet
  facet normal 0.254342 -0.0506245 -0.965788
    outer loop
      vertex 8.81869 -1.54196 0.0530691
      vertex 8.68844 -1.55049 0.0192146
      vertex 8.69342 -1.52547 0.0192146
    endloop
  endfacet
  facet normal 0.318763 -0.212995 -0.923592
    outer loop
      vertex 8.85089 -1.76925 0.103127
      vertex 8.75501 -1.69568 0.0530691
      vertex 8.77837 -1.66072 0.0530691
    endloop
  endfacet
  facet normal 0.232584 -0.114719 -0.965787
    outer loop
      vertex 8.77837 -1.66072 0.0530691
      vertex 8.66895 -1.59755 0.0192146
      vertex 8.79697 -1.62301 0.0530691
    endloop
  endfacet
  facet normal -0.972441 0.19336 -0.130272
    outer loop
      vertex 2.52761 1.62802 0.804909
      vertex 2.51068 1.63025 0.934596
      vertex 2.55263 1.75385 0.804909
    endloop
  endfacet
  facet normal -0.947524 0.188405 -0.258266
    outer loop
      vertex 2.56117 1.6236 0.67856
      vertex 2.52761 1.62802 0.804909
      vertex 2.55263 1.75385 0.804909
    endloop
  endfacet
  facet normal -0.297014 -0.87515 -0.381963
    outer loop
      vertex 3.25492 -2.41466 0.67856
      vertex 3.13762 -2.37485 0.67856
      vertex 3.26787 -2.36631 0.557711
    endloop
  endfacet
  facet normal -0.169062 -0.84985 -0.499172
    outer loop
      vertex 3.39147 -2.32436 0.444429
      vertex 3.26787 -2.36631 0.557711
      vertex 3.2848 -2.30314 0.444429
    endloop
  endfacet
  facet normal -0.914788 -0.310552 -0.258302
    outer loop
      vertex 2.59387 -1.87533 0.804909
      vertex 2.55263 -1.75385 0.804909
      vertex 2.62515 -1.86238 0.67856
    endloop
  endfacet
  facet normal -0.866445 -0.427274 -0.258282
    outer loop
      vertex 2.65061 -1.99039 0.804909
      vertex 2.59387 -1.87533 0.804909
      vertex 2.67993 -1.97347 0.67856
    endloop
  endfacet
  facet normal -0.980792 -0.195055 0
    outer loop
      vertex 2.53614 -1.75827 0.934596
      vertex 2.51068 -1.63025 2.5
      vertex 2.51068 -1.63025 0.934596
    endloop
  endfacet
  facet normal -0.980792 -0.195055 0
    outer loop
      vertex 2.51068 -1.63025 2.5
      vertex 2.53614 -1.75827 0.934596
      vertex 2.53614 -1.75827 2.5
    endloop
  endfacet
  facet normal -0.972438 -0.193394 -0.130239
    outer loop
      vertex 2.53614 -1.75827 0.934596
      vertex 2.51068 -1.63025 0.934596
      vertex 2.55263 -1.75385 0.804909
    endloop
  endfacet
  facet normal -0.513461 -0.768401 -0.381993
    outer loop
      vertex 3.02653 -2.32007 0.67856
      vertex 2.92354 -2.25125 0.67856
      vertex 2.95402 -2.21154 0.557711
    endloop
  endfacet
  facet normal -0.866438 0.42727 -0.258313
    outer loop
      vertex 2.67993 1.97346 0.67856
      vertex 2.59387 1.87533 0.804909
      vertex 2.65061 1.99039 0.804909
    endloop
  endfacet
  facet normal -0.914795 -0.310469 -0.258378
    outer loop
      vertex 2.62515 -1.86238 0.67856
      vertex 2.55263 -1.75385 0.804909
      vertex 2.58534 -1.74508 0.67856
    endloop
  endfacet
  facet normal -0.608741 0 -0.793369
    outer loop
      vertex 2.84065 -1.5 0.248159
      vertex 2.94443 1.5 0.16853
      vertex 2.94443 -1.5 0.16853
    endloop
  endfacet
  facet normal -0.608741 0 -0.793369
    outer loop
      vertex 2.94443 1.5 0.16853
      vertex 2.84065 -1.5 0.248159
      vertex 2.84065 1.5 0.248159
    endloop
  endfacet
  facet normal -0.269597 -0.546744 -0.792709
    outer loop
      vertex 3.28739 -2.01328 0.16853
      vertex 3.17033 -2.07101 0.248159
      vertex 3.22221 -1.98114 0.16853
    endloop
  endfacet
  facet normal -0.0398632 -0.608267 -0.792731
    outer loop
      vertex 3.5 -2.15935 0.248159
      vertex 3.41394 -2.15371 0.248159
      vertex 3.42748 -2.05082 0.16853
    endloop
  endfacet
  facet normal -0.393239 -0.588586 -0.706349
    outer loop
      vertex 3.12408 -2.15111 0.340653
      vertex 3.09862 -2.0231 0.248159
      vertex 3.17033 -2.07101 0.248159
    endloop
  endfacet
  facet normal -0.536744 -0.803245 -0.258269
    outer loop
      vertex 3.02653 -2.32007 0.67856
      vertex 2.90294 -2.27811 0.804909
      vertex 2.92354 -2.25125 0.67856
    endloop
  endfacet
  facet normal -0.441116 -0.66014 -0.607973
    outer loop
      vertex 3.12408 -2.15111 0.340653
      vertex 2.99383 -2.15965 0.444429
      vertex 3.04231 -2.09647 0.340653
    endloop
  endfacet
  facet normal -0.180342 -0.906409 -0.381967
    outer loop
      vertex 3.3764 -2.43883 0.67856
      vertex 3.25492 -2.41466 0.67856
      vertex 3.26787 -2.36631 0.557711
    endloop
  endfacet
  facet normal -0.438508 -0.889245 -0.130212
    outer loop
      vertex 3.11814 -2.4219 0.934596
      vertex 3.00107 -2.36417 0.934596
      vertex 3.12467 -2.40613 0.804909
    endloop
  endfacet
  facet normal -0.745392 -0.653784 -0.130222
    outer loop
      vertex 2.79441 -2.20559 0.934596
      vertex 2.70834 -2.10746 0.934596
      vertex 2.80648 -2.19352 0.804909
    endloop
  endfacet
  facet normal 0.083373 -0.245556 -0.965791
    outer loop
      vertex 8.58319 -1.81049 0.0530691
      vertex 8.55049 -1.68844 0.0192146
      vertex 8.62301 -1.79697 0.0530691
    endloop
  endfacet
  facet normal 0.416436 -0.278201 -0.865555
    outer loop
      vertex 8.94076 -1.83821 0.16853
      vertex 8.85089 -1.76925 0.103127
      vertex 8.88303 -1.72114 0.103127
    endloop
  endfacet
  facet normal 0.0169736 -0.258771 -0.96579
    outer loop
      vertex 8.54196 -1.81869 0.0530691
      vertex 8.5 -1.69509 0.0192146
      vertex 8.52546 -1.69342 0.0192146
    endloop
  endfacet
  facet normal 0.0169598 -0.258776 -0.965789
    outer loop
      vertex 8.54196 -1.81869 0.0530691
      vertex 8.5 -1.82144 0.0530691
      vertex 8.5 -1.69509 0.0192146
    endloop
  endfacet
  facet normal -0.889245 -0.438508 -0.130212
    outer loop
      vertex 2.63583 -1.99893 0.934596
      vertex 2.5781 -1.88186 0.934596
      vertex 2.59387 -1.87533 0.804909
    endloop
  endfacet
  facet normal -0.88924 -0.438514 -0.13022
    outer loop
      vertex 2.63583 -1.99893 0.934596
      vertex 2.59387 -1.87533 0.804909
      vertex 2.65061 -1.99039 0.804909
    endloop
  endfacet
  facet normal 0.321463 -0.946922 0
    outer loop
      vertex 8.75826 -2.46386 0.934596
      vertex 8.88186 -2.4219 2.5
      vertex 8.75826 -2.46386 2.5
    endloop
  endfacet
  facet normal 0.321463 -0.946922 0
    outer loop
      vertex 8.88186 -2.4219 2.5
      vertex 8.75826 -2.46386 0.934596
      vertex 8.88186 -2.4219 0.934596
    endloop
  endfacet
  facet normal 0.828851 -0.408718 -0.38204
    outer loop
      vertex 9.32007 -1.97347 0.67856
      vertex 9.27671 -1.94844 0.557711
      vertex 9.37485 -1.86238 0.67856
    endloop
  endfacet
  facet normal 0.964006 0.0631777 -0.258266
    outer loop
      vertex 9.48078 1.5 0.804909
      vertex 9.44693 1.5 0.67856
      vertex 9.47239 1.62802 0.804909
    endloop
  endfacet
  facet normal 0.864648 -0.0566486 -0.499175
    outer loop
      vertex 9.3892 -1.61707 0.557711
      vertex 9.32436 -1.60853 0.444429
      vertex 9.39687 -1.5 0.557711
    endloop
  endfacet
  facet normal 0.481332 0.720485 -0.49922
    outer loop
      vertex 9.00617 2.15965 0.444429
      vertex 8.91573 2.22007 0.444429
      vertex 8.94844 2.27671 0.557711
    endloop
  endfacet
  facet normal 0.376026 -0.0747856 -0.923586
    outer loop
      vertex 8.92722 -1.61447 0.103127
      vertex 8.81049 -1.58319 0.0530691
      vertex 8.81869 -1.54196 0.0530691
    endloop
  endfacet
  facet normal 0.866449 -0.427258 -0.258297
    outer loop
      vertex 9.40613 -1.87533 0.804909
      vertex 9.32007 -1.97347 0.67856
      vertex 9.37485 -1.86238 0.67856
    endloop
  endfacet
  facet normal 0.382564 -0.0250727 -0.923589
    outer loop
      vertex 8.94229 -1.5 0.103127
      vertex 8.81869 -1.54196 0.0530691
      vertex 8.82144 -1.5 0.0530691
    endloop
  endfacet
  facet normal 0.258771 0.0169736 -0.96579
    outer loop
      vertex 8.69509 1.5 0.0192146
      vertex 8.69342 1.52546 0.0192146
      vertex 8.81869 1.54196 0.0530691
    endloop
  endfacet
  facet normal 0.706361 -0.0463739 -0.706331
    outer loop
      vertex 9.25184 -1.5 0.340653
      vertex 9.1537 -1.58606 0.248159
      vertex 9.15935 -1.5 0.248159
    endloop
  endfacet
  facet normal 0.363036 0.123243 -0.923589
    outer loop
      vertex 8.92722 1.61447 0.103127
      vertex 8.79697 1.62301 0.0530691
      vertex 8.90862 1.66926 0.103127
    endloop
  endfacet
  facet normal 0.972441 -0.19336 -0.130272
    outer loop
      vertex 9.48932 -1.63025 0.934596
      vertex 9.44737 -1.75385 0.804909
      vertex 9.47239 -1.62802 0.804909
    endloop
  endfacet
  facet normal 0.98935 0.064868 -0.130299
    outer loop
      vertex 9.49786 1.5 0.934596
      vertex 9.48078 1.5 0.804909
      vertex 9.48932 1.63025 0.934596
    endloop
  endfacet
  facet normal 0.555584 0.831461 -0
    outer loop
      vertex 9.10746 2.29165 0.934596
      vertex 8.99893 2.36417 2.5
      vertex 9.10746 2.29165 2.5
    endloop
  endfacet
  facet normal 0.555584 0.831461 0
    outer loop
      vertex 8.99893 2.36417 2.5
      vertex 9.10746 2.29165 0.934596
      vertex 8.99893 2.36417 0.934596
    endloop
  endfacet
  facet normal 0.313115 0.634848 -0.706348
    outer loop
      vertex 8.82967 2.07101 0.248159
      vertex 8.75232 2.10916 0.248159
      vertex 8.87592 2.15111 0.340653
    endloop
  endfacet
  facet normal 0.255211 0.751836 -0.607955
    outer loop
      vertex 8.81819 2.26818 0.444429
      vertex 8.69459 2.22622 0.340653
      vertex 8.7152 2.30314 0.444429
    endloop
  endfacet
  facet normal 0.221502 -0.449138 -0.86557
    outer loop
      vertex 8.77778 -1.98114 0.16853
      vertex 8.71261 -2.01328 0.16853
      vertex 8.72114 -1.88303 0.103127
    endloop
  endfacet
  facet normal 0.255193 -0.751854 -0.607941
    outer loop
      vertex 8.81819 -2.26818 0.444429
      vertex 8.69459 -2.22622 0.340653
      vertex 8.78772 -2.19461 0.340653
    endloop
  endfacet
  facet normal 0.383299 -0.777115 -0.499173
    outer loop
      vertex 8.84322 -2.3286 0.557711
      vertex 8.81819 -2.26818 0.444429
      vertex 8.91573 -2.22007 0.444429
    endloop
  endfacet
  facet normal 0.278525 -0.820519 -0.499172
    outer loop
      vertex 8.84322 -2.3286 0.557711
      vertex 8.7152 -2.30314 0.444429
      vertex 8.81819 -2.26818 0.444429
    endloop
  endfacet
  facet normal 0.914795 -0.310469 -0.258378
    outer loop
      vertex 9.44737 -1.75385 0.804909
      vertex 9.37485 -1.86238 0.67856
      vertex 9.41466 -1.74508 0.67856
    endloop
  endfacet
  facet normal 0.824399 -0.55081 -0.130289
    outer loop
      vertex 9.36417 -1.99893 0.934596
      vertex 9.27811 -2.09706 0.804909
      vertex 9.34938 -1.99039 0.804909
    endloop
  endfacet
  facet normal 0.889245 -0.438508 -0.130212
    outer loop
      vertex 9.4219 -1.88186 0.934596
      vertex 9.36417 -1.99893 0.934596
      vertex 9.40613 -1.87533 0.804909
    endloop
  endfacet
  facet normal 0.694282 -0.138052 -0.706339
    outer loop
      vertex 9.22622 -1.69459 0.340653
      vertex 9.13688 -1.67065 0.248159
      vertex 9.1537 -1.58606 0.248159
    endloop
  endfacet
  facet normal 0.634848 -0.313115 -0.706348
    outer loop
      vertex 9.15111 -1.87592 0.340653
      vertex 9.07101 -1.82967 0.248159
      vertex 9.10916 -1.75232 0.248159
    endloop
  endfacet
  facet normal 0.768415 -0.513406 -0.382039
    outer loop
      vertex 9.32007 -1.97347 0.67856
      vertex 9.21154 -2.04598 0.557711
      vertex 9.27671 -1.94844 0.557711
    endloop
  endfacet
  facet normal 0.720477 -0.481377 -0.499189
    outer loop
      vertex 9.21154 -2.04598 0.557711
      vertex 9.15965 -2.00617 0.444429
      vertex 9.27671 -1.94844 0.557711
    endloop
  endfacet
  facet normal 0.596938 -0.523498 -0.60796
    outer loop
      vertex 9.08794 -2.08794 0.444429
      vertex 9.03163 -2.03163 0.340653
      vertex 9.15965 -2.00617 0.444429
    endloop
  endfacet
  facet normal 0.66018 -0.441093 -0.607947
    outer loop
      vertex 9.15965 -2.00617 0.444429
      vertex 9.15111 -1.87592 0.340653
      vertex 9.22007 -1.91574 0.444429
    endloop
  endfacet
  facet normal 0.550868 -0.82437 -0.130226
    outer loop
      vertex 8.99893 -2.36417 0.934596
      vertex 8.99039 -2.34939 0.804909
      vertex 9.09706 -2.27811 0.804909
    endloop
  endfacet
  facet normal 0.726336 -0.636956 -0.25831
    outer loop
      vertex 9.19352 -2.19352 0.804909
      vertex 9.16958 -2.16958 0.67856
      vertex 9.27811 -2.09706 0.804909
    endloop
  endfacet
  facet normal 0.609384 -0.694773 -0.382023
    outer loop
      vertex 9.16958 -2.16958 0.67856
      vertex 9.04598 -2.21154 0.557711
      vertex 9.13418 -2.13418 0.557711
    endloop
  endfacet
  facet normal 0.571382 -0.651446 -0.49914
    outer loop
      vertex 9.13418 -2.13418 0.557711
      vertex 9.04598 -2.21154 0.557711
      vertex 9.08794 -2.08794 0.444429
    endloop
  endfacet
  facet normal 0.318724 -0.93886 -0.130216
    outer loop
      vertex 8.75826 -2.46386 0.934596
      vertex 8.75385 -2.44737 0.804909
      vertex 8.87533 -2.40613 0.804909
    endloop
  endfacet
  facet normal 0.297064 -0.875121 -0.38199
    outer loop
      vertex 8.86237 -2.37485 0.67856
      vertex 8.73213 -2.36631 0.557711
      vertex 8.84322 -2.3286 0.557711
    endloop
  endfacet
  facet normal 0.0631752 -0.964007 -0.258263
    outer loop
      vertex 8.62802 -2.47239 0.804909
      vertex 8.5 -2.44693 0.67856
      vertex 8.6236 -2.43883 0.67856
    endloop
  endfacet
  facet normal 0.188512 -0.947474 -0.258373
    outer loop
      vertex 8.75385 -2.44737 0.804909
      vertex 8.6236 -2.43883 0.67856
      vertex 8.74508 -2.41466 0.67856
    endloop
  endfacet
  facet normal 0.555531 -0.831496 0
    outer loop
      vertex 8.99893 -2.36417 0.934596
      vertex 9.10746 -2.29166 2.5
      vertex 8.99893 -2.36417 2.5
    endloop
  endfacet
  facet normal 0.555531 -0.831496 0
    outer loop
      vertex 9.10746 -2.29166 2.5
      vertex 8.99893 -2.36417 0.934596
      vertex 9.10746 -2.29166 0.934596
    endloop
  endfacet
  facet normal 0.550794 -0.824406 -0.130306
    outer loop
      vertex 9.10746 -2.29166 0.934596
      vertex 8.99893 -2.36417 0.934596
      vertex 9.09706 -2.27811 0.804909
    endloop
  endfacet
  facet normal 0.65371 -0.745441 -0.130308
    outer loop
      vertex 9.10746 -2.29166 0.934596
      vertex 9.09706 -2.27811 0.804909
      vertex 9.19352 -2.19352 0.804909
    endloop
  endfacet
  facet normal 0.19507 -0.980789 0
    outer loop
      vertex 8.63025 -2.48932 0.934596
      vertex 8.75826 -2.46386 2.5
      vertex 8.63025 -2.48932 2.5
    endloop
  endfacet
  facet normal 0.19507 -0.980789 0
    outer loop
      vertex 8.75826 -2.46386 2.5
      vertex 8.63025 -2.48932 0.934596
      vertex 8.75826 -2.46386 0.934596
    endloop
  endfacet
  facet normal 0.31055 -0.914782 -0.258325
    outer loop
      vertex 8.87533 -2.40613 0.804909
      vertex 8.75385 -2.44737 0.804909
      vertex 8.86237 -2.37485 0.67856
    endloop
  endfacet
  facet normal -0.0631752 -0.964007 -0.258263
    outer loop
      vertex 3.5 -2.44693 0.67856
      vertex 3.37198 -2.47239 0.804909
      vertex 3.3764 -2.43883 0.67856
    endloop
  endfacet
  facet normal -0.0604344 -0.922184 -0.382002
    outer loop
      vertex 3.5 -2.44693 0.67856
      vertex 3.3764 -2.43883 0.67856
      vertex 3.5 -2.39687 0.557711
    endloop
  endfacet
  facet normal -0.343834 0.169597 -0.923588
    outer loop
      vertex 3.20303 1.62301 0.0530691
      vertex 3.09138 1.66926 0.103127
      vertex 3.11697 1.72114 0.103127
    endloop
  endfacet
  facet normal -0.670313 0.227516 -0.706341
    outer loop
      vertex 2.89084 1.75232 0.248159
      vertex 2.77378 1.69459 0.340653
      vertex 2.80539 1.78772 0.340653
    endloop
  endfacet
  facet normal -0.653741 0.745429 -0.130221
    outer loop
      vertex 2.80648 2.19352 0.804909
      vertex 2.79441 2.20559 0.934596
      vertex 2.89254 2.29165 0.934596
    endloop
  endfacet
  facet normal -0.997857 0.0654257 0
    outer loop
      vertex 2.50214 1.5 0.934596
      vertex 2.51068 1.63025 2.5
      vertex 2.51068 1.63025 0.934596
    endloop
  endfacet
  facet normal -0.997857 0.0654257 0
    outer loop
      vertex 2.51068 1.63025 2.5
      vertex 2.50214 1.5 0.934596
      vertex 2.50214 1.5 2.5
    endloop
  endfacet
  facet normal -0.89688 0.442273 0
    outer loop
      vertex 2.5781 1.88186 0.934596
      vertex 2.63583 1.99893 2.5
      vertex 2.63583 1.99893 0.934596
    endloop
  endfacet
  facet normal -0.89688 0.442273 0
    outer loop
      vertex 2.63583 1.99893 2.5
      vertex 2.5781 1.88186 0.934596
      vertex 2.5781 1.88186 2.5
    endloop
  endfacet
  facet normal 0.947524 0.188405 -0.258266
    outer loop
      vertex 9.47239 1.62802 0.804909
      vertex 9.43883 1.6236 0.67856
      vertex 9.44737 1.75385 0.804909
    endloop
  endfacet
  facet normal 0.778712 0.15491 -0.607956
    outer loop
      vertex 9.32436 1.60853 0.444429
      vertex 9.22622 1.69459 0.340653
      vertex 9.30314 1.7152 0.444429
    endloop
  endfacet
  facet normal -0.408718 0.828851 -0.38204
    outer loop
      vertex 3.05156 2.27671 0.557711
      vertex 3.02653 2.32007 0.67856
      vertex 3.13762 2.37485 0.67856
    endloop
  endfacet
  facet normal -0.376565 0.330165 -0.865558
    outer loop
      vertex 3.14911 1.76925 0.103127
      vertex 3.05924 1.83821 0.16853
      vertex 3.18725 1.81275 0.103127
    endloop
  endfacet
  facet normal -0.694263 0.13813 -0.706341
    outer loop
      vertex 2.84629 1.58606 0.248159
      vertex 2.77378 1.69459 0.340653
      vertex 2.86312 1.67065 0.248159
    endloop
  endfacet
  facet normal -0.577227 0.195919 -0.792732
    outer loop
      vertex 2.98672 1.71261 0.16853
      vertex 2.86312 1.67065 0.248159
      vertex 2.89084 1.75232 0.248159
    endloop
  endfacet
  facet normal -0.875142 0.297037 -0.381962
    outer loop
      vertex 2.63369 1.73213 0.557711
      vertex 2.58534 1.74508 0.67856
      vertex 2.62515 1.86237 0.67856
    endloop
  endfacet
  facet normal -0.188405 0.947524 -0.258266
    outer loop
      vertex 3.3764 2.43883 0.67856
      vertex 3.24615 2.44737 0.804909
      vertex 3.37198 2.47239 0.804909
    endloop
  endfacet
  facet normal -0.408752 0.828847 -0.382013
    outer loop
      vertex 3.15678 2.3286 0.557711
      vertex 3.05156 2.27671 0.557711
      vertex 3.13762 2.37485 0.67856
    endloop
  endfacet
  facet normal -0.458342 0.401888 -0.792722
    outer loop
      vertex 3.05924 1.83821 0.16853
      vertex 3.03377 1.96623 0.248159
      vertex 3.10715 1.89285 0.16853
    endloop
  endfacet
  facet normal -0.255193 0.751854 -0.607941
    outer loop
      vertex 3.21228 2.19461 0.340653
      vertex 3.18181 2.26818 0.444429
      vertex 3.30541 2.22622 0.340653
    endloop
  endfacet
  facet normal -0.0399358 0.608296 -0.792705
    outer loop
      vertex 3.42748 2.05082 0.16853
      vertex 3.41394 2.1537 0.248159
      vertex 3.5 2.15935 0.248159
    endloop
  endfacet
  facet normal 0.0250727 0.382564 -0.923589
    outer loop
      vertex 8.54196 1.81869 0.0530691
      vertex 8.5 1.82144 0.0530691
      vertex 8.5 1.94229 0.103127
    endloop
  endfacet
  facet normal -0.160972 0.474232 -0.865559
    outer loop
      vertex 3.38553 1.92722 0.103127
      vertex 3.28739 2.01328 0.16853
      vertex 3.35621 2.03664 0.16853
    endloop
  endfacet
  facet normal 0.0631752 0.964007 -0.258263
    outer loop
      vertex 8.6236 2.43883 0.67856
      vertex 8.5 2.44693 0.67856
      vertex 8.62802 2.47239 0.804909
    endloop
  endfacet
  facet normal 0.188405 0.947524 -0.258266
    outer loop
      vertex 8.75385 2.44737 0.804909
      vertex 8.6236 2.43883 0.67856
      vertex 8.62802 2.47239 0.804909
    endloop
  endfacet
  facet normal 0.138113 0.694235 -0.706373
    outer loop
      vertex 8.69459 2.22622 0.340653
      vertex 8.58606 2.1537 0.248159
      vertex 8.59813 2.24541 0.340653
    endloop
  endfacet
  facet normal 0.051904 0.792284 -0.60794
    outer loop
      vertex 8.60853 2.32436 0.444429
      vertex 8.5 2.25184 0.340653
      vertex 8.5 2.33147 0.444429
    endloop
  endfacet
  facet normal 0.0654257 0.997857 -0
    outer loop
      vertex 8.63025 2.48932 0.934596
      vertex 8.5 2.49786 2.5
      vertex 8.63025 2.48932 2.5
    endloop
  endfacet
  facet normal 0.0654257 0.997857 0
    outer loop
      vertex 8.5 2.49786 2.5
      vertex 8.63025 2.48932 0.934596
      vertex 8.5 2.49786 0.934596
    endloop
  endfacet
  facet normal 0.188512 0.947474 -0.258373
    outer loop
      vertex 8.74508 2.41466 0.67856
      vertex 8.6236 2.43883 0.67856
      vertex 8.75385 2.44737 0.804909
    endloop
  endfacet
  facet normal 0.310493 0.914787 -0.258377
    outer loop
      vertex 8.86237 2.37485 0.67856
      vertex 8.74508 2.41466 0.67856
      vertex 8.75385 2.44737 0.804909
    endloop
  endfacet
  facet normal 0.0631777 0.964006 -0.258266
    outer loop
      vertex 8.62802 2.47239 0.804909
      vertex 8.5 2.44693 0.67856
      vertex 8.5 2.48078 0.804909
    endloop
  endfacet
  facet normal -0.19336 0.972441 -0.130272
    outer loop
      vertex 3.37198 2.47239 0.804909
      vertex 3.24615 2.44737 0.804909
      vertex 3.36975 2.48932 0.934596
    endloop
  endfacet
  facet normal 0.636956 0.726336 -0.25831
    outer loop
      vertex 9.16958 2.16958 0.67856
      vertex 9.09706 2.27811 0.804909
      vertex 9.19352 2.19352 0.804909
    endloop
  endfacet
  facet normal 0.321463 0.946922 -0
    outer loop
      vertex 8.88186 2.4219 0.934596
      vertex 8.75826 2.46386 2.5
      vertex 8.88186 2.4219 2.5
    endloop
  endfacet
  facet normal 0.321463 0.946922 0
    outer loop
      vertex 8.75826 2.46386 2.5
      vertex 8.88186 2.4219 0.934596
      vertex 8.75826 2.46386 0.934596
    endloop
  endfacet
  facet normal 0.318724 0.93886 -0.130216
    outer loop
      vertex 8.87533 2.40613 0.804909
      vertex 8.75385 2.44737 0.804909
      vertex 8.75826 2.46386 0.934596
    endloop
  endfacet
  facet normal -0.438573 0.889201 -0.130288
    outer loop
      vertex 3.00961 2.34938 0.804909
      vertex 3.00107 2.36417 0.934596
      vertex 3.12467 2.40613 0.804909
    endloop
  endfacet
  facet normal -0.193394 0.972438 -0.130239
    outer loop
      vertex 3.24615 2.44737 0.804909
      vertex 3.24173 2.46386 0.934596
      vertex 3.36975 2.48932 0.934596
    endloop
  endfacet
  facet normal 0 1 -0
    outer loop
      vertex 8.5 2.49786 0.934596
      vertex 3.5 2.49786 2.5
      vertex 8.5 2.49786 2.5
    endloop
  endfacet
  facet normal 0 1 0
    outer loop
      vertex 3.5 2.49786 2.5
      vertex 8.5 2.49786 0.934596
      vertex 3.5 2.49786 0.934596
    endloop
  endfacet
  facet normal -0.0631752 0.964007 -0.258263
    outer loop
      vertex 3.3764 2.43883 0.67856
      vertex 3.37198 2.47239 0.804909
      vertex 3.5 2.44693 0.67856
    endloop
  endfacet
  facet normal -0.188512 0.947474 -0.258373
    outer loop
      vertex 3.25492 2.41466 0.67856
      vertex 3.24615 2.44737 0.804909
      vertex 3.3764 2.43883 0.67856
    endloop
  endfacet
  facet normal -0.254341 0.0506041 -0.96579
    outer loop
      vertex 3.30658 1.52546 0.0192146
      vertex 3.18131 1.54196 0.0530691
      vertex 3.31156 1.55049 0.0192146
    endloop
  endfacet
  facet normal 0.24559 0.0833197 -0.965786
    outer loop
      vertex 8.68844 1.55049 0.0192146
      vertex 8.68024 1.57466 0.0192146
      vertex 8.79697 1.62301 0.0530691
    endloop
  endfacet
  facet normal 0 0.130523 -0.991445
    outer loop
      vertex 3.5 1.5654 0.002141
      vertex 8.5 1.69509 0.0192146
      vertex 8.5 1.5654 0.002141
    endloop
  endfacet
  facet normal 0 0.130523 -0.991445
    outer loop
      vertex 8.5 1.69509 0.0192146
      vertex 3.5 1.5654 0.002141
      vertex 3.5 1.69509 0.0192146
    endloop
  endfacet
  facet normal -0.0421828 -0.123797 -0.991411
    outer loop
      vertex 3.48307 -1.56318 0.002141
      vertex 3.42534 -1.68024 0.0192146
      vertex 3.47497 -1.56042 0.002141
    endloop
  endfacet
  facet normal -0.670312 0.227514 -0.706342
    outer loop
      vertex 2.86312 1.67065 0.248159
      vertex 2.77378 1.69459 0.340653
      vertex 2.89084 1.75232 0.248159
    endloop
  endfacet
  facet normal -0.588586 0.393239 -0.706349
    outer loop
      vertex 2.92899 1.82967 0.248159
      vertex 2.84889 1.87592 0.340653
      vertex 2.9769 1.90138 0.248159
    endloop
  endfacet
  facet normal -0.963982 -0.0632515 -0.258336
    outer loop
      vertex 2.52761 -1.62802 0.804909
      vertex 2.51921 -1.5 0.804909
      vertex 2.55307 -1.5 0.67856
    endloop
  endfacet
  facet normal -0.922184 -0.0604344 -0.382002
    outer loop
      vertex 2.56117 -1.6236 0.67856
      vertex 2.55307 -1.5 0.67856
      vertex 2.60313 -1.5 0.557711
    endloop
  endfacet
  facet normal -0.046292 -0.706364 -0.706333
    outer loop
      vertex 3.5 -2.25184 0.340653
      vertex 3.41394 -2.15371 0.248159
      vertex 3.5 -2.15935 0.248159
    endloop
  endfacet
  facet normal -0.0462845 -0.706361 -0.706337
    outer loop
      vertex 3.5 -2.25184 0.340653
      vertex 3.40187 -2.24541 0.340653
      vertex 3.41394 -2.15371 0.248159
    endloop
  endfacet
  facet normal -0.130523 0 -0.991445
    outer loop
      vertex 3.30491 -1.5 0.0192146
      vertex 3.4346 1.5 0.002141
      vertex 3.4346 -1.5 0.002141
    endloop
  endfacet
  facet normal -0.130523 0 -0.991445
    outer loop
      vertex 3.4346 1.5 0.002141
      vertex 3.30491 -1.5 0.0192146
      vertex 3.30491 1.5 0.0192146
    endloop
  endfacet
  facet normal 0.0250727 -0.382564 -0.923589
    outer loop
      vertex 8.54196 -1.81869 0.0530691
      vertex 8.5 -1.94229 0.103127
      vertex 8.5 -1.82144 0.0530691
    endloop
  endfacet
  facet normal 0.128283 0.0255342 -0.991409
    outer loop
      vertex 8.56484 1.50854 0.002141
      vertex 8.56317 1.51693 0.002141
      vertex 8.68844 1.55049 0.0192146
    endloop
  endfacet
  facet normal 0.382564 0.0250727 -0.923589
    outer loop
      vertex 8.82144 1.5 0.0530691
      vertex 8.81869 1.54196 0.0530691
      vertex 8.94229 1.5 0.103127
    endloop
  endfacet
  facet normal 0.042023 0.123865 -0.991409
    outer loop
      vertex 8.57466 1.68024 0.0192146
      vertex 8.51693 1.56317 0.002141
      vertex 8.55049 1.68844 0.0192146
    endloop
  endfacet
  facet normal 0.114716 0.232577 -0.965789
    outer loop
      vertex 8.66072 1.77837 0.0530691
      vertex 8.59754 1.66895 0.0192146
      vertex 8.62301 1.79697 0.0530691
    endloop
  endfacet
  facet normal 0.0463739 0.706361 -0.706331
    outer loop
      vertex 8.58606 2.1537 0.248159
      vertex 8.5 2.15935 0.248159
      vertex 8.5 2.25184 0.340653
    endloop
  endfacet
  facet normal 0.0328055 0.499699 -0.865578
    outer loop
      vertex 8.55773 1.9385 0.103127
      vertex 8.5 1.94229 0.103127
      vertex 8.57252 2.05082 0.16853
    endloop
  endfacet
  facet normal 0.694282 0.138052 -0.706339
    outer loop
      vertex 9.1537 1.58606 0.248159
      vertex 9.13688 1.67065 0.248159
      vertex 9.22622 1.69459 0.340653
    endloop
  endfacet
  facet normal 0.0983694 0.0862206 -0.991408
    outer loop
      vertex 8.65477 1.61876 0.0192146
      vertex 8.54625 1.54625 0.002141
      vertex 8.63795 1.63795 0.0192146
    endloop
  endfacet
  facet normal -0.212972 0.318795 -0.923587
    outer loop
      vertex 3.33928 1.77837 0.0530691
      vertex 3.23075 1.85089 0.103127
      vertex 3.27886 1.88303 0.103127
    endloop
  endfacet
  facet normal 0.0169598 0.258776 -0.965789
    outer loop
      vertex 8.54196 1.81869 0.0530691
      vertex 8.5 1.69509 0.0192146
      vertex 8.5 1.82144 0.0530691
    endloop
  endfacet
  facet normal 0.0399358 0.608296 -0.792705
    outer loop
      vertex 8.57252 2.05082 0.16853
      vertex 8.5 2.15935 0.248159
      vertex 8.58606 2.1537 0.248159
    endloop
  endfacet
  facet normal -0.169594 0.343837 -0.923588
    outer loop
      vertex 3.33928 1.77837 0.0530691
      vertex 3.27886 1.88303 0.103127
      vertex 3.37699 1.79697 0.0530691
    endloop
  endfacet
  facet normal 0 0.608741 -0.793369
    outer loop
      vertex 3.5 2.05557 0.16853
      vertex 8.5 2.15935 0.248159
      vertex 8.5 2.05557 0.16853
    endloop
  endfacet
  facet normal 0 0.608741 -0.793369
    outer loop
      vertex 8.5 2.15935 0.248159
      vertex 3.5 2.05557 0.16853
      vertex 3.5 2.15935 0.248159
    endloop
  endfacet
  facet normal 0.123261 0.363036 -0.923586
    outer loop
      vertex 8.62301 1.79697 0.0530691
      vertex 8.58319 1.81049 0.0530691
      vertex 8.61447 1.92722 0.103127
    endloop
  endfacet
  facet normal 0.0169736 0.258771 -0.96579
    outer loop
      vertex 8.52546 1.69342 0.0192146
      vertex 8.5 1.69509 0.0192146
      vertex 8.54196 1.81869 0.0530691
    endloop
  endfacet
  facet normal -0.00855858 -0.130518 -0.991409
    outer loop
      vertex 3.5 -1.69509 0.0192146
      vertex 3.49146 -1.56484 0.002141
      vertex 3.5 -1.5654 0.002141
    endloop
  endfacet
  facet normal 0.0578191 0.117321 -0.99141
    outer loop
      vertex 8.5327 1.55664 0.002141
      vertex 8.52503 1.56042 0.002141
      vertex 8.57466 1.68024 0.0192146
    endloop
  endfacet
  facet normal 0.245556 -0.083373 -0.965791
    outer loop
      vertex 8.79697 -1.62301 0.0530691
      vertex 8.68844 -1.55049 0.0192146
      vertex 8.81049 -1.58319 0.0530691
    endloop
  endfacet
  facet normal 0.258776 0.0169598 -0.965789
    outer loop
      vertex 8.82144 1.5 0.0530691
      vertex 8.69509 1.5 0.0192146
      vertex 8.81869 1.54196 0.0530691
    endloop
  endfacet
  facet normal 0.123853 -0.0420488 -0.991409
    outer loop
      vertex 8.68024 -1.57466 0.0192146
      vertex 8.56042 -1.52503 0.002141
      vertex 8.56317 -1.51693 0.002141
    endloop
  endfacet
  facet normal 0.363036 -0.123261 -0.923586
    outer loop
      vertex 8.92722 -1.61447 0.103127
      vertex 8.79697 -1.62301 0.0530691
      vertex 8.81049 -1.58319 0.0530691
    endloop
  endfacet
  facet normal 0.499699 -0.0328055 -0.865578
    outer loop
      vertex 9.05082 -1.57252 0.16853
      vertex 8.9385 -1.55773 0.103127
      vertex 8.94229 -1.5 0.103127
    endloop
  endfacet
  facet normal 0.194985 -0.17099 -0.965786
    outer loop
      vertex 8.72729 -1.72729 0.0530691
      vertex 8.63795 -1.63795 0.0192146
      vertex 8.75501 -1.69568 0.0530691
    endloop
  endfacet
  facet normal 0.258773 -0.0169671 -0.965789
    outer loop
      vertex 8.81869 -1.54196 0.0530691
      vertex 8.69342 -1.52547 0.0192146
      vertex 8.69509 -1.5 0.0192146
    endloop
  endfacet
  facet normal -0.93886 0.318726 -0.130214
    outer loop
      vertex 2.59387 1.87533 0.804909
      vertex 2.53614 1.75826 0.934596
      vertex 2.5781 1.88186 0.934596
    endloop
  endfacet
  facet normal -0.383176 -0.777135 -0.499237
    outer loop
      vertex 3.15678 -2.3286 0.557711
      vertex 3.05156 -2.27672 0.557711
      vertex 3.08426 -2.22007 0.444429
    endloop
  endfacet
  facet normal -0.726311 -0.637004 -0.258261
    outer loop
      vertex 2.83042 -2.16958 0.67856
      vertex 2.72189 -2.09706 0.804909
      vertex 2.74875 -2.07646 0.67856
    endloop
  endfacet
  facet normal -0.803245 -0.536744 -0.258269
    outer loop
      vertex 2.72189 -2.09706 0.804909
      vertex 2.67993 -1.97347 0.67856
      vertex 2.74875 -2.07646 0.67856
    endloop
  endfacet
  facet normal -0.363036 0.123261 -0.923586
    outer loop
      vertex 3.18951 1.58319 0.0530691
      vertex 3.07278 1.61447 0.103127
      vertex 3.20303 1.62301 0.0530691
    endloop
  endfacet
  facet normal -0.694801 -0.609368 -0.381998
    outer loop
      vertex 2.83042 -2.16958 0.67856
      vertex 2.74875 -2.07646 0.67856
      vertex 2.78846 -2.04598 0.557711
    endloop
  endfacet
  facet normal -0.523498 -0.596938 -0.60796
    outer loop
      vertex 2.99383 -2.15965 0.444429
      vertex 2.91206 -2.08794 0.444429
      vertex 2.96837 -2.03163 0.340653
    endloop
  endfacet
  facet normal -0.550794 -0.824406 -0.130306
    outer loop
      vertex 3.00107 -2.36417 0.934596
      vertex 2.89254 -2.29166 0.934596
      vertex 2.90294 -2.27811 0.804909
    endloop
  endfacet
  facet normal -0.65371 -0.745441 -0.130308
    outer loop
      vertex 2.89254 -2.29166 0.934596
      vertex 2.80648 -2.19352 0.804909
      vertex 2.90294 -2.27811 0.804909
    endloop
  endfacet
  facet normal -0.383267 -0.77713 -0.499174
    outer loop
      vertex 3.15678 -2.3286 0.557711
      vertex 3.08426 -2.22007 0.444429
      vertex 3.18181 -2.26818 0.444429
    endloop
  endfacet
  facet normal -0.751836 -0.255211 -0.607955
    outer loop
      vertex 2.73182 -1.81819 0.444429
      vertex 2.69686 -1.7152 0.444429
      vertex 2.77378 -1.69459 0.340653
    endloop
  endfacet
  facet normal -0.318723 -0.938857 -0.130241
    outer loop
      vertex 3.24173 -2.46386 0.934596
      vertex 3.12467 -2.40613 0.804909
      vertex 3.24615 -2.44737 0.804909
    endloop
  endfacet
  facet normal -0.408688 -0.828878 -0.382015
    outer loop
      vertex 3.13762 -2.37485 0.67856
      vertex 3.05156 -2.27672 0.557711
      vertex 3.15678 -2.3286 0.557711
    endloop
  endfacet
  facet normal 0.46673 -0.532221 -0.706331
    outer loop
      vertex 9.03163 -2.03163 0.340653
      vertex 8.90138 -2.0231 0.248159
      vertex 8.96623 -1.96623 0.248159
    endloop
  endfacet
  facet normal 0.58855 -0.393297 -0.706347
    outer loop
      vertex 9.15111 -1.87592 0.340653
      vertex 9.02309 -1.90138 0.248159
      vertex 9.07101 -1.82967 0.248159
    endloop
  endfacet
  facet normal 0.330179 -0.37656 -0.865554
    outer loop
      vertex 8.83821 -1.94076 0.16853
      vertex 8.81275 -1.81275 0.103127
      vertex 8.89285 -1.89285 0.16853
    endloop
  endfacet
  facet normal 0.118949 -0.597857 -0.792728
    outer loop
      vertex 8.67065 -2.13688 0.248159
      vertex 8.58606 -2.15371 0.248159
      vertex 8.64379 -2.03664 0.16853
    endloop
  endfacet
  facet normal 0.44914 -0.221469 -0.865578
    outer loop
      vertex 8.98114 -1.77779 0.16853
      vertex 8.88303 -1.72114 0.103127
      vertex 9.01328 -1.71261 0.16853
    endloop
  endfacet
  facet normal 0.376565 -0.330165 -0.865558
    outer loop
      vertex 8.94076 -1.83821 0.16853
      vertex 8.81275 -1.81275 0.103127
      vertex 8.85089 -1.76925 0.103127
    endloop
  endfacet
  facet normal 0.532264 -0.466685 -0.706329
    outer loop
      vertex 9.03163 -2.03163 0.340653
      vertex 8.96623 -1.96623 0.248159
      vertex 9.02309 -1.90138 0.248159
    endloop
  endfacet
  facet normal 0.416351 -0.278256 -0.865578
    outer loop
      vertex 8.94076 -1.83821 0.16853
      vertex 8.88303 -1.72114 0.103127
      vertex 8.98114 -1.77779 0.16853
    endloop
  endfacet
  facet normal 0.170991 -0.194969 -0.965789
    outer loop
      vertex 8.69568 -1.75502 0.0530691
      vertex 8.61876 -1.65478 0.0192146
      vertex 8.63795 -1.63795 0.0192146
    endloop
  endfacet
  facet normal 0.0255342 0.128283 -0.991409
    outer loop
      vertex 8.51693 1.56317 0.002141
      vertex 8.50854 1.56484 0.002141
      vertex 8.55049 1.68844 0.0192146
    endloop
  endfacet
  facet normal 0 -0.130523 -0.991445
    outer loop
      vertex 3.5 -1.69509 0.0192146
      vertex 8.5 -1.5654 0.002141
      vertex 8.5 -1.69509 0.0192146
    endloop
  endfacet
  facet normal -0 -0.130523 -0.991445
    outer loop
      vertex 8.5 -1.5654 0.002141
      vertex 3.5 -1.69509 0.0192146
      vertex 3.5 -1.5654 0.002141
    endloop
  endfacet
  facet normal -0.89688 -0.442273 0
    outer loop
      vertex 2.63583 -1.99893 0.934596
      vertex 2.5781 -1.88186 2.5
      vertex 2.5781 -1.88186 0.934596
    endloop
  endfacet
  facet normal -0.89688 -0.442273 0
    outer loop
      vertex 2.5781 -1.88186 2.5
      vertex 2.63583 -1.99893 0.934596
      vertex 2.63583 -1.99893 2.5
    endloop
  endfacet
  facet normal -0.659399 -0.751793 0
    outer loop
      vertex 2.79441 -2.20559 0.934596
      vertex 2.89254 -2.29166 2.5
      vertex 2.79441 -2.20559 2.5
    endloop
  endfacet
  facet normal -0.659399 -0.751793 -0
    outer loop
      vertex 2.89254 -2.29166 2.5
      vertex 2.79441 -2.20559 0.934596
      vertex 2.89254 -2.29166 0.934596
    endloop
  endfacet
  facet normal -0.751793 -0.659399 0
    outer loop
      vertex 2.79441 -2.20559 0.934596
      vertex 2.70834 -2.10746 2.5
      vertex 2.70834 -2.10746 0.934596
    endloop
  endfacet
  facet normal -0.751793 -0.659399 0
    outer loop
      vertex 2.70834 -2.10746 2.5
      vertex 2.79441 -2.20559 0.934596
      vertex 2.79441 -2.20559 2.5
    endloop
  endfacet
  facet normal 0.745447 -0.653715 -0.130252
    outer loop
      vertex 9.29165 -2.10746 0.934596
      vertex 9.19352 -2.19352 0.804909
      vertex 9.27811 -2.09706 0.804909
    endloop
  endfacet
  facet normal 0.947524 -0.188405 -0.258266
    outer loop
      vertex 9.44737 -1.75385 0.804909
      vertex 9.43883 -1.6236 0.67856
      vertex 9.47239 -1.62802 0.804909
    endloop
  endfacet
  facet normal 0.947474 -0.188512 -0.258373
    outer loop
      vertex 9.44737 -1.75385 0.804909
      vertex 9.41466 -1.74508 0.67856
      vertex 9.43883 -1.6236 0.67856
    endloop
  endfacet
  facet normal 0.778714 -0.154919 -0.60795
    outer loop
      vertex 9.32436 -1.60853 0.444429
      vertex 9.22622 -1.69459 0.340653
      vertex 9.24541 -1.59813 0.340653
    endloop
  endfacet
  facet normal 0.712092 -0.351192 -0.607939
    outer loop
      vertex 9.22007 -1.91574 0.444429
      vertex 9.19461 -1.78772 0.340653
      vertex 9.26818 -1.81819 0.444429
    endloop
  endfacet
  facet normal 0.382577 0.0251163 -0.923582
    outer loop
      vertex 8.94229 1.5 0.103127
      vertex 8.81869 1.54196 0.0530691
      vertex 8.9385 1.55773 0.103127
    endloop
  endfacet
  facet normal 0.382685 0 -0.923879
    outer loop
      vertex 8.82144 -1.5 0.0530691
      vertex 8.94229 1.5 0.103127
      vertex 8.94229 -1.5 0.103127
    endloop
  endfacet
  facet normal 0.382685 0 -0.923879
    outer loop
      vertex 8.94229 1.5 0.103127
      vertex 8.82144 -1.5 0.0530691
      vertex 8.82144 1.5 0.0530691
    endloop
  endfacet
  facet normal 0.170931 0.195016 -0.965791
    outer loop
      vertex 8.63795 1.63795 0.0192146
      vertex 8.61876 1.65477 0.0192146
      vertex 8.69568 1.75501 0.0530691
    endloop
  endfacet
  facet normal 0.215623 0.144078 -0.965789
    outer loop
      vertex 8.77837 1.66072 0.0530691
      vertex 8.66895 1.59754 0.0192146
      vertex 8.75501 1.69568 0.0530691
    endloop
  endfacet
  facet normal 0.160972 0.474232 -0.865559
    outer loop
      vertex 8.71261 2.01328 0.16853
      vertex 8.61447 1.92722 0.103127
      vertex 8.64379 2.03664 0.16853
    endloop
  endfacet
  facet normal 0.577229 0.195932 -0.792728
    outer loop
      vertex 9.03664 1.64379 0.16853
      vertex 9.01328 1.71261 0.16853
      vertex 9.13688 1.67065 0.248159
    endloop
  endfacet
  facet normal 0.875121 0.297064 -0.38199
    outer loop
      vertex 9.36631 1.73213 0.557711
      vertex 9.3286 1.84322 0.557711
      vertex 9.37485 1.86237 0.67856
    endloop
  endfacet
  facet normal 0.777115 0.383299 -0.499173
    outer loop
      vertex 9.26818 1.81819 0.444429
      vertex 9.22007 1.91573 0.444429
      vertex 9.3286 1.84322 0.557711
    endloop
  endfacet
  facet normal 0.89688 0.442273 0
    outer loop
      vertex 9.4219 1.88186 2.5
      vertex 9.36417 1.99893 0.934596
      vertex 9.36417 1.99893 2.5
    endloop
  endfacet
  facet normal 0.89688 0.442273 0
    outer loop
      vertex 9.36417 1.99893 0.934596
      vertex 9.4219 1.88186 2.5
      vertex 9.4219 1.88186 0.934596
    endloop
  endfacet
  facet normal 0.438573 0.889201 -0.130288
    outer loop
      vertex 8.99039 2.34938 0.804909
      vertex 8.87533 2.40613 0.804909
      vertex 8.99893 2.36417 0.934596
    endloop
  endfacet
  facet normal 0.550851 0.824378 -0.130244
    outer loop
      vertex 9.09706 2.27811 0.804909
      vertex 8.99893 2.36417 0.934596
      vertex 9.10746 2.29165 0.934596
    endloop
  endfacet
  facet normal 0.803236 0.536739 -0.258309
    outer loop
      vertex 9.32007 1.97346 0.67856
      vertex 9.25125 2.07645 0.67856
      vertex 9.27811 2.09706 0.804909
    endloop
  endfacet
  facet normal 0.659356 0.751831 -0
    outer loop
      vertex 9.20559 2.20559 0.934596
      vertex 9.10746 2.29165 2.5
      vertex 9.20559 2.20559 2.5
    endloop
  endfacet
  facet normal 0.659356 0.751831 0
    outer loop
      vertex 9.10746 2.29165 2.5
      vertex 9.20559 2.20559 0.934596
      vertex 9.10746 2.29165 0.934596
    endloop
  endfacet
  facet normal 0.636957 0.726335 -0.258309
    outer loop
      vertex 9.16958 2.16958 0.67856
      vertex 9.07645 2.25125 0.67856
      vertex 9.09706 2.27811 0.804909
    endloop
  endfacet
  facet normal 0.536739 0.803236 -0.258309
    outer loop
      vertex 9.07645 2.25125 0.67856
      vertex 8.97346 2.32007 0.67856
      vertex 9.09706 2.27811 0.804909
    endloop
  endfacet
  facet normal 0.745429 0.653741 -0.130221
    outer loop
      vertex 9.29165 2.10746 0.934596
      vertex 9.19352 2.19352 0.804909
      vertex 9.20559 2.20559 0.934596
    endloop
  endfacet
  facet normal 0.751831 0.659356 0
    outer loop
      vertex 9.29165 2.10746 2.5
      vertex 9.20559 2.20559 0.934596
      vertex 9.20559 2.20559 2.5
    endloop
  endfacet
  facet normal 0.751831 0.659356 0
    outer loop
      vertex 9.20559 2.20559 0.934596
      vertex 9.29165 2.10746 2.5
      vertex 9.29165 2.10746 0.934596
    endloop
  endfacet
  facet normal 0.768401 -0.513461 -0.381993
    outer loop
      vertex 9.25125 -2.07646 0.67856
      vertex 9.21154 -2.04598 0.557711
      vertex 9.32007 -1.97347 0.67856
    endloop
  endfacet
  facet normal 0.803245 -0.536744 -0.258269
    outer loop
      vertex 9.27811 -2.09706 0.804909
      vertex 9.25125 -2.07646 0.67856
      vertex 9.32007 -1.97347 0.67856
    endloop
  endfacet
  facet normal 0.828847 -0.408752 -0.382013
    outer loop
      vertex 9.37485 -1.86238 0.67856
      vertex 9.27671 -1.94844 0.557711
      vertex 9.3286 -1.84322 0.557711
    endloop
  endfacet
  facet normal 0.875113 -0.297061 -0.382011
    outer loop
      vertex 9.37485 -1.86238 0.67856
      vertex 9.3286 -1.84322 0.557711
      vertex 9.36631 -1.73213 0.557711
    endloop
  endfacet
  facet normal 0.866431 -0.427342 -0.258219
    outer loop
      vertex 9.34938 -1.99039 0.804909
      vertex 9.32007 -1.97347 0.67856
      vertex 9.40613 -1.87533 0.804909
    endloop
  endfacet
  facet normal 0.889201 -0.438573 -0.130288
    outer loop
      vertex 9.36417 -1.99893 0.934596
      vertex 9.34938 -1.99039 0.804909
      vertex 9.40613 -1.87533 0.804909
    endloop
  endfacet
  facet normal 0.89688 -0.442273 0
    outer loop
      vertex 9.36417 -1.99893 2.5
      vertex 9.4219 -1.88186 0.934596
      vertex 9.4219 -1.88186 2.5
    endloop
  endfacet
  facet normal 0.89688 -0.442273 0
    outer loop
      vertex 9.4219 -1.88186 0.934596
      vertex 9.36417 -1.99893 2.5
      vertex 9.36417 -1.99893 0.934596
    endloop
  endfacet
  facet normal 0.778712 -0.15491 -0.607956
    outer loop
      vertex 9.30314 -1.7152 0.444429
      vertex 9.22622 -1.69459 0.340653
      vertex 9.32436 -1.60853 0.444429
    endloop
  endfacet
  facet normal 0.491198 -0.0976509 -0.865557
    outer loop
      vertex 9.03664 -1.64379 0.16853
      vertex 8.92722 -1.61447 0.103127
      vertex 8.9385 -1.55773 0.103127
    endloop
  endfacet
  facet normal 0.66014 -0.441116 -0.607973
    outer loop
      vertex 9.15965 -2.00617 0.444429
      vertex 9.09647 -1.95769 0.340653
      vertex 9.15111 -1.87592 0.340653
    endloop
  endfacet
  facet normal 0.596944 -0.523476 -0.607973
    outer loop
      vertex 9.15965 -2.00617 0.444429
      vertex 9.03163 -2.03163 0.340653
      vertex 9.09647 -1.95769 0.340653
    endloop
  endfacet
  facet normal 0.831461 -0.555584 0
    outer loop
      vertex 9.29165 -2.10746 2.5
      vertex 9.36417 -1.99893 0.934596
      vertex 9.36417 -1.99893 2.5
    endloop
  endfacet
  facet normal 0.831461 -0.555584 0
    outer loop
      vertex 9.36417 -1.99893 0.934596
      vertex 9.29165 -2.10746 2.5
      vertex 9.29165 -2.10746 0.934596
    endloop
  endfacet
  facet normal 0.653784 -0.745392 -0.130222
    outer loop
      vertex 9.20559 -2.20559 0.934596
      vertex 9.10746 -2.29166 0.934596
      vertex 9.19352 -2.19352 0.804909
    endloop
  endfacet
  facet normal 0.383169 -0.777122 -0.499262
    outer loop
      vertex 8.94844 -2.27672 0.557711
      vertex 8.84322 -2.3286 0.557711
      vertex 8.91573 -2.22007 0.444429
    endloop
  endfacet
  facet normal 0.481317 -0.720462 -0.499268
    outer loop
      vertex 8.94844 -2.27672 0.557711
      vertex 8.91573 -2.22007 0.444429
      vertex 9.00617 -2.15965 0.444429
    endloop
  endfacet
  facet normal 0.651446 -0.571382 -0.49914
    outer loop
      vertex 9.13418 -2.13418 0.557711
      vertex 9.08794 -2.08794 0.444429
      vertex 9.21154 -2.04598 0.557711
    endloop
  endfacet
  facet normal 0.694773 -0.609384 -0.382023
    outer loop
      vertex 9.16958 -2.16958 0.67856
      vertex 9.13418 -2.13418 0.557711
      vertex 9.21154 -2.04598 0.557711
    endloop
  endfacet
  facet normal 0 -0.923872 -0.382701
    outer loop
      vertex 3.5 -2.39687 0.557711
      vertex 8.5 -2.44693 0.67856
      vertex 3.5 -2.44693 0.67856
    endloop
  endfacet
  facet normal 0 -0.923872 -0.382701
    outer loop
      vertex 8.5 -2.44693 0.67856
      vertex 3.5 -2.39687 0.557711
      vertex 8.5 -2.39687 0.557711
    endloop
  endfacet
  facet normal 0.169055 -0.849855 -0.499167
    outer loop
      vertex 8.61706 -2.3892 0.557711
      vertex 8.60853 -2.32436 0.444429
      vertex 8.73213 -2.36631 0.557711
    endloop
  endfacet
  facet normal 0.536743 -0.803231 -0.258315
    outer loop
      vertex 8.99039 -2.34939 0.804909
      vertex 8.97346 -2.32007 0.67856
      vertex 9.09706 -2.27811 0.804909
    endloop
  endfacet
  facet normal 0.536739 -0.803236 -0.258309
    outer loop
      vertex 9.09706 -2.27811 0.804909
      vertex 8.97346 -2.32007 0.67856
      vertex 9.07645 -2.25125 0.67856
    endloop
  endfacet
  facet normal 0.0632515 -0.963982 -0.258336
    outer loop
      vertex 8.62802 -2.47239 0.804909
      vertex 8.5 -2.48079 0.804909
      vertex 8.5 -2.44693 0.67856
    endloop
  endfacet
  facet normal 0.19336 -0.972441 -0.130272
    outer loop
      vertex 8.63025 -2.48932 0.934596
      vertex 8.62802 -2.47239 0.804909
      vertex 8.75385 -2.44737 0.804909
    endloop
  endfacet
  facet normal 0.0648686 -0.98936 -0.130224
    outer loop
      vertex 8.63025 -2.48932 0.934596
      vertex 8.5 -2.49786 0.934596
      vertex 8.5 -2.48079 0.804909
    endloop
  endfacet
  facet normal -0.188405 -0.947524 -0.258266
    outer loop
      vertex 3.37198 -2.47239 0.804909
      vertex 3.24615 -2.44737 0.804909
      vertex 3.3764 -2.43883 0.67856
    endloop
  endfacet
  facet normal -0.0648686 -0.98936 -0.130224
    outer loop
      vertex 3.5 -2.49786 0.934596
      vertex 3.36975 -2.48932 0.934596
      vertex 3.5 -2.48079 0.804909
    endloop
  endfacet
  facet normal -0.523498 0.596938 -0.60796
    outer loop
      vertex 2.96837 2.03163 0.340653
      vertex 2.91206 2.08794 0.444429
      vertex 2.99383 2.15965 0.444429
    endloop
  endfacet
  facet normal -0.278201 0.416436 -0.865555
    outer loop
      vertex 3.23075 1.85089 0.103127
      vertex 3.16179 1.94076 0.16853
      vertex 3.27886 1.88303 0.103127
    endloop
  endfacet
  facet normal -0.914782 0.31055 -0.258325
    outer loop
      vertex 2.62515 1.86237 0.67856
      vertex 2.55263 1.75385 0.804909
      vertex 2.59387 1.87533 0.804909
    endloop
  endfacet
  facet normal -0.831496 0.555531 0
    outer loop
      vertex 2.63583 1.99893 0.934596
      vertex 2.70834 2.10746 2.5
      vertex 2.70834 2.10746 0.934596
    endloop
  endfacet
  facet normal -0.831496 0.555531 0
    outer loop
      vertex 2.70834 2.10746 2.5
      vertex 2.63583 1.99893 0.934596
      vertex 2.63583 1.99893 2.5
    endloop
  endfacet
  facet normal -0.745441 0.65371 -0.130308
    outer loop
      vertex 2.72189 2.09706 0.804909
      vertex 2.70834 2.10746 0.934596
      vertex 2.80648 2.19352 0.804909
    endloop
  endfacet
  facet normal 0.768413 0.513469 -0.381957
    outer loop
      vertex 9.32007 1.97346 0.67856
      vertex 9.21154 2.04598 0.557711
      vertex 9.25125 2.07645 0.67856
    endloop
  endfacet
  facet normal 0.571382 0.651446 -0.49914
    outer loop
      vertex 9.08794 2.08794 0.444429
      vertex 9.04598 2.21154 0.557711
      vertex 9.13418 2.13418 0.557711
    endloop
  endfacet
  facet normal 0.849855 0.169055 -0.499167
    outer loop
      vertex 9.3892 1.61706 0.557711
      vertex 9.32436 1.60853 0.444429
      vertex 9.36631 1.73213 0.557711
    endloop
  endfacet
  facet normal 0.922188 0.0604236 -0.381992
    outer loop
      vertex 9.39687 1.5 0.557711
      vertex 9.3892 1.61706 0.557711
      vertex 9.43883 1.6236 0.67856
    endloop
  endfacet
  facet normal 0.875142 0.297037 -0.381962
    outer loop
      vertex 9.41466 1.74508 0.67856
      vertex 9.36631 1.73213 0.557711
      vertex 9.37485 1.86237 0.67856
    endloop
  endfacet
  facet normal 0.947474 0.188512 -0.258373
    outer loop
      vertex 9.43883 1.6236 0.67856
      vertex 9.41466 1.74508 0.67856
      vertex 9.44737 1.75385 0.804909
    endloop
  endfacet
  facet normal -0.532229 0.466726 -0.706327
    outer loop
      vertex 2.9769 1.90138 0.248159
      vertex 2.90353 1.95769 0.340653
      vertex 2.96837 2.03163 0.340653
    endloop
  endfacet
  facet normal -0.401882 0.458355 -0.792717
    outer loop
      vertex 3.16179 1.94076 0.16853
      vertex 3.03377 1.96623 0.248159
      vertex 3.09862 2.02309 0.248159
    endloop
  endfacet
  facet normal -0.670312 -0.227514 -0.706342
    outer loop
      vertex 2.89084 -1.75232 0.248159
      vertex 2.77378 -1.69459 0.340653
      vertex 2.86312 -1.67065 0.248159
    endloop
  endfacet
  facet normal -0.506841 0.338677 -0.792723
    outer loop
      vertex 3.01886 1.77778 0.16853
      vertex 2.92899 1.82967 0.248159
      vertex 3.05924 1.83821 0.16853
    endloop
  endfacet
  facet normal -0.634848 0.313115 -0.706348
    outer loop
      vertex 2.89084 1.75232 0.248159
      vertex 2.84889 1.87592 0.340653
      vertex 2.92899 1.82967 0.248159
    endloop
  endfacet
  facet normal -0.555584 0.831461 0
    outer loop
      vertex 3.00107 2.36417 0.934596
      vertex 2.89254 2.29165 2.5
      vertex 3.00107 2.36417 2.5
    endloop
  endfacet
  facet normal -0.555584 0.831461 0
    outer loop
      vertex 2.89254 2.29165 2.5
      vertex 3.00107 2.36417 0.934596
      vertex 2.89254 2.29165 0.934596
    endloop
  endfacet
  facet normal -0.449137 0.221538 -0.865562
    outer loop
      vertex 3.09138 1.66926 0.103127
      vertex 2.98672 1.71261 0.16853
      vertex 3.11697 1.72114 0.103127
    endloop
  endfacet
  facet normal -0.694271 0.13812 -0.706336
    outer loop
      vertex 2.84629 1.58606 0.248159
      vertex 2.75459 1.59813 0.340653
      vertex 2.77378 1.69459 0.340653
    endloop
  endfacet
  facet normal -0.637004 0.726311 -0.258261
    outer loop
      vertex 2.92354 2.25125 0.67856
      vertex 2.83042 2.16958 0.67856
      vertex 2.90294 2.27811 0.804909
    endloop
  endfacet
  facet normal -0.442273 0.89688 0
    outer loop
      vertex 3.11814 2.4219 0.934596
      vertex 3.00107 2.36417 2.5
      vertex 3.11814 2.4219 2.5
    endloop
  endfacet
  facet normal -0.442273 0.89688 0
    outer loop
      vertex 3.00107 2.36417 2.5
      vertex 3.11814 2.4219 0.934596
      vertex 3.00107 2.36417 0.934596
    endloop
  endfacet
  facet normal -0.768413 0.513469 -0.381957
    outer loop
      vertex 2.78846 2.04598 0.557711
      vertex 2.67993 1.97346 0.67856
      vertex 2.74875 2.07645 0.67856
    endloop
  endfacet
  facet normal -0.651467 0.571318 -0.499186
    outer loop
      vertex 2.84035 2.00617 0.444429
      vertex 2.78846 2.04598 0.557711
      vertex 2.91206 2.08794 0.444429
    endloop
  endfacet
  facet normal -0.255211 0.751836 -0.607955
    outer loop
      vertex 3.30541 2.22622 0.340653
      vertex 3.18181 2.26818 0.444429
      vertex 3.2848 2.30314 0.444429
    endloop
  endfacet
  facet normal -0.609384 0.694773 -0.382023
    outer loop
      vertex 2.86582 2.13418 0.557711
      vertex 2.83042 2.16958 0.67856
      vertex 2.95402 2.21154 0.557711
    endloop
  endfacet
  facet normal -0.313115 0.634848 -0.706348
    outer loop
      vertex 3.17033 2.07101 0.248159
      vertex 3.12408 2.15111 0.340653
      vertex 3.24768 2.10916 0.248159
    endloop
  endfacet
  facet normal -0.313109 0.634856 -0.706343
    outer loop
      vertex 3.24768 2.10916 0.248159
      vertex 3.12408 2.15111 0.340653
      vertex 3.21228 2.19461 0.340653
    endloop
  endfacet
  facet normal -0.0566486 0.864648 -0.499175
    outer loop
      vertex 3.39147 2.32436 0.444429
      vertex 3.38293 2.3892 0.557711
      vertex 3.5 2.39687 0.557711
    endloop
  endfacet
  facet normal -0.051904 0.792284 -0.60794
    outer loop
      vertex 3.5 2.25184 0.340653
      vertex 3.39147 2.32436 0.444429
      vertex 3.5 2.33147 0.444429
    endloop
  endfacet
  facet normal -0.0604185 0.92219 -0.381988
    outer loop
      vertex 3.38293 2.3892 0.557711
      vertex 3.3764 2.43883 0.67856
      vertex 3.5 2.39687 0.557711
    endloop
  endfacet
  facet normal 0 0.866037 -0.499981
    outer loop
      vertex 8.5 2.33147 0.444429
      vertex 3.5 2.39687 0.557711
      vertex 8.5 2.39687 0.557711
    endloop
  endfacet
  facet normal 0 0.866037 -0.499981
    outer loop
      vertex 3.5 2.39687 0.557711
      vertex 8.5 2.33147 0.444429
      vertex 3.5 2.33147 0.444429
    endloop
  endfacet
  facet normal 0.383241 0.777118 -0.499213
    outer loop
      vertex 8.91573 2.22007 0.444429
      vertex 8.84322 2.3286 0.557711
      vertex 8.94844 2.27671 0.557711
    endloop
  endfacet
  facet normal 0.297037 0.875142 -0.381962
    outer loop
      vertex 8.86237 2.37485 0.67856
      vertex 8.73213 2.36631 0.557711
      vertex 8.74508 2.41466 0.67856
    endloop
  endfacet
  facet normal 0.169062 0.84985 -0.499172
    outer loop
      vertex 8.7152 2.30314 0.444429
      vertex 8.60853 2.32436 0.444429
      vertex 8.73213 2.36631 0.557711
    endloop
  endfacet
  facet normal 0.383299 0.777115 -0.499173
    outer loop
      vertex 8.91573 2.22007 0.444429
      vertex 8.81819 2.26818 0.444429
      vertex 8.84322 2.3286 0.557711
    endloop
  endfacet
  facet normal 0.180304 0.906404 -0.381998
    outer loop
      vertex 8.73213 2.36631 0.557711
      vertex 8.61706 2.3892 0.557711
      vertex 8.6236 2.43883 0.67856
    endloop
  endfacet
  facet normal 0.0566446 0.864646 -0.499178
    outer loop
      vertex 8.60853 2.32436 0.444429
      vertex 8.5 2.33147 0.444429
      vertex 8.5 2.39687 0.557711
    endloop
  endfacet
  facet normal 0.0519143 0.792279 -0.607947
    outer loop
      vertex 8.59813 2.24541 0.340653
      vertex 8.5 2.25184 0.340653
      vertex 8.60853 2.32436 0.444429
    endloop
  endfacet
  facet normal 0.154919 0.778714 -0.60795
    outer loop
      vertex 8.69459 2.22622 0.340653
      vertex 8.59813 2.24541 0.340653
      vertex 8.60853 2.32436 0.444429
    endloop
  endfacet
  facet normal 0.31055 0.914782 -0.258325
    outer loop
      vertex 8.86237 2.37485 0.67856
      vertex 8.75385 2.44737 0.804909
      vertex 8.87533 2.40613 0.804909
    endloop
  endfacet
  facet normal 0.427254 0.866441 -0.258328
    outer loop
      vertex 8.97346 2.32007 0.67856
      vertex 8.86237 2.37485 0.67856
      vertex 8.87533 2.40613 0.804909
    endloop
  endfacet
  facet normal 0.438508 0.889245 -0.130212
    outer loop
      vertex 8.99893 2.36417 0.934596
      vertex 8.87533 2.40613 0.804909
      vertex 8.88186 2.4219 0.934596
    endloop
  endfacet
  facet normal -0.180342 0.906409 -0.381967
    outer loop
      vertex 3.26787 2.36631 0.557711
      vertex 3.25492 2.41466 0.67856
      vertex 3.3764 2.43883 0.67856
    endloop
  endfacet
  facet normal -0.297014 0.87515 -0.381963
    outer loop
      vertex 3.26787 2.36631 0.557711
      vertex 3.13762 2.37485 0.67856
      vertex 3.25492 2.41466 0.67856
    endloop
  endfacet
  facet normal -0.00855858 0.130518 -0.991409
    outer loop
      vertex 3.5 1.5654 0.002141
      vertex 3.49146 1.56484 0.002141
      vertex 3.5 1.69509 0.0192146
    endloop
  endfacet
  facet normal -0.449137 -0.221538 -0.865562
    outer loop
      vertex 3.11697 -1.72114 0.103127
      vertex 2.98672 -1.71261 0.16853
      vertex 3.09138 -1.66926 0.103127
    endloop
  endfacet
  facet normal 0.0420488 0.123853 -0.991409
    outer loop
      vertex 8.52503 1.56042 0.002141
      vertex 8.51693 1.56317 0.002141
      vertex 8.57466 1.68024 0.0192146
    endloop
  endfacet
  facet normal -0.906409 0.180342 -0.381967
    outer loop
      vertex 2.63369 1.73213 0.557711
      vertex 2.56117 1.6236 0.67856
      vertex 2.58534 1.74508 0.67856
    endloop
  endfacet
  facet normal -0.866441 0.427254 -0.258328
    outer loop
      vertex 2.62515 1.86237 0.67856
      vertex 2.59387 1.87533 0.804909
      vertex 2.67993 1.97346 0.67856
    endloop
  endfacet
  facet normal -0.923872 0 -0.382701
    outer loop
      vertex 2.60313 -1.5 0.557711
      vertex 2.55307 1.5 0.67856
      vertex 2.60313 1.5 0.557711
    endloop
  endfacet
  facet normal -0.923872 -0 -0.382701
    outer loop
      vertex 2.55307 1.5 0.67856
      vertex 2.60313 -1.5 0.557711
      vertex 2.55307 -1.5 0.67856
    endloop
  endfacet
  facet normal -0.972441 -0.19336 -0.130272
    outer loop
      vertex 2.55263 -1.75385 0.804909
      vertex 2.51068 -1.63025 0.934596
      vertex 2.52761 -1.62802 0.804909
    endloop
  endfacet
  facet normal -0.989351 -0.064916 -0.130271
    outer loop
      vertex 2.52761 -1.62802 0.804909
      vertex 2.51068 -1.63025 0.934596
      vertex 2.51921 -1.5 0.804909
    endloop
  endfacet
  facet normal -0.051904 -0.792284 -0.60794
    outer loop
      vertex 3.5 -2.33147 0.444429
      vertex 3.39147 -2.32436 0.444429
      vertex 3.5 -2.25184 0.340653
    endloop
  endfacet
  facet normal -0.278525 -0.820519 -0.499172
    outer loop
      vertex 3.2848 -2.30314 0.444429
      vertex 3.15678 -2.3286 0.557711
      vertex 3.18181 -2.26818 0.444429
    endloop
  endfacet
  facet normal 0 -0.707122 -0.707091
    outer loop
      vertex 3.5 -2.15935 0.248159
      vertex 8.5 -2.25184 0.340653
      vertex 3.5 -2.25184 0.340653
    endloop
  endfacet
  facet normal 0 -0.707122 -0.707091
    outer loop
      vertex 8.5 -2.25184 0.340653
      vertex 3.5 -2.15935 0.248159
      vertex 8.5 -2.15935 0.248159
    endloop
  endfacet
  facet normal -0.0398404 -0.608258 -0.792739
    outer loop
      vertex 3.5 -2.15935 0.248159
      vertex 3.42748 -2.05082 0.16853
      vertex 3.5 -2.05557 0.16853
    endloop
  endfacet
  facet normal -0.0169671 -0.258773 -0.965789
    outer loop
      vertex 3.5 -1.69509 0.0192146
      vertex 3.45804 -1.81869 0.0530691
      vertex 3.47453 -1.69342 0.0192146
    endloop
  endfacet
  facet normal -0.0327217 -0.499742 -0.865556
    outer loop
      vertex 3.5 -1.94229 0.103127
      vertex 3.42748 -2.05082 0.16853
      vertex 3.44227 -1.93851 0.103127
    endloop
  endfacet
  facet normal 0 -0.608741 -0.793369
    outer loop
      vertex 3.5 -2.15935 0.248159
      vertex 8.5 -2.05557 0.16853
      vertex 8.5 -2.15935 0.248159
    endloop
  endfacet
  facet normal -0 -0.608741 -0.793369
    outer loop
      vertex 8.5 -2.05557 0.16853
      vertex 3.5 -2.15935 0.248159
      vertex 3.5 -2.05557 0.16853
    endloop
  endfacet
  facet normal -0.123874 -0.0420261 -0.991408
    outer loop
      vertex 3.31976 -1.57466 0.0192146
      vertex 3.31156 -1.55049 0.0192146
      vertex 3.43682 -1.51693 0.002141
    endloop
  endfacet
  facet normal 0.123243 0.363036 -0.923589
    outer loop
      vertex 8.62301 1.79697 0.0530691
      vertex 8.61447 1.92722 0.103127
      vertex 8.66926 1.90862 0.103127
    endloop
  endfacet
  facet normal 0 0.382685 -0.923879
    outer loop
      vertex 3.5 1.82144 0.0530691
      vertex 8.5 1.94229 0.103127
      vertex 8.5 1.82144 0.0530691
    endloop
  endfacet
  facet normal 0 0.382685 -0.923879
    outer loop
      vertex 8.5 1.94229 0.103127
      vertex 3.5 1.82144 0.0530691
      vertex 3.5 1.94229 0.103127
    endloop
  endfacet
  facet normal 0.351221 0.712079 -0.607937
    outer loop
      vertex 8.91573 2.22007 0.444429
      vertex 8.78772 2.19461 0.340653
      vertex 8.81819 2.26818 0.444429
    endloop
  endfacet
  facet normal 0.330165 0.376565 -0.865558
    outer loop
      vertex 8.81275 1.81275 0.103127
      vertex 8.76925 1.85089 0.103127
      vertex 8.83821 1.94076 0.16853
    endloop
  endfacet
  facet normal -0.449138 0.221502 -0.86557
    outer loop
      vertex 3.11697 1.72114 0.103127
      vertex 2.98672 1.71261 0.16853
      vertex 3.01886 1.77778 0.16853
    endloop
  endfacet
  facet normal -0.416386 0.278234 -0.865568
    outer loop
      vertex 3.11697 1.72114 0.103127
      vertex 3.01886 1.77778 0.16853
      vertex 3.05924 1.83821 0.16853
    endloop
  endfacet
  facet normal -0.0328055 0.499699 -0.865578
    outer loop
      vertex 3.44227 1.9385 0.103127
      vertex 3.42748 2.05082 0.16853
      vertex 3.5 1.94229 0.103127
    endloop
  endfacet
  facet normal 0.0983994 0.0861759 -0.991409
    outer loop
      vertex 8.55189 1.53981 0.002141
      vertex 8.54625 1.54625 0.002141
      vertex 8.65477 1.61876 0.0192146
    endloop
  endfacet
  facet normal -0.0398404 0.608258 -0.792739
    outer loop
      vertex 3.5 2.05557 0.16853
      vertex 3.42748 2.05082 0.16853
      vertex 3.5 2.15935 0.248159
    endloop
  endfacet
  facet normal -0.0327323 0.499736 -0.865559
    outer loop
      vertex 3.5 1.94229 0.103127
      vertex 3.42748 2.05082 0.16853
      vertex 3.5 2.05557 0.16853
    endloop
  endfacet
  facet normal -0.0976509 0.491198 -0.865557
    outer loop
      vertex 3.38553 1.92722 0.103127
      vertex 3.35621 2.03664 0.16853
      vertex 3.44227 1.9385 0.103127
    endloop
  endfacet
  facet normal -0.169597 0.343834 -0.923588
    outer loop
      vertex 3.37699 1.79697 0.0530691
      vertex 3.27886 1.88303 0.103127
      vertex 3.33074 1.90862 0.103127
    endloop
  endfacet
  facet normal 0 0.500004 -0.866023
    outer loop
      vertex 3.5 1.94229 0.103127
      vertex 8.5 2.05557 0.16853
      vertex 8.5 1.94229 0.103127
    endloop
  endfacet
  facet normal 0 0.500004 -0.866023
    outer loop
      vertex 8.5 2.05557 0.16853
      vertex 3.5 1.94229 0.103127
      vertex 3.5 2.05557 0.16853
    endloop
  endfacet
  facet normal 0.0506041 0.254341 -0.96579
    outer loop
      vertex 8.55049 1.68844 0.0192146
      vertex 8.52546 1.69342 0.0192146
      vertex 8.54196 1.81869 0.0530691
    endloop
  endfacet
  facet normal 0.123865 -0.042023 -0.991409
    outer loop
      vertex 8.68024 -1.57466 0.0192146
      vertex 8.56317 -1.51693 0.002141
      vertex 8.68844 -1.55049 0.0192146
    endloop
  endfacet
  facet normal 0.0862206 0.0983694 -0.991408
    outer loop
      vertex 8.63795 1.63795 0.0192146
      vertex 8.54625 1.54625 0.002141
      vertex 8.61876 1.65477 0.0192146
    endloop
  endfacet
  facet normal -0.144061 -0.215634 -0.965789
    outer loop
      vertex 3.40245 -1.66895 0.0192146
      vertex 3.30432 -1.75502 0.0530691
      vertex 3.38124 -1.65478 0.0192146
    endloop
  endfacet
  facet normal -0.0862479 -0.0983421 -0.991408
    outer loop
      vertex 3.38124 -1.65478 0.0192146
      vertex 3.36205 -1.63795 0.0192146
      vertex 3.45375 -1.54625 0.002141
    endloop
  endfacet
  facet normal 0.254341 0.0506041 -0.96579
    outer loop
      vertex 8.69342 1.52546 0.0192146
      vertex 8.68844 1.55049 0.0192146
      vertex 8.81869 1.54196 0.0530691
    endloop
  endfacet
  facet normal -0.117321 -0.0578191 -0.99141
    outer loop
      vertex 3.44336 -1.5327 0.002141
      vertex 3.31976 -1.57466 0.0192146
      vertex 3.43958 -1.52503 0.002141
    endloop
  endfacet
  facet normal 0.474232 -0.160972 -0.865559
    outer loop
      vertex 9.01328 -1.71261 0.16853
      vertex 8.92722 -1.61447 0.103127
      vertex 9.03664 -1.64379 0.16853
    endloop
  endfacet
  facet normal 0.128283 -0.0255342 -0.991409
    outer loop
      vertex 8.68844 -1.55049 0.0192146
      vertex 8.56317 -1.51693 0.002141
      vertex 8.56484 -1.50854 0.002141
    endloop
  endfacet
  facet normal -0.980789 0.19507 0
    outer loop
      vertex 2.51068 1.63025 0.934596
      vertex 2.53614 1.75826 2.5
      vertex 2.53614 1.75826 0.934596
    endloop
  endfacet
  facet normal -0.980789 0.19507 0
    outer loop
      vertex 2.53614 1.75826 2.5
      vertex 2.51068 1.63025 0.934596
      vertex 2.51068 1.63025 2.5
    endloop
  endfacet
  facet normal -0.964007 0.0631752 -0.258263
    outer loop
      vertex 2.55307 1.5 0.67856
      vertex 2.52761 1.62802 0.804909
      vertex 2.56117 1.6236 0.67856
    endloop
  endfacet
  facet normal -0.98936 0.0648686 -0.130224
    outer loop
      vertex 2.51921 1.5 0.804909
      vertex 2.50214 1.5 0.934596
      vertex 2.51068 1.63025 0.934596
    endloop
  endfacet
  facet normal -0.637004 -0.726311 -0.258261
    outer loop
      vertex 2.90294 -2.27811 0.804909
      vertex 2.83042 -2.16958 0.67856
      vertex 2.92354 -2.25125 0.67856
    endloop
  endfacet
  facet normal -0.636956 -0.726336 -0.25831
    outer loop
      vertex 2.90294 -2.27811 0.804909
      vertex 2.80648 -2.19352 0.804909
      vertex 2.83042 -2.16958 0.67856
    endloop
  endfacet
  facet normal -0.947524 -0.188405 -0.258266
    outer loop
      vertex 2.55263 -1.75385 0.804909
      vertex 2.52761 -1.62802 0.804909
      vertex 2.56117 -1.6236 0.67856
    endloop
  endfacet
  facet normal -0.792284 -0.051904 -0.60794
    outer loop
      vertex 2.67564 -1.60853 0.444429
      vertex 2.66853 -1.5 0.444429
      vertex 2.74816 -1.5 0.340653
    endloop
  endfacet
  facet normal -0.128283 -0.0255336 -0.991409
    outer loop
      vertex 3.31156 -1.55049 0.0192146
      vertex 3.30658 -1.52547 0.0192146
      vertex 3.43516 -1.50854 0.002141
    endloop
  endfacet
  facet normal -0.0726607 -0.10876 -0.991409
    outer loop
      vertex 3.40245 -1.66895 0.0192146
      vertex 3.38124 -1.65478 0.0192146
      vertex 3.4673 -1.55664 0.002141
    endloop
  endfacet
  facet normal -0.232597 -0.114664 -0.96579
    outer loop
      vertex 3.22162 -1.66072 0.0530691
      vertex 3.20303 -1.62301 0.0530691
      vertex 3.33105 -1.59755 0.0192146
    endloop
  endfacet
  facet normal -0.0983938 -0.086171 -0.99141
    outer loop
      vertex 3.45375 -1.54625 0.002141
      vertex 3.34522 -1.61876 0.0192146
      vertex 3.44811 -1.53981 0.002141
    endloop
  endfacet
  facet normal -0.523476 -0.596944 -0.607973
    outer loop
      vertex 2.99383 -2.15965 0.444429
      vertex 2.96837 -2.03163 0.340653
      vertex 3.04231 -2.09647 0.340653
    endloop
  endfacet
  facet normal -0.768401 -0.513461 -0.381993
    outer loop
      vertex 2.74875 -2.07646 0.67856
      vertex 2.67993 -1.97347 0.67856
      vertex 2.78846 -2.04598 0.557711
    endloop
  endfacet
  facet normal -0.351198 -0.712084 -0.607944
    outer loop
      vertex 3.21228 -2.19461 0.340653
      vertex 3.08426 -2.22007 0.444429
      vertex 3.12408 -2.15111 0.340653
    endloop
  endfacet
  facet normal -0.310469 -0.914795 -0.258378
    outer loop
      vertex 3.24615 -2.44737 0.804909
      vertex 3.13762 -2.37485 0.67856
      vertex 3.25492 -2.41466 0.67856
    endloop
  endfacet
  facet normal -0.297061 -0.875113 -0.382011
    outer loop
      vertex 3.26787 -2.36631 0.557711
      vertex 3.13762 -2.37485 0.67856
      vertex 3.15678 -2.3286 0.557711
    endloop
  endfacet
  facet normal -0.427274 -0.866445 -0.258282
    outer loop
      vertex 3.12467 -2.40613 0.804909
      vertex 3.00961 -2.34939 0.804909
      vertex 3.02653 -2.32007 0.67856
    endloop
  endfacet
  facet normal -0.438514 -0.88924 -0.13022
    outer loop
      vertex 3.12467 -2.40613 0.804909
      vertex 3.00107 -2.36417 0.934596
      vertex 3.00961 -2.34939 0.804909
    endloop
  endfacet
  facet normal -0.0632515 -0.963982 -0.258336
    outer loop
      vertex 3.5 -2.48079 0.804909
      vertex 3.37198 -2.47239 0.804909
      vertex 3.5 -2.44693 0.67856
    endloop
  endfacet
  facet normal -0.064916 -0.989351 -0.130271
    outer loop
      vertex 3.5 -2.48079 0.804909
      vertex 3.36975 -2.48932 0.934596
      vertex 3.37198 -2.47239 0.804909
    endloop
  endfacet
  facet normal 0.458355 -0.401882 -0.792717
    outer loop
      vertex 8.96623 -1.96623 0.248159
      vertex 8.94076 -1.83821 0.16853
      vertex 9.02309 -1.90138 0.248159
    endloop
  endfacet
  facet normal 0.506834 -0.338728 -0.792706
    outer loop
      vertex 9.07101 -1.82967 0.248159
      vertex 8.94076 -1.83821 0.16853
      vertex 8.98114 -1.77779 0.16853
    endloop
  endfacet
  facet normal 0.227514 -0.670312 -0.706342
    outer loop
      vertex 8.69459 -2.22622 0.340653
      vertex 8.67065 -2.13688 0.248159
      vertex 8.75232 -2.10916 0.248159
    endloop
  endfacet
  facet normal 0.523476 -0.596944 -0.607973
    outer loop
      vertex 9.00617 -2.15965 0.444429
      vertex 8.95769 -2.09647 0.340653
      vertex 9.03163 -2.03163 0.340653
    endloop
  endfacet
  facet normal 0.401888 -0.458342 -0.792722
    outer loop
      vertex 8.96623 -1.96623 0.248159
      vertex 8.83821 -1.94076 0.16853
      vertex 8.89285 -1.89285 0.16853
    endloop
  endfacet
  facet normal 0.221538 -0.449137 -0.865562
    outer loop
      vertex 8.71261 -2.01328 0.16853
      vertex 8.66926 -1.90862 0.103127
      vertex 8.72114 -1.88303 0.103127
    endloop
  endfacet
  facet normal 0.0977334 -0.491177 -0.865559
    outer loop
      vertex 8.64379 -2.03664 0.16853
      vertex 8.55773 -1.93851 0.103127
      vertex 8.61447 -1.92722 0.103127
    endloop
  endfacet
  facet normal 0.212984 -0.318814 -0.923578
    outer loop
      vertex 8.72114 -1.88303 0.103127
      vertex 8.66072 -1.77838 0.0530691
      vertex 8.76925 -1.85089 0.103127
    endloop
  endfacet
  facet normal 0.393239 -0.588586 -0.706349
    outer loop
      vertex 8.87592 -2.15111 0.340653
      vertex 8.82967 -2.07101 0.248159
      vertex 8.90138 -2.0231 0.248159
    endloop
  endfacet
  facet normal 0.458342 -0.401888 -0.792722
    outer loop
      vertex 8.96623 -1.96623 0.248159
      vertex 8.89285 -1.89285 0.16853
      vertex 8.94076 -1.83821 0.16853
    endloop
  endfacet
  facet normal 0.330165 -0.376565 -0.865558
    outer loop
      vertex 8.83821 -1.94076 0.16853
      vertex 8.76925 -1.85089 0.103127
      vertex 8.81275 -1.81275 0.103127
    endloop
  endfacet
  facet normal 0.634856 -0.313109 -0.706343
    outer loop
      vertex 9.15111 -1.87592 0.340653
      vertex 9.10916 -1.75232 0.248159
      vertex 9.19461 -1.78772 0.340653
    endloop
  endfacet
  facet normal 0.546744 -0.269597 -0.792709
    outer loop
      vertex 9.07101 -1.82967 0.248159
      vertex 8.98114 -1.77779 0.16853
      vertex 9.01328 -1.71261 0.16853
    endloop
  endfacet
  facet normal 0.128286 0.025524 -0.991409
    outer loop
      vertex 8.69342 1.52546 0.0192146
      vertex 8.56484 1.50854 0.002141
      vertex 8.68844 1.55049 0.0192146
    endloop
  endfacet
  facet normal 0.343837 -0.169594 -0.923588
    outer loop
      vertex 8.88303 -1.72114 0.103127
      vertex 8.77837 -1.66072 0.0530691
      vertex 8.79697 -1.62301 0.0530691
    endloop
  endfacet
  facet normal 0.318795 -0.212972 -0.923587
    outer loop
      vertex 8.85089 -1.76925 0.103127
      vertex 8.77837 -1.66072 0.0530691
      vertex 8.88303 -1.72114 0.103127
    endloop
  endfacet
  facet normal 0.278201 -0.416436 -0.865555
    outer loop
      vertex 8.83821 -1.94076 0.16853
      vertex 8.72114 -1.88303 0.103127
      vertex 8.76925 -1.85089 0.103127
    endloop
  endfacet
  facet normal 0.144069 -0.21561 -0.965793
    outer loop
      vertex 8.66072 -1.77838 0.0530691
      vertex 8.59754 -1.66895 0.0192146
      vertex 8.69568 -1.75502 0.0530691
    endloop
  endfacet
  facet normal 0.98935 -0.064868 -0.130299
    outer loop
      vertex 9.48932 -1.63025 0.934596
      vertex 9.48078 -1.5 0.804909
      vertex 9.49786 -1.5 0.934596
    endloop
  endfacet
  facet normal 0.989356 -0.0648391 -0.13027
    outer loop
      vertex 9.48932 -1.63025 0.934596
      vertex 9.47239 -1.62802 0.804909
      vertex 9.48078 -1.5 0.804909
    endloop
  endfacet
  facet normal 0.92219 -0.0604185 -0.381988
    outer loop
      vertex 9.43883 -1.6236 0.67856
      vertex 9.3892 -1.61707 0.557711
      vertex 9.39687 -1.5 0.557711
    endloop
  endfacet
  facet normal 0.964007 -0.0631752 -0.258263
    outer loop
      vertex 9.47239 -1.62802 0.804909
      vertex 9.43883 -1.6236 0.67856
      vertex 9.44693 -1.5 0.67856
    endloop
  endfacet
  facet normal 0.922184 -0.0604344 -0.382002
    outer loop
      vertex 9.43883 -1.6236 0.67856
      vertex 9.39687 -1.5 0.557711
      vertex 9.44693 -1.5 0.67856
    endloop
  endfacet
  facet normal 0.849846 -0.169068 -0.499178
    outer loop
      vertex 9.36631 -1.73213 0.557711
      vertex 9.32436 -1.60853 0.444429
      vertex 9.3892 -1.61707 0.557711
    endloop
  endfacet
  facet normal 0.500004 0 -0.866023
    outer loop
      vertex 8.94229 -1.5 0.103127
      vertex 9.05557 1.5 0.16853
      vertex 9.05557 -1.5 0.16853
    endloop
  endfacet
  facet normal 0.500004 0 -0.866023
    outer loop
      vertex 9.05557 1.5 0.16853
      vertex 8.94229 -1.5 0.103127
      vertex 8.94229 1.5 0.103127
    endloop
  endfacet
  facet normal 0.720485 0.481332 -0.49922
    outer loop
      vertex 9.22007 1.91573 0.444429
      vertex 9.15965 2.00617 0.444429
      vertex 9.27671 1.94844 0.557711
    endloop
  endfacet
  facet normal 0.49115 -0.0977201 -0.865576
    outer loop
      vertex 9.03664 -1.64379 0.16853
      vertex 8.9385 -1.55773 0.103127
      vertex 9.05082 -1.57252 0.16853
    endloop
  endfacet
  facet normal 0.706361 0.0463739 -0.706331
    outer loop
      vertex 9.15935 1.5 0.248159
      vertex 9.1537 1.58606 0.248159
      vertex 9.25184 1.5 0.340653
    endloop
  endfacet
  facet normal 0.130518 0.0085611 -0.991409
    outer loop
      vertex 8.69509 1.5 0.0192146
      vertex 8.5654 1.5 0.002141
      vertex 8.69342 1.52546 0.0192146
    endloop
  endfacet
  facet normal 0.376026 0.0747856 -0.923586
    outer loop
      vertex 8.81869 1.54196 0.0530691
      vertex 8.81049 1.58319 0.0530691
      vertex 8.92722 1.61447 0.103127
    endloop
  endfacet
  facet normal 0.66014 0.441116 -0.607973
    outer loop
      vertex 9.15111 1.87592 0.340653
      vertex 9.09647 1.95769 0.340653
      vertex 9.15965 2.00617 0.444429
    endloop
  endfacet
  facet normal 0.577227 0.195919 -0.792732
    outer loop
      vertex 9.13688 1.67065 0.248159
      vertex 9.01328 1.71261 0.16853
      vertex 9.10916 1.75232 0.248159
    endloop
  endfacet
  facet normal 0.221538 0.449137 -0.865562
    outer loop
      vertex 8.72114 1.88303 0.103127
      vertex 8.66926 1.90862 0.103127
      vertex 8.71261 2.01328 0.16853
    endloop
  endfacet
  facet normal 0.44107 0.660218 -0.607922
    outer loop
      vertex 9.00617 2.15965 0.444429
      vertex 8.87592 2.15111 0.340653
      vertex 8.91573 2.22007 0.444429
    endloop
  endfacet
  facet normal 0.195932 0.577229 -0.792728
    outer loop
      vertex 8.71261 2.01328 0.16853
      vertex 8.64379 2.03664 0.16853
      vertex 8.67065 2.13688 0.248159
    endloop
  endfacet
  facet normal 0.160987 0.474218 -0.865564
    outer loop
      vertex 8.66926 1.90862 0.103127
      vertex 8.61447 1.92722 0.103127
      vertex 8.71261 2.01328 0.16853
    endloop
  endfacet
  facet normal 0.288264 0.252744 -0.923593
    outer loop
      vertex 8.85089 1.76925 0.103127
      vertex 8.75501 1.69568 0.0530691
      vertex 8.81275 1.81275 0.103127
    endloop
  endfacet
  facet normal 0.194985 0.17099 -0.965786
    outer loop
      vertex 8.75501 1.69568 0.0530691
      vertex 8.63795 1.63795 0.0192146
      vertex 8.72729 1.72729 0.0530691
    endloop
  endfacet
  facet normal 0.694773 0.609384 -0.382023
    outer loop
      vertex 9.21154 2.04598 0.557711
      vertex 9.13418 2.13418 0.557711
      vertex 9.16958 2.16958 0.67856
    endloop
  endfacet
  facet normal 0.694846 0.609343 -0.381956
    outer loop
      vertex 9.21154 2.04598 0.557711
      vertex 9.16958 2.16958 0.67856
      vertex 9.25125 2.07645 0.67856
    endloop
  endfacet
  facet normal 0.93886 0.318724 -0.130216
    outer loop
      vertex 9.44737 1.75385 0.804909
      vertex 9.40613 1.87533 0.804909
      vertex 9.46386 1.75826 0.934596
    endloop
  endfacet
  facet normal 0.972437 0.193409 -0.130225
    outer loop
      vertex 9.48932 1.63025 0.934596
      vertex 9.44737 1.75385 0.804909
      vertex 9.46386 1.75826 0.934596
    endloop
  endfacet
  facet normal 0.828862 0.408723 -0.382012
    outer loop
      vertex 9.37485 1.86237 0.67856
      vertex 9.27671 1.94844 0.557711
      vertex 9.32007 1.97346 0.67856
    endloop
  endfacet
  facet normal 0.866441 0.427254 -0.258328
    outer loop
      vertex 9.37485 1.86237 0.67856
      vertex 9.32007 1.97346 0.67856
      vertex 9.40613 1.87533 0.804909
    endloop
  endfacet
  facet normal 0.726335 0.636957 -0.258309
    outer loop
      vertex 9.25125 2.07645 0.67856
      vertex 9.16958 2.16958 0.67856
      vertex 9.27811 2.09706 0.804909
    endloop
  endfacet
  facet normal 0.889201 0.438573 -0.130288
    outer loop
      vertex 9.40613 1.87533 0.804909
      vertex 9.34938 1.99039 0.804909
      vertex 9.36417 1.99893 0.934596
    endloop
  endfacet
  facet normal 0.55081 0.824399 -0.130289
    outer loop
      vertex 9.09706 2.27811 0.804909
      vertex 8.99039 2.34938 0.804909
      vertex 8.99893 2.36417 0.934596
    endloop
  endfacet
  facet normal 0.536699 0.803279 -0.258256
    outer loop
      vertex 9.09706 2.27811 0.804909
      vertex 8.97346 2.32007 0.67856
      vertex 8.99039 2.34938 0.804909
    endloop
  endfacet
  facet normal 0.608296 -0.0399358 -0.792705
    outer loop
      vertex 9.1537 -1.58606 0.248159
      vertex 9.05082 -1.57252 0.16853
      vertex 9.15935 -1.5 0.248159
    endloop
  endfacet
  facet normal 0.608258 -0.0398404 -0.792739
    outer loop
      vertex 9.15935 -1.5 0.248159
      vertex 9.05082 -1.57252 0.16853
      vertex 9.05557 -1.5 0.16853
    endloop
  endfacet
  facet normal 0.546694 -0.269637 -0.79273
    outer loop
      vertex 9.07101 -1.82967 0.248159
      vertex 9.01328 -1.71261 0.16853
      vertex 9.10916 -1.75232 0.248159
    endloop
  endfacet
  facet normal 0.577227 -0.195919 -0.792732
    outer loop
      vertex 9.10916 -1.75232 0.248159
      vertex 9.01328 -1.71261 0.16853
      vertex 9.13688 -1.67065 0.248159
    endloop
  endfacet
  facet normal 0.532208 -0.466707 -0.706356
    outer loop
      vertex 9.03163 -2.03163 0.340653
      vertex 9.02309 -1.90138 0.248159
      vertex 9.09647 -1.95769 0.340653
    endloop
  endfacet
  facet normal 0.588552 -0.39328 -0.706355
    outer loop
      vertex 9.09647 -1.95769 0.340653
      vertex 9.02309 -1.90138 0.248159
      vertex 9.15111 -1.87592 0.340653
    endloop
  endfacet
  facet normal 0.751831 -0.659356 0
    outer loop
      vertex 9.20559 -2.20559 2.5
      vertex 9.29165 -2.10746 0.934596
      vertex 9.29165 -2.10746 2.5
    endloop
  endfacet
  facet normal 0.751831 -0.659356 0
    outer loop
      vertex 9.29165 -2.10746 0.934596
      vertex 9.20559 -2.20559 2.5
      vertex 9.20559 -2.20559 0.934596
    endloop
  endfacet
  facet normal 0.154919 -0.778714 -0.60795
    outer loop
      vertex 8.60853 -2.32436 0.444429
      vertex 8.59813 -2.24541 0.340653
      vertex 8.69459 -2.22622 0.340653
    endloop
  endfacet
  facet normal 0.15491 -0.778712 -0.607956
    outer loop
      vertex 8.7152 -2.30314 0.444429
      vertex 8.60853 -2.32436 0.444429
      vertex 8.69459 -2.22622 0.340653
    endloop
  endfacet
  facet normal 0.0566446 -0.864646 -0.499178
    outer loop
      vertex 8.60853 -2.32436 0.444429
      vertex 8.5 -2.39687 0.557711
      vertex 8.5 -2.33147 0.444429
    endloop
  endfacet
  facet normal 0.0566535 -0.864649 -0.499171
    outer loop
      vertex 8.61706 -2.3892 0.557711
      vertex 8.5 -2.39687 0.557711
      vertex 8.60853 -2.32436 0.444429
    endloop
  endfacet
  facet normal 0.609343 -0.694846 -0.381956
    outer loop
      vertex 9.07645 -2.25125 0.67856
      vertex 9.04598 -2.21154 0.557711
      vertex 9.16958 -2.16958 0.67856
    endloop
  endfacet
  facet normal 0.636957 -0.726335 -0.258309
    outer loop
      vertex 9.09706 -2.27811 0.804909
      vertex 9.07645 -2.25125 0.67856
      vertex 9.16958 -2.16958 0.67856
    endloop
  endfacet
  facet normal 0.0654257 -0.997857 0
    outer loop
      vertex 8.5 -2.49786 0.934596
      vertex 8.63025 -2.48932 2.5
      vertex 8.5 -2.49786 2.5
    endloop
  endfacet
  facet normal 0.0654257 -0.997857 0
    outer loop
      vertex 8.63025 -2.48932 2.5
      vertex 8.5 -2.49786 0.934596
      vertex 8.63025 -2.48932 0.934596
    endloop
  endfacet
  facet normal 0.064916 -0.989351 -0.130271
    outer loop
      vertex 8.63025 -2.48932 0.934596
      vertex 8.5 -2.48079 0.804909
      vertex 8.62802 -2.47239 0.804909
    endloop
  endfacet
  facet normal -0.321487 0.946914 0
    outer loop
      vertex 3.24173 2.46386 0.934596
      vertex 3.11814 2.4219 2.5
      vertex 3.24173 2.46386 2.5
    endloop
  endfacet
  facet normal -0.321487 0.946914 0
    outer loop
      vertex 3.11814 2.4219 2.5
      vertex 3.24173 2.46386 0.934596
      vertex 3.11814 2.4219 0.934596
    endloop
  endfacet
  facet normal -0.318723 0.938857 -0.130241
    outer loop
      vertex 3.24615 2.44737 0.804909
      vertex 3.12467 2.40613 0.804909
      vertex 3.24173 2.46386 0.934596
    endloop
  endfacet
  facet normal -0.726336 0.636956 -0.25831
    outer loop
      vertex 2.83042 2.16958 0.67856
      vertex 2.72189 2.09706 0.804909
      vertex 2.80648 2.19352 0.804909
    endloop
  endfacet
  facet normal -0.824406 0.550794 -0.130306
    outer loop
      vertex 2.72189 2.09706 0.804909
      vertex 2.63583 1.99893 0.934596
      vertex 2.70834 2.10746 0.934596
    endloop
  endfacet
  facet normal 0.726336 0.636956 -0.25831
    outer loop
      vertex 9.27811 2.09706 0.804909
      vertex 9.16958 2.16958 0.67856
      vertex 9.19352 2.19352 0.804909
    endloop
  endfacet
  facet normal 0.745447 0.653715 -0.130252
    outer loop
      vertex 9.27811 2.09706 0.804909
      vertex 9.19352 2.19352 0.804909
      vertex 9.29165 2.10746 0.934596
    endloop
  endfacet
  facet normal 0.864646 -0.0566446 -0.499178
    outer loop
      vertex 9.39687 -1.5 0.557711
      vertex 9.32436 -1.60853 0.444429
      vertex 9.33147 -1.5 0.444429
    endloop
  endfacet
  facet normal 0.793354 0 -0.608761
    outer loop
      vertex 9.33147 -1.5 0.444429
      vertex 9.25184 1.5 0.340653
      vertex 9.33147 1.5 0.444429
    endloop
  endfacet
  facet normal 0.793354 0 -0.608761
    outer loop
      vertex 9.25184 1.5 0.340653
      vertex 9.33147 -1.5 0.444429
      vertex 9.25184 -1.5 0.340653
    endloop
  endfacet
  facet normal 0.923872 0 -0.382701
    outer loop
      vertex 9.44693 -1.5 0.67856
      vertex 9.39687 1.5 0.557711
      vertex 9.44693 1.5 0.67856
    endloop
  endfacet
  facet normal 0.923872 0 -0.382701
    outer loop
      vertex 9.39687 1.5 0.557711
      vertex 9.44693 -1.5 0.67856
      vertex 9.39687 -1.5 0.557711
    endloop
  endfacet
  facet normal 0.906404 0.180304 -0.381998
    outer loop
      vertex 9.3892 1.61706 0.557711
      vertex 9.36631 1.73213 0.557711
      vertex 9.43883 1.6236 0.67856
    endloop
  endfacet
  facet normal 0.906409 0.180342 -0.381967
    outer loop
      vertex 9.43883 1.6236 0.67856
      vertex 9.36631 1.73213 0.557711
      vertex 9.41466 1.74508 0.67856
    endloop
  endfacet
  facet normal 0.491198 0.0976509 -0.865557
    outer loop
      vertex 8.9385 1.55773 0.103127
      vertex 8.92722 1.61447 0.103127
      vertex 9.03664 1.64379 0.16853
    endloop
  endfacet
  facet normal 0.670312 0.227514 -0.706342
    outer loop
      vertex 9.13688 1.67065 0.248159
      vertex 9.10916 1.75232 0.248159
      vertex 9.22622 1.69459 0.340653
    endloop
  endfacet
  facet normal -0.532221 0.46673 -0.706331
    outer loop
      vertex 2.9769 1.90138 0.248159
      vertex 2.96837 2.03163 0.340653
      vertex 3.03377 1.96623 0.248159
    endloop
  endfacet
  facet normal -0.546712 0.269623 -0.792723
    outer loop
      vertex 2.98672 1.71261 0.16853
      vertex 2.92899 1.82967 0.248159
      vertex 3.01886 1.77778 0.16853
    endloop
  endfacet
  facet normal -0.546694 0.269637 -0.79273
    outer loop
      vertex 2.98672 1.71261 0.16853
      vertex 2.89084 1.75232 0.248159
      vertex 2.92899 1.82967 0.248159
    endloop
  endfacet
  facet normal -0.608258 0.0398404 -0.792739
    outer loop
      vertex 2.94443 1.5 0.16853
      vertex 2.84065 1.5 0.248159
      vertex 2.94918 1.57252 0.16853
    endloop
  endfacet
  facet normal -0.706364 0.046292 -0.706333
    outer loop
      vertex 2.84065 1.5 0.248159
      vertex 2.74816 1.5 0.340653
      vertex 2.84629 1.58606 0.248159
    endloop
  endfacet
  facet normal -0.577229 0.195932 -0.792728
    outer loop
      vertex 2.96336 1.64379 0.16853
      vertex 2.86312 1.67065 0.248159
      vertex 2.98672 1.71261 0.16853
    endloop
  endfacet
  facet normal -0.828889 0.408694 -0.381986
    outer loop
      vertex 2.6714 1.84322 0.557711
      vertex 2.62515 1.86237 0.67856
      vertex 2.72328 1.94844 0.557711
    endloop
  endfacet
  facet normal -0.828884 0.408734 -0.381953
    outer loop
      vertex 2.72328 1.94844 0.557711
      vertex 2.62515 1.86237 0.67856
      vertex 2.67993 1.97346 0.67856
    endloop
  endfacet
  facet normal -0.778712 0.15491 -0.607956
    outer loop
      vertex 2.77378 1.69459 0.340653
      vertex 2.67564 1.60853 0.444429
      vertex 2.69686 1.7152 0.444429
    endloop
  endfacet
  facet normal -0.778714 0.154919 -0.60795
    outer loop
      vertex 2.75459 1.59813 0.340653
      vertex 2.67564 1.60853 0.444429
      vertex 2.77378 1.69459 0.340653
    endloop
  endfacet
  facet normal -0.820516 0.278528 -0.499175
    outer loop
      vertex 2.69686 1.7152 0.444429
      vertex 2.63369 1.73213 0.557711
      vertex 2.6714 1.84322 0.557711
    endloop
  endfacet
  facet normal -0.875121 0.297064 -0.38199
    outer loop
      vertex 2.63369 1.73213 0.557711
      vertex 2.62515 1.86237 0.67856
      vertex 2.6714 1.84322 0.557711
    endloop
  endfacet
  facet normal -0.130519 0.00855861 -0.991409
    outer loop
      vertex 3.4346 1.5 0.002141
      vertex 3.30658 1.52546 0.0192146
      vertex 3.43516 1.50854 0.002141
    endloop
  endfacet
  facet normal -0.597857 0.118951 -0.792728
    outer loop
      vertex 2.94918 1.57252 0.16853
      vertex 2.84629 1.58606 0.248159
      vertex 2.96336 1.64379 0.16853
    endloop
  endfacet
  facet normal -0.745392 0.653784 -0.130222
    outer loop
      vertex 2.80648 2.19352 0.804909
      vertex 2.70834 2.10746 0.934596
      vertex 2.79441 2.20559 0.934596
    endloop
  endfacet
  facet normal -0.659356 0.751831 0
    outer loop
      vertex 2.89254 2.29165 0.934596
      vertex 2.79441 2.20559 2.5
      vertex 2.89254 2.29165 2.5
    endloop
  endfacet
  facet normal -0.659356 0.751831 0
    outer loop
      vertex 2.79441 2.20559 2.5
      vertex 2.89254 2.29165 0.934596
      vertex 2.79441 2.20559 0.934596
    endloop
  endfacet
  facet normal -0.571382 0.651446 -0.49914
    outer loop
      vertex 2.91206 2.08794 0.444429
      vertex 2.86582 2.13418 0.557711
      vertex 2.95402 2.21154 0.557711
    endloop
  endfacet
  facet normal -0.653715 0.745447 -0.130252
    outer loop
      vertex 2.90294 2.27811 0.804909
      vertex 2.80648 2.19352 0.804909
      vertex 2.89254 2.29165 0.934596
    endloop
  endfacet
  facet normal -0.351192 0.712092 -0.607939
    outer loop
      vertex 3.21228 2.19461 0.340653
      vertex 3.08426 2.22007 0.444429
      vertex 3.18181 2.26818 0.444429
    endloop
  endfacet
  facet normal -0.651446 0.571382 -0.49914
    outer loop
      vertex 2.91206 2.08794 0.444429
      vertex 2.78846 2.04598 0.557711
      vertex 2.86582 2.13418 0.557711
    endloop
  endfacet
  facet normal -0.383248 0.777131 -0.499187
    outer loop
      vertex 3.08426 2.22007 0.444429
      vertex 3.05156 2.27671 0.557711
      vertex 3.15678 2.3286 0.557711
    endloop
  endfacet
  facet normal -0.278525 0.820519 -0.499172
    outer loop
      vertex 3.18181 2.26818 0.444429
      vertex 3.15678 2.3286 0.557711
      vertex 3.2848 2.30314 0.444429
    endloop
  endfacet
  facet normal -0.466707 0.532208 -0.706356
    outer loop
      vertex 3.09862 2.02309 0.248159
      vertex 2.96837 2.03163 0.340653
      vertex 3.04231 2.09647 0.340653
    endloop
  endfacet
  facet normal -0.609368 0.694801 -0.381998
    outer loop
      vertex 2.95402 2.21154 0.557711
      vertex 2.83042 2.16958 0.67856
      vertex 2.92354 2.25125 0.67856
    endloop
  endfacet
  facet normal -0.0977201 0.49115 -0.865576
    outer loop
      vertex 3.44227 1.9385 0.103127
      vertex 3.35621 2.03664 0.16853
      vertex 3.42748 2.05082 0.16853
    endloop
  endfacet
  facet normal -0.195932 0.577229 -0.792728
    outer loop
      vertex 3.35621 2.03664 0.16853
      vertex 3.28739 2.01328 0.16853
      vertex 3.32935 2.13688 0.248159
    endloop
  endfacet
  facet normal -0.269597 0.546744 -0.792709
    outer loop
      vertex 3.22221 1.98114 0.16853
      vertex 3.17033 2.07101 0.248159
      vertex 3.28739 2.01328 0.16853
    endloop
  endfacet
  facet normal -0.221469 0.44914 -0.865578
    outer loop
      vertex 3.27886 1.88303 0.103127
      vertex 3.22221 1.98114 0.16853
      vertex 3.28739 2.01328 0.16853
    endloop
  endfacet
  facet normal 0 0.707122 -0.707091
    outer loop
      vertex 8.5 2.15935 0.248159
      vertex 3.5 2.25184 0.340653
      vertex 8.5 2.25184 0.340653
    endloop
  endfacet
  facet normal 0 0.707122 -0.707091
    outer loop
      vertex 3.5 2.25184 0.340653
      vertex 8.5 2.15935 0.248159
      vertex 3.5 2.15935 0.248159
    endloop
  endfacet
  facet normal -0.118958 0.597893 -0.7927
    outer loop
      vertex 3.42748 2.05082 0.16853
      vertex 3.35621 2.03664 0.16853
      vertex 3.41394 2.1537 0.248159
    endloop
  endfacet
  facet normal -0.0519143 0.792279 -0.607947
    outer loop
      vertex 3.40187 2.24541 0.340653
      vertex 3.39147 2.32436 0.444429
      vertex 3.5 2.25184 0.340653
    endloop
  endfacet
  facet normal 0.278528 0.820516 -0.499175
    outer loop
      vertex 8.84322 2.3286 0.557711
      vertex 8.7152 2.30314 0.444429
      vertex 8.73213 2.36631 0.557711
    endloop
  endfacet
  facet normal 0.278525 0.820519 -0.499172
    outer loop
      vertex 8.81819 2.26818 0.444429
      vertex 8.7152 2.30314 0.444429
      vertex 8.84322 2.3286 0.557711
    endloop
  endfacet
  facet normal 0.180342 0.906409 -0.381967
    outer loop
      vertex 8.73213 2.36631 0.557711
      vertex 8.6236 2.43883 0.67856
      vertex 8.74508 2.41466 0.67856
    endloop
  endfacet
  facet normal 0.0604236 0.922188 -0.381992
    outer loop
      vertex 8.61706 2.3892 0.557711
      vertex 8.5 2.39687 0.557711
      vertex 8.6236 2.43883 0.67856
    endloop
  endfacet
  facet normal 0.318726 0.93886 -0.130214
    outer loop
      vertex 8.87533 2.40613 0.804909
      vertex 8.75826 2.46386 0.934596
      vertex 8.88186 2.4219 0.934596
    endloop
  endfacet
  facet normal -0.310469 0.914795 -0.258378
    outer loop
      vertex 3.25492 2.41466 0.67856
      vertex 3.13762 2.37485 0.67856
      vertex 3.24615 2.44737 0.804909
    endloop
  endfacet
  facet normal -0.318749 0.938852 -0.130215
    outer loop
      vertex 3.12467 2.40613 0.804909
      vertex 3.11814 2.4219 0.934596
      vertex 3.24173 2.46386 0.934596
    endloop
  endfacet
  facet normal 0.108739 -0.0726977 -0.991409
    outer loop
      vertex 8.65477 -1.61876 0.0192146
      vertex 8.55664 -1.5327 0.002141
      vertex 8.66895 -1.59755 0.0192146
    endloop
  endfacet
  facet normal -0.108761 0.0726602 -0.991409
    outer loop
      vertex 3.44336 1.5327 0.002141
      vertex 3.34522 1.61876 0.0192146
      vertex 3.44811 1.53981 0.002141
    endloop
  endfacet
  facet normal 0.00855861 0.130519 -0.991409
    outer loop
      vertex 8.50854 1.56484 0.002141
      vertex 8.5 1.5654 0.002141
      vertex 8.52546 1.69342 0.0192146
    endloop
  endfacet
  facet normal -0.889245 0.438508 -0.130212
    outer loop
      vertex 2.59387 1.87533 0.804909
      vertex 2.5781 1.88186 0.934596
      vertex 2.63583 1.99893 0.934596
    endloop
  endfacet
  facet normal -0.88924 0.438514 -0.13022
    outer loop
      vertex 2.65061 1.99039 0.804909
      vertex 2.59387 1.87533 0.804909
      vertex 2.63583 1.99893 0.934596
    endloop
  endfacet
  facet normal -0.76841 0.513481 -0.381947
    outer loop
      vertex 2.72328 1.94844 0.557711
      vertex 2.67993 1.97346 0.67856
      vertex 2.78846 2.04598 0.557711
    endloop
  endfacet
  facet normal -0.66014 0.441116 -0.607973
    outer loop
      vertex 2.84889 1.87592 0.340653
      vertex 2.84035 2.00617 0.444429
      vertex 2.90353 1.95769 0.340653
    endloop
  endfacet
  facet normal -0.964007 -0.0631752 -0.258263
    outer loop
      vertex 2.56117 -1.6236 0.67856
      vertex 2.52761 -1.62802 0.804909
      vertex 2.55307 -1.5 0.67856
    endloop
  endfacet
  facet normal -0.849846 -0.169068 -0.499178
    outer loop
      vertex 2.63369 -1.73213 0.557711
      vertex 2.6108 -1.61707 0.557711
      vertex 2.67564 -1.60853 0.444429
    endloop
  endfacet
  facet normal -0.0566486 -0.864648 -0.499175
    outer loop
      vertex 3.5 -2.39687 0.557711
      vertex 3.38293 -2.3892 0.557711
      vertex 3.39147 -2.32436 0.444429
    endloop
  endfacet
  facet normal -0.351192 -0.712092 -0.607939
    outer loop
      vertex 3.18181 -2.26818 0.444429
      vertex 3.08426 -2.22007 0.444429
      vertex 3.21228 -2.19461 0.340653
    endloop
  endfacet
  facet normal -0.13812 -0.694271 -0.706336
    outer loop
      vertex 3.40187 -2.24541 0.340653
      vertex 3.30541 -2.22622 0.340653
      vertex 3.41394 -2.15371 0.248159
    endloop
  endfacet
  facet normal -0.0566446 -0.864646 -0.499178
    outer loop
      vertex 3.5 -2.39687 0.557711
      vertex 3.39147 -2.32436 0.444429
      vertex 3.5 -2.33147 0.444429
    endloop
  endfacet
  facet normal -0.0519143 -0.792279 -0.607947
    outer loop
      vertex 3.5 -2.25184 0.340653
      vertex 3.39147 -2.32436 0.444429
      vertex 3.40187 -2.24541 0.340653
    endloop
  endfacet
  facet normal 0.046292 -0.706364 -0.706333
    outer loop
      vertex 8.58606 -2.15371 0.248159
      vertex 8.5 -2.25184 0.340653
      vertex 8.5 -2.15935 0.248159
    endloop
  endfacet
  facet normal 0.0977264 -0.491182 -0.865557
    outer loop
      vertex 8.57252 -2.05082 0.16853
      vertex 8.55773 -1.93851 0.103127
      vertex 8.64379 -2.03664 0.16853
    endloop
  endfacet
  facet normal -0.0169598 -0.258776 -0.965789
    outer loop
      vertex 3.5 -1.82144 0.0530691
      vertex 3.45804 -1.81869 0.0530691
      vertex 3.5 -1.69509 0.0192146
    endloop
  endfacet
  facet normal -0.0977264 -0.491182 -0.865557
    outer loop
      vertex 3.42748 -2.05082 0.16853
      vertex 3.35621 -2.03664 0.16853
      vertex 3.44227 -1.93851 0.103127
    endloop
  endfacet
  facet normal -0.0748171 -0.376007 -0.923591
    outer loop
      vertex 3.44227 -1.93851 0.103127
      vertex 3.38553 -1.92722 0.103127
      vertex 3.45804 -1.81869 0.0530691
    endloop
  endfacet
  facet normal -0.0253909 -0.128331 -0.991406
    outer loop
      vertex 3.49146 -1.56484 0.002141
      vertex 3.44951 -1.68844 0.0192146
      vertex 3.48307 -1.56318 0.002141
    endloop
  endfacet
  facet normal -0.0506245 -0.254342 -0.965788
    outer loop
      vertex 3.45804 -1.81869 0.0530691
      vertex 3.44951 -1.68844 0.0192146
      vertex 3.47453 -1.69342 0.0192146
    endloop
  endfacet
  facet normal -0.0327323 -0.499736 -0.865559
    outer loop
      vertex 3.5 -2.05557 0.16853
      vertex 3.42748 -2.05082 0.16853
      vertex 3.5 -1.94229 0.103127
    endloop
  endfacet
  facet normal 0 -0.382685 -0.923879
    outer loop
      vertex 3.5 -1.94229 0.103127
      vertex 8.5 -1.82144 0.0530691
      vertex 8.5 -1.94229 0.103127
    endloop
  endfacet
  facet normal -0 -0.382685 -0.923879
    outer loop
      vertex 8.5 -1.82144 0.0530691
      vertex 3.5 -1.94229 0.103127
      vertex 3.5 -1.82144 0.0530691
    endloop
  endfacet
  facet normal -0.227514 -0.670312 -0.706342
    outer loop
      vertex 3.30541 -2.22622 0.340653
      vertex 3.24768 -2.10916 0.248159
      vertex 3.32935 -2.13688 0.248159
    endloop
  endfacet
  facet normal -0.160987 -0.474218 -0.865564
    outer loop
      vertex 3.38553 -1.92722 0.103127
      vertex 3.28739 -2.01328 0.16853
      vertex 3.33074 -1.90862 0.103127
    endloop
  endfacet
  facet normal -0.160972 -0.474232 -0.865559
    outer loop
      vertex 3.35621 -2.03664 0.16853
      vertex 3.28739 -2.01328 0.16853
      vertex 3.38553 -1.92722 0.103127
    endloop
  endfacet
  facet normal -0.118951 -0.597857 -0.792728
    outer loop
      vertex 3.41394 -2.15371 0.248159
      vertex 3.35621 -2.03664 0.16853
      vertex 3.42748 -2.05082 0.16853
    endloop
  endfacet
  facet normal 0.571318 0.651467 -0.499186
    outer loop
      vertex 9.08794 2.08794 0.444429
      vertex 9.00617 2.15965 0.444429
      vertex 9.04598 2.21154 0.557711
    endloop
  endfacet
  facet normal 0.39328 0.588552 -0.706355
    outer loop
      vertex 8.90138 2.02309 0.248159
      vertex 8.87592 2.15111 0.340653
      vertex 8.95769 2.09647 0.340653
    endloop
  endfacet
  facet normal -0.212995 0.318763 -0.923592
    outer loop
      vertex 3.30432 1.75501 0.0530691
      vertex 3.23075 1.85089 0.103127
      vertex 3.33928 1.77837 0.0530691
    endloop
  endfacet
  facet normal -0.288279 0.252758 -0.923585
    outer loop
      vertex 3.24498 1.69568 0.0530691
      vertex 3.14911 1.76925 0.103127
      vertex 3.18725 1.81275 0.103127
    endloop
  endfacet
  facet normal -0.128286 0.025524 -0.991409
    outer loop
      vertex 3.43516 1.50854 0.002141
      vertex 3.30658 1.52546 0.0192146
      vertex 3.31156 1.55049 0.0192146
    endloop
  endfacet
  facet normal -0.382564 0.0250727 -0.923589
    outer loop
      vertex 3.17856 1.5 0.0530691
      vertex 3.05771 1.5 0.103127
      vertex 3.18131 1.54196 0.0530691
    endloop
  endfacet
  facet normal -0.0169671 0.258773 -0.965789
    outer loop
      vertex 3.47453 1.69342 0.0192146
      vertex 3.45804 1.81869 0.0530691
      vertex 3.5 1.69509 0.0192146
    endloop
  endfacet
  facet normal -0.0251163 0.382577 -0.923582
    outer loop
      vertex 3.45804 1.81869 0.0530691
      vertex 3.44227 1.9385 0.103127
      vertex 3.5 1.94229 0.103127
    endloop
  endfacet
  facet normal -0.0833197 0.24559 -0.965786
    outer loop
      vertex 3.42534 1.68024 0.0192146
      vertex 3.37699 1.79697 0.0530691
      vertex 3.44951 1.68844 0.0192146
    endloop
  endfacet
  facet normal -0.114718 0.232585 -0.965787
    outer loop
      vertex 3.40245 1.66895 0.0192146
      vertex 3.37699 1.79697 0.0530691
      vertex 3.42534 1.68024 0.0192146
    endloop
  endfacet
  facet normal -0.118882 0.597873 -0.792726
    outer loop
      vertex 3.35621 2.03664 0.16853
      vertex 3.32935 2.13688 0.248159
      vertex 3.41394 2.1537 0.248159
    endloop
  endfacet
  facet normal -0.0463739 0.706361 -0.706331
    outer loop
      vertex 3.5 2.15935 0.248159
      vertex 3.41394 2.1537 0.248159
      vertex 3.5 2.25184 0.340653
    endloop
  endfacet
  facet normal -0.0747856 0.376026 -0.923586
    outer loop
      vertex 3.41681 1.81049 0.0530691
      vertex 3.38553 1.92722 0.103127
      vertex 3.45804 1.81869 0.0530691
    endloop
  endfacet
  facet normal -0.0747578 0.376042 -0.923582
    outer loop
      vertex 3.45804 1.81869 0.0530691
      vertex 3.38553 1.92722 0.103127
      vertex 3.44227 1.9385 0.103127
    endloop
  endfacet
  facet normal -0.221538 0.449137 -0.865562
    outer loop
      vertex 3.33074 1.90862 0.103127
      vertex 3.27886 1.88303 0.103127
      vertex 3.28739 2.01328 0.16853
    endloop
  endfacet
  facet normal -0.160987 0.474218 -0.865564
    outer loop
      vertex 3.33074 1.90862 0.103127
      vertex 3.28739 2.01328 0.16853
      vertex 3.38553 1.92722 0.103127
    endloop
  endfacet
  facet normal 0.0977201 0.49115 -0.865576
    outer loop
      vertex 8.64379 2.03664 0.16853
      vertex 8.55773 1.9385 0.103127
      vertex 8.57252 2.05082 0.16853
    endloop
  endfacet
  facet normal 0.169594 0.343837 -0.923588
    outer loop
      vertex 8.66072 1.77837 0.0530691
      vertex 8.62301 1.79697 0.0530691
      vertex 8.72114 1.88303 0.103127
    endloop
  endfacet
  facet normal 0.083373 0.245556 -0.965791
    outer loop
      vertex 8.62301 1.79697 0.0530691
      vertex 8.55049 1.68844 0.0192146
      vertex 8.58319 1.81049 0.0530691
    endloop
  endfacet
  facet normal 0.0833197 0.24559 -0.965786
    outer loop
      vertex 8.57466 1.68024 0.0192146
      vertex 8.55049 1.68844 0.0192146
      vertex 8.62301 1.79697 0.0530691
    endloop
  endfacet
  facet normal 0.0983994 -0.0861759 -0.991409
    outer loop
      vertex 8.65477 -1.61876 0.0192146
      vertex 8.54625 -1.54625 0.002141
      vertex 8.55189 -1.53981 0.002141
    endloop
  endfacet
  facet normal -0.117321 0.0578191 -0.99141
    outer loop
      vertex 3.43958 1.52503 0.002141
      vertex 3.31976 1.57466 0.0192146
      vertex 3.44336 1.5327 0.002141
    endloop
  endfacet
  facet normal 0.123853 0.0420488 -0.991409
    outer loop
      vertex 8.56317 1.51693 0.002141
      vertex 8.56042 1.52503 0.002141
      vertex 8.68024 1.57466 0.0192146
    endloop
  endfacet
  facet normal 0.128283 -0.0255336 -0.991409
    outer loop
      vertex 8.68844 -1.55049 0.0192146
      vertex 8.56484 -1.50854 0.002141
      vertex 8.69342 -1.52547 0.0192146
    endloop
  endfacet
  facet normal 0.258813 0 -0.965928
    outer loop
      vertex 8.69509 -1.5 0.0192146
      vertex 8.82144 1.5 0.0530691
      vertex 8.82144 -1.5 0.0530691
    endloop
  endfacet
  facet normal 0.258813 0 -0.965928
    outer loop
      vertex 8.82144 1.5 0.0530691
      vertex 8.69509 -1.5 0.0192146
      vertex 8.69509 1.5 0.0192146
    endloop
  endfacet
  facet normal -0.0255336 0.128283 -0.991409
    outer loop
      vertex 3.49146 1.56484 0.002141
      vertex 3.44951 1.68844 0.0192146
      vertex 3.47453 1.69342 0.0192146
    endloop
  endfacet
  facet normal 0.0861759 0.0983994 -0.991409
    outer loop
      vertex 8.54625 1.54625 0.002141
      vertex 8.53981 1.55189 0.002141
      vertex 8.61876 1.65477 0.0192146
    endloop
  endfacet
  facet normal 0.195016 0.170931 -0.965791
    outer loop
      vertex 8.65477 1.61876 0.0192146
      vertex 8.63795 1.63795 0.0192146
      vertex 8.75501 1.69568 0.0530691
    endloop
  endfacet
  facet normal 0.232577 0.114716 -0.965789
    outer loop
      vertex 8.79697 1.62301 0.0530691
      vertex 8.66895 1.59754 0.0192146
      vertex 8.77837 1.66072 0.0530691
    endloop
  endfacet
  facet normal 0.232585 -0.114718 -0.965787
    outer loop
      vertex 8.79697 -1.62301 0.0530691
      vertex 8.66895 -1.59755 0.0192146
      vertex 8.68024 -1.57466 0.0192146
    endloop
  endfacet
  facet normal -0.0578191 0.117321 -0.99141
    outer loop
      vertex 3.4673 1.55664 0.002141
      vertex 3.42534 1.68024 0.0192146
      vertex 3.47497 1.56042 0.002141
    endloop
  endfacet
  facet normal -0.965916 0 -0.258854
    outer loop
      vertex 2.55307 -1.5 0.67856
      vertex 2.51921 1.5 0.804909
      vertex 2.55307 1.5 0.67856
    endloop
  endfacet
  facet normal -0.965916 -0 -0.258854
    outer loop
      vertex 2.51921 1.5 0.804909
      vertex 2.55307 -1.5 0.67856
      vertex 2.51921 -1.5 0.804909
    endloop
  endfacet
  facet normal -0.828873 -0.408729 -0.381982
    outer loop
      vertex 2.67993 -1.97347 0.67856
      vertex 2.62515 -1.86238 0.67856
      vertex 2.72328 -1.94844 0.557711
    endloop
  endfacet
  facet normal -0.768397 -0.513473 -0.381983
    outer loop
      vertex 2.78846 -2.04598 0.557711
      vertex 2.67993 -1.97347 0.67856
      vertex 2.72328 -1.94844 0.557711
    endloop
  endfacet
  facet normal -0.906406 -0.18032 -0.381984
    outer loop
      vertex 2.63369 -1.73213 0.557711
      vertex 2.56117 -1.6236 0.67856
      vertex 2.6108 -1.61707 0.557711
    endloop
  endfacet
  facet normal -0.778714 -0.154919 -0.60795
    outer loop
      vertex 2.77378 -1.69459 0.340653
      vertex 2.67564 -1.60853 0.444429
      vertex 2.75459 -1.59813 0.340653
    endloop
  endfacet
  facet normal -0.712084 -0.351198 -0.607944
    outer loop
      vertex 2.84889 -1.87592 0.340653
      vertex 2.77993 -1.91574 0.444429
      vertex 2.80539 -1.78772 0.340653
    endloop
  endfacet
  facet normal -0.777135 -0.383176 -0.499237
    outer loop
      vertex 2.72328 -1.94844 0.557711
      vertex 2.6714 -1.84322 0.557711
      vertex 2.77993 -1.91574 0.444429
    endloop
  endfacet
  facet normal -0.318782 -0.213008 -0.923583
    outer loop
      vertex 3.24498 -1.69568 0.0530691
      vertex 3.14911 -1.76925 0.103127
      vertex 3.22162 -1.66072 0.0530691
    endloop
  endfacet
  facet normal -0.37656 -0.330179 -0.865554
    outer loop
      vertex 3.10715 -1.89285 0.16853
      vertex 3.05924 -1.83821 0.16853
      vertex 3.18725 -1.81275 0.103127
    endloop
  endfacet
  facet normal 0.130518 -0.00855773 -0.991409
    outer loop
      vertex 8.69342 -1.52547 0.0192146
      vertex 8.56484 -1.50854 0.002141
      vertex 8.69509 -1.5 0.0192146
    endloop
  endfacet
  facet normal 0.117321 0.0578191 -0.99141
    outer loop
      vertex 8.56042 1.52503 0.002141
      vertex 8.55664 1.5327 0.002141
      vertex 8.68024 1.57466 0.0192146
    endloop
  endfacet
  facet normal -0.608258 -0.0398404 -0.792739
    outer loop
      vertex 2.94918 -1.57252 0.16853
      vertex 2.84065 -1.5 0.248159
      vertex 2.94443 -1.5 0.16853
    endloop
  endfacet
  facet normal -0.500004 0 -0.866023
    outer loop
      vertex 2.94443 -1.5 0.16853
      vertex 3.05771 1.5 0.103127
      vertex 3.05771 -1.5 0.103127
    endloop
  endfacet
  facet normal -0.500004 0 -0.866023
    outer loop
      vertex 3.05771 1.5 0.103127
      vertex 2.94443 -1.5 0.16853
      vertex 2.94443 1.5 0.16853
    endloop
  endfacet
  facet normal -0.609368 -0.694801 -0.381998
    outer loop
      vertex 2.92354 -2.25125 0.67856
      vertex 2.83042 -2.16958 0.67856
      vertex 2.95402 -2.21154 0.557711
    endloop
  endfacet
  facet normal -0.609384 -0.694773 -0.382023
    outer loop
      vertex 2.95402 -2.21154 0.557711
      vertex 2.83042 -2.16958 0.67856
      vertex 2.86582 -2.13418 0.557711
    endloop
  endfacet
  facet normal -0.310552 -0.914788 -0.258302
    outer loop
      vertex 3.24615 -2.44737 0.804909
      vertex 3.12467 -2.40613 0.804909
      vertex 3.13762 -2.37485 0.67856
    endloop
  endfacet
  facet normal -0.427258 -0.866449 -0.258297
    outer loop
      vertex 3.12467 -2.40613 0.804909
      vertex 3.02653 -2.32007 0.67856
      vertex 3.13762 -2.37485 0.67856
    endloop
  endfacet
  facet normal -0.550868 -0.82437 -0.130226
    outer loop
      vertex 3.00107 -2.36417 0.934596
      vertex 2.90294 -2.27811 0.804909
      vertex 3.00961 -2.34939 0.804909
    endloop
  endfacet
  facet normal -0.536749 -0.80324 -0.258275
    outer loop
      vertex 3.00961 -2.34939 0.804909
      vertex 2.90294 -2.27811 0.804909
      vertex 3.02653 -2.32007 0.67856
    endloop
  endfacet
  facet normal 0.393298 -0.588579 -0.706323
    outer loop
      vertex 8.95769 -2.09647 0.340653
      vertex 8.87592 -2.15111 0.340653
      vertex 8.90138 -2.0231 0.248159
    endloop
  endfacet
  facet normal 0.195919 -0.577227 -0.792732
    outer loop
      vertex 8.75232 -2.10916 0.248159
      vertex 8.67065 -2.13688 0.248159
      vertex 8.71261 -2.01328 0.16853
    endloop
  endfacet
  facet normal 0.0327217 -0.499742 -0.865556
    outer loop
      vertex 8.57252 -2.05082 0.16853
      vertex 8.5 -1.94229 0.103127
      vertex 8.55773 -1.93851 0.103127
    endloop
  endfacet
  facet normal 0.160987 -0.474218 -0.865564
    outer loop
      vertex 8.71261 -2.01328 0.16853
      vertex 8.61447 -1.92722 0.103127
      vertex 8.66926 -1.90862 0.103127
    endloop
  endfacet
  facet normal 0.0250488 -0.382558 -0.923592
    outer loop
      vertex 8.55773 -1.93851 0.103127
      vertex 8.5 -1.94229 0.103127
      vertex 8.54196 -1.81869 0.0530691
    endloop
  endfacet
  facet normal 0.118951 -0.597857 -0.792728
    outer loop
      vertex 8.58606 -2.15371 0.248159
      vertex 8.57252 -2.05082 0.16853
      vertex 8.64379 -2.03664 0.16853
    endloop
  endfacet
  facet normal 0.252758 -0.288279 -0.923585
    outer loop
      vertex 8.76925 -1.85089 0.103127
      vertex 8.69568 -1.75502 0.0530691
      vertex 8.81275 -1.81275 0.103127
    endloop
  endfacet
  facet normal 0.37656 -0.330179 -0.865554
    outer loop
      vertex 8.89285 -1.89285 0.16853
      vertex 8.81275 -1.81275 0.103127
      vertex 8.94076 -1.83821 0.16853
    endloop
  endfacet
  facet normal 0.0506041 -0.254341 -0.96579
    outer loop
      vertex 8.54196 -1.81869 0.0530691
      vertex 8.52546 -1.69342 0.0192146
      vertex 8.55049 -1.68844 0.0192146
    endloop
  endfacet
  facet normal -0.0255342 0.128283 -0.991409
    outer loop
      vertex 3.48307 1.56317 0.002141
      vertex 3.44951 1.68844 0.0192146
      vertex 3.49146 1.56484 0.002141
    endloop
  endfacet
  facet normal 0.169533 -0.343899 -0.923576
    outer loop
      vertex 8.72114 -1.88303 0.103127
      vertex 8.62301 -1.79697 0.0530691
      vertex 8.66072 -1.77838 0.0530691
    endloop
  endfacet
  facet normal 0.169597 -0.343834 -0.923588
    outer loop
      vertex 8.66926 -1.90862 0.103127
      vertex 8.62301 -1.79697 0.0530691
      vertex 8.72114 -1.88303 0.103127
    endloop
  endfacet
  facet normal 0.213008 -0.318782 -0.923583
    outer loop
      vertex 8.76925 -1.85089 0.103127
      vertex 8.66072 -1.77838 0.0530691
      vertex 8.69568 -1.75502 0.0530691
    endloop
  endfacet
  facet normal 0.114759 -0.232567 -0.965786
    outer loop
      vertex 8.62301 -1.79697 0.0530691
      vertex 8.57466 -1.68024 0.0192146
      vertex 8.59754 -1.66895 0.0192146
    endloop
  endfacet
  facet normal 0.792279 -0.0519143 -0.607947
    outer loop
      vertex 9.32436 -1.60853 0.444429
      vertex 9.24541 -1.59813 0.340653
      vertex 9.25184 -1.5 0.340653
    endloop
  endfacet
  facet normal 0.84985 -0.169062 -0.499172
    outer loop
      vertex 9.36631 -1.73213 0.557711
      vertex 9.30314 -1.7152 0.444429
      vertex 9.32436 -1.60853 0.444429
    endloop
  endfacet
  facet normal 0.792284 0.051904 -0.60794
    outer loop
      vertex 9.33147 1.5 0.444429
      vertex 9.25184 1.5 0.340653
      vertex 9.32436 1.60853 0.444429
    endloop
  endfacet
  facet normal 0.864646 0.0566446 -0.499178
    outer loop
      vertex 9.33147 1.5 0.444429
      vertex 9.32436 1.60853 0.444429
      vertex 9.39687 1.5 0.557711
    endloop
  endfacet
  facet normal 0.577229 -0.195932 -0.792728
    outer loop
      vertex 9.13688 -1.67065 0.248159
      vertex 9.01328 -1.71261 0.16853
      vertex 9.03664 -1.64379 0.16853
    endloop
  endfacet
  facet normal 0.363036 -0.123243 -0.923589
    outer loop
      vertex 8.90862 -1.66926 0.103127
      vertex 8.79697 -1.62301 0.0530691
      vertex 8.92722 -1.61447 0.103127
    endloop
  endfacet
  facet normal 0.608258 0.0398404 -0.792739
    outer loop
      vertex 9.05557 1.5 0.16853
      vertex 9.05082 1.57252 0.16853
      vertex 9.15935 1.5 0.248159
    endloop
  endfacet
  facet normal 0.123865 0.042023 -0.991409
    outer loop
      vertex 8.68844 1.55049 0.0192146
      vertex 8.56317 1.51693 0.002141
      vertex 8.68024 1.57466 0.0192146
    endloop
  endfacet
  facet normal 0.777118 0.383241 -0.499213
    outer loop
      vertex 9.3286 1.84322 0.557711
      vertex 9.22007 1.91573 0.444429
      vertex 9.27671 1.94844 0.557711
    endloop
  endfacet
  facet normal 0.343834 0.169597 -0.923588
    outer loop
      vertex 8.90862 1.66926 0.103127
      vertex 8.79697 1.62301 0.0530691
      vertex 8.88303 1.72114 0.103127
    endloop
  endfacet
  facet normal 0.84985 0.169062 -0.499172
    outer loop
      vertex 9.32436 1.60853 0.444429
      vertex 9.30314 1.7152 0.444429
      vertex 9.36631 1.73213 0.557711
    endloop
  endfacet
  facet normal 0.376042 0.0747578 -0.923582
    outer loop
      vertex 8.9385 1.55773 0.103127
      vertex 8.81869 1.54196 0.0530691
      vertex 8.92722 1.61447 0.103127
    endloop
  endfacet
  facet normal 0.363036 0.123261 -0.923586
    outer loop
      vertex 8.81049 1.58319 0.0530691
      vertex 8.79697 1.62301 0.0530691
      vertex 8.92722 1.61447 0.103127
    endloop
  endfacet
  facet normal 0.144083 0.215617 -0.96579
    outer loop
      vertex 8.61876 1.65477 0.0192146
      vertex 8.59754 1.66895 0.0192146
      vertex 8.69568 1.75501 0.0530691
    endloop
  endfacet
  facet normal 0.144078 0.215623 -0.965789
    outer loop
      vertex 8.69568 1.75501 0.0530691
      vertex 8.59754 1.66895 0.0192146
      vertex 8.66072 1.77837 0.0530691
    endloop
  endfacet
  facet normal 0.252744 0.288264 -0.923593
    outer loop
      vertex 8.81275 1.81275 0.103127
      vertex 8.69568 1.75501 0.0530691
      vertex 8.76925 1.85089 0.103127
    endloop
  endfacet
  facet normal 0.212995 0.318763 -0.923592
    outer loop
      vertex 8.69568 1.75501 0.0530691
      vertex 8.66072 1.77837 0.0530691
      vertex 8.76925 1.85089 0.103127
    endloop
  endfacet
  facet normal 0.768427 0.513414 -0.382002
    outer loop
      vertex 9.27671 1.94844 0.557711
      vertex 9.21154 2.04598 0.557711
      vertex 9.32007 1.97346 0.67856
    endloop
  endfacet
  facet normal 0.720477 0.481377 -0.499189
    outer loop
      vertex 9.27671 1.94844 0.557711
      vertex 9.15965 2.00617 0.444429
      vertex 9.21154 2.04598 0.557711
    endloop
  endfacet
  facet normal 0.946922 0.321463 0
    outer loop
      vertex 9.46386 1.75826 2.5
      vertex 9.4219 1.88186 0.934596
      vertex 9.4219 1.88186 2.5
    endloop
  endfacet
  facet normal 0.946922 0.321463 0
    outer loop
      vertex 9.4219 1.88186 0.934596
      vertex 9.46386 1.75826 2.5
      vertex 9.46386 1.75826 0.934596
    endloop
  endfacet
  facet normal 0.93886 0.318726 -0.130214
    outer loop
      vertex 9.46386 1.75826 0.934596
      vertex 9.40613 1.87533 0.804909
      vertex 9.4219 1.88186 0.934596
    endloop
  endfacet
  facet normal 0.914787 0.310493 -0.258377
    outer loop
      vertex 9.41466 1.74508 0.67856
      vertex 9.37485 1.86237 0.67856
      vertex 9.44737 1.75385 0.804909
    endloop
  endfacet
  facet normal 0.914782 0.31055 -0.258325
    outer loop
      vertex 9.44737 1.75385 0.804909
      vertex 9.37485 1.86237 0.67856
      vertex 9.40613 1.87533 0.804909
    endloop
  endfacet
  facet normal 0.751854 -0.255193 -0.607941
    outer loop
      vertex 9.26818 -1.81819 0.444429
      vertex 9.19461 -1.78772 0.340653
      vertex 9.22622 -1.69459 0.340653
    endloop
  endfacet
  facet normal 0.751836 -0.255211 -0.607955
    outer loop
      vertex 9.26818 -1.81819 0.444429
      vertex 9.22622 -1.69459 0.340653
      vertex 9.30314 -1.7152 0.444429
    endloop
  endfacet
  facet normal 0.180304 -0.906404 -0.381998
    outer loop
      vertex 8.6236 -2.43883 0.67856
      vertex 8.61706 -2.3892 0.557711
      vertex 8.73213 -2.36631 0.557711
    endloop
  endfacet
  facet normal 0.180342 -0.906409 -0.381967
    outer loop
      vertex 8.74508 -2.41466 0.67856
      vertex 8.6236 -2.43883 0.67856
      vertex 8.73213 -2.36631 0.557711
    endloop
  endfacet
  facet normal -0.636956 0.726336 -0.25831
    outer loop
      vertex 2.83042 2.16958 0.67856
      vertex 2.80648 2.19352 0.804909
      vertex 2.90294 2.27811 0.804909
    endloop
  endfacet
  facet normal -0.803231 0.536743 -0.258315
    outer loop
      vertex 2.67993 1.97346 0.67856
      vertex 2.65061 1.99039 0.804909
      vertex 2.72189 2.09706 0.804909
    endloop
  endfacet
  facet normal -0.751793 0.659399 0
    outer loop
      vertex 2.70834 2.10746 0.934596
      vertex 2.79441 2.20559 2.5
      vertex 2.79441 2.20559 0.934596
    endloop
  endfacet
  facet normal -0.751793 0.659399 0
    outer loop
      vertex 2.79441 2.20559 2.5
      vertex 2.70834 2.10746 0.934596
      vertex 2.70834 2.10746 2.5
    endloop
  endfacet
  facet normal 0.991439 0 -0.130574
    outer loop
      vertex 9.49786 -1.5 0.934596
      vertex 9.48078 1.5 0.804909
      vertex 9.49786 1.5 0.934596
    endloop
  endfacet
  facet normal 0.991439 0 -0.130574
    outer loop
      vertex 9.48078 1.5 0.804909
      vertex 9.49786 -1.5 0.934596
      vertex 9.48078 -1.5 0.804909
    endloop
  endfacet
  facet normal 0.965936 0 -0.258783
    outer loop
      vertex 9.48078 -1.5 0.804909
      vertex 9.44693 1.5 0.67856
      vertex 9.48078 1.5 0.804909
    endloop
  endfacet
  facet normal 0.965936 0 -0.258783
    outer loop
      vertex 9.44693 1.5 0.67856
      vertex 9.48078 -1.5 0.804909
      vertex 9.44693 -1.5 0.67856
    endloop
  endfacet
  facet normal 0.964007 0.0631752 -0.258263
    outer loop
      vertex 9.44693 1.5 0.67856
      vertex 9.43883 1.6236 0.67856
      vertex 9.47239 1.62802 0.804909
    endloop
  endfacet
  facet normal 0.922184 0.0604344 -0.382002
    outer loop
      vertex 9.44693 1.5 0.67856
      vertex 9.39687 1.5 0.557711
      vertex 9.43883 1.6236 0.67856
    endloop
  endfacet
  facet normal -0.466685 0.532264 -0.706329
    outer loop
      vertex 3.03377 1.96623 0.248159
      vertex 2.96837 2.03163 0.340653
      vertex 3.09862 2.02309 0.248159
    endloop
  endfacet
  facet normal -0.458301 0.401906 -0.792737
    outer loop
      vertex 3.05924 1.83821 0.16853
      vertex 2.9769 1.90138 0.248159
      vertex 3.03377 1.96623 0.248159
    endloop
  endfacet
  facet normal -0.39328 0.588552 -0.706355
    outer loop
      vertex 3.09862 2.02309 0.248159
      vertex 3.04231 2.09647 0.340653
      vertex 3.12408 2.15111 0.340653
    endloop
  endfacet
  facet normal -0.393297 0.58855 -0.706347
    outer loop
      vertex 3.17033 2.07101 0.248159
      vertex 3.09862 2.02309 0.248159
      vertex 3.12408 2.15111 0.340653
    endloop
  endfacet
  facet normal -0.330179 0.37656 -0.865554
    outer loop
      vertex 3.18725 1.81275 0.103127
      vertex 3.10715 1.89285 0.16853
      vertex 3.16179 1.94076 0.16853
    endloop
  endfacet
  facet normal -0.37656 0.330179 -0.865554
    outer loop
      vertex 3.18725 1.81275 0.103127
      vertex 3.05924 1.83821 0.16853
      vertex 3.10715 1.89285 0.16853
    endloop
  endfacet
  facet normal -0.506848 0.338629 -0.792739
    outer loop
      vertex 3.05924 1.83821 0.16853
      vertex 2.92899 1.82967 0.248159
      vertex 2.9769 1.90138 0.248159
    endloop
  endfacet
  facet normal -0.634856 0.313109 -0.706343
    outer loop
      vertex 2.89084 1.75232 0.248159
      vertex 2.80539 1.78772 0.340653
      vertex 2.84889 1.87592 0.340653
    endloop
  endfacet
  facet normal -0.712099 0.351205 -0.607923
    outer loop
      vertex 2.80539 1.78772 0.340653
      vertex 2.77993 1.91573 0.444429
      vertex 2.84889 1.87592 0.340653
    endloop
  endfacet
  facet normal -0.777115 0.383299 -0.499173
    outer loop
      vertex 2.73182 1.81819 0.444429
      vertex 2.6714 1.84322 0.557711
      vertex 2.77993 1.91573 0.444429
    endloop
  endfacet
  facet normal -0.706361 0.0462845 -0.706337
    outer loop
      vertex 2.84629 1.58606 0.248159
      vertex 2.74816 1.5 0.340653
      vertex 2.75459 1.59813 0.340653
    endloop
  endfacet
  facet normal -0.864646 0.0566446 -0.499178
    outer loop
      vertex 2.66853 1.5 0.444429
      vertex 2.60313 1.5 0.557711
      vertex 2.67564 1.60853 0.444429
    endloop
  endfacet
  facet normal -0.597857 0.118949 -0.792728
    outer loop
      vertex 2.96336 1.64379 0.16853
      vertex 2.84629 1.58606 0.248159
      vertex 2.86312 1.67065 0.248159
    endloop
  endfacet
  facet normal -0.608267 0.0398632 -0.792731
    outer loop
      vertex 2.94918 1.57252 0.16853
      vertex 2.84065 1.5 0.248159
      vertex 2.84629 1.58606 0.248159
    endloop
  endfacet
  facet normal -0.922188 0.0604236 -0.381992
    outer loop
      vertex 2.60313 1.5 0.557711
      vertex 2.56117 1.6236 0.67856
      vertex 2.6108 1.61706 0.557711
    endloop
  endfacet
  facet normal -0.84985 0.169062 -0.499172
    outer loop
      vertex 2.67564 1.60853 0.444429
      vertex 2.63369 1.73213 0.557711
      vertex 2.69686 1.7152 0.444429
    endloop
  endfacet
  facet normal -0.947474 0.188512 -0.258373
    outer loop
      vertex 2.56117 1.6236 0.67856
      vertex 2.55263 1.75385 0.804909
      vertex 2.58534 1.74508 0.67856
    endloop
  endfacet
  facet normal -0.914787 0.310493 -0.258377
    outer loop
      vertex 2.58534 1.74508 0.67856
      vertex 2.55263 1.75385 0.804909
      vertex 2.62515 1.86237 0.67856
    endloop
  endfacet
  facet normal -0.523476 0.596944 -0.607973
    outer loop
      vertex 3.04231 2.09647 0.340653
      vertex 2.96837 2.03163 0.340653
      vertex 2.99383 2.15965 0.444429
    endloop
  endfacet
  facet normal -0.694773 0.609384 -0.382023
    outer loop
      vertex 2.86582 2.13418 0.557711
      vertex 2.78846 2.04598 0.557711
      vertex 2.83042 2.16958 0.67856
    endloop
  endfacet
  facet normal -0.513461 0.768401 -0.381993
    outer loop
      vertex 2.95402 2.21154 0.557711
      vertex 2.92354 2.25125 0.67856
      vertex 3.02653 2.32007 0.67856
    endloop
  endfacet
  facet normal -0.513406 0.768415 -0.382039
    outer loop
      vertex 3.05156 2.27671 0.557711
      vertex 2.95402 2.21154 0.557711
      vertex 3.02653 2.32007 0.67856
    endloop
  endfacet
  facet normal -0.351198 0.712084 -0.607944
    outer loop
      vertex 3.12408 2.15111 0.340653
      vertex 3.08426 2.22007 0.444429
      vertex 3.21228 2.19461 0.340653
    endloop
  endfacet
  facet normal -0.441116 0.66014 -0.607973
    outer loop
      vertex 3.04231 2.09647 0.340653
      vertex 2.99383 2.15965 0.444429
      vertex 3.12408 2.15111 0.340653
    endloop
  endfacet
  facet normal -0.195919 0.577227 -0.792732
    outer loop
      vertex 3.28739 2.01328 0.16853
      vertex 3.24768 2.10916 0.248159
      vertex 3.32935 2.13688 0.248159
    endloop
  endfacet
  facet normal -0.269637 0.546694 -0.79273
    outer loop
      vertex 3.28739 2.01328 0.16853
      vertex 3.17033 2.07101 0.248159
      vertex 3.24768 2.10916 0.248159
    endloop
  endfacet
  facet normal -0.15491 0.778712 -0.607956
    outer loop
      vertex 3.30541 2.22622 0.340653
      vertex 3.2848 2.30314 0.444429
      vertex 3.39147 2.32436 0.444429
    endloop
  endfacet
  facet normal -0.154919 0.778714 -0.60795
    outer loop
      vertex 3.40187 2.24541 0.340653
      vertex 3.30541 2.22622 0.340653
      vertex 3.39147 2.32436 0.444429
    endloop
  endfacet
  facet normal -0.138052 0.694282 -0.706339
    outer loop
      vertex 3.32935 2.13688 0.248159
      vertex 3.30541 2.22622 0.340653
      vertex 3.41394 2.1537 0.248159
    endloop
  endfacet
  facet normal -0.138113 0.694235 -0.706373
    outer loop
      vertex 3.41394 2.1537 0.248159
      vertex 3.30541 2.22622 0.340653
      vertex 3.40187 2.24541 0.340653
    endloop
  endfacet
  facet normal -0.278256 0.416351 -0.865578
    outer loop
      vertex 3.27886 1.88303 0.103127
      vertex 3.16179 1.94076 0.16853
      vertex 3.22221 1.98114 0.16853
    endloop
  endfacet
  facet normal -0.338728 0.506834 -0.792706
    outer loop
      vertex 3.22221 1.98114 0.16853
      vertex 3.16179 1.94076 0.16853
      vertex 3.17033 2.07101 0.248159
    endloop
  endfacet
  facet normal -0.0566446 0.864646 -0.499178
    outer loop
      vertex 3.5 2.33147 0.444429
      vertex 3.39147 2.32436 0.444429
      vertex 3.5 2.39687 0.557711
    endloop
  endfacet
  facet normal 0.169055 0.849855 -0.499167
    outer loop
      vertex 8.73213 2.36631 0.557711
      vertex 8.60853 2.32436 0.444429
      vertex 8.61706 2.3892 0.557711
    endloop
  endfacet
  facet normal 0.0566535 0.864649 -0.499171
    outer loop
      vertex 8.60853 2.32436 0.444429
      vertex 8.5 2.39687 0.557711
      vertex 8.61706 2.3892 0.557711
    endloop
  endfacet
  facet normal 0.193409 0.972437 -0.130225
    outer loop
      vertex 8.75385 2.44737 0.804909
      vertex 8.63025 2.48932 0.934596
      vertex 8.75826 2.46386 0.934596
    endloop
  endfacet
  facet normal 0.19507 0.980789 -0
    outer loop
      vertex 8.75826 2.46386 0.934596
      vertex 8.63025 2.48932 2.5
      vertex 8.75826 2.46386 2.5
    endloop
  endfacet
  facet normal 0.19507 0.980789 0
    outer loop
      vertex 8.63025 2.48932 2.5
      vertex 8.75826 2.46386 0.934596
      vertex 8.63025 2.48932 0.934596
    endloop
  endfacet
  facet normal -0.427258 0.866449 -0.258297
    outer loop
      vertex 3.13762 2.37485 0.67856
      vertex 3.02653 2.32007 0.67856
      vertex 3.12467 2.40613 0.804909
    endloop
  endfacet
  facet normal -0.427342 0.866431 -0.258219
    outer loop
      vertex 3.02653 2.32007 0.67856
      vertex 3.00961 2.34938 0.804909
      vertex 3.12467 2.40613 0.804909
    endloop
  endfacet
  facet normal -0.0648391 0.989356 -0.13027
    outer loop
      vertex 3.37198 2.47239 0.804909
      vertex 3.36975 2.48932 0.934596
      vertex 3.5 2.48078 0.804909
    endloop
  endfacet
  facet normal -0.0631777 0.964006 -0.258266
    outer loop
      vertex 3.5 2.44693 0.67856
      vertex 3.37198 2.47239 0.804909
      vertex 3.5 2.48078 0.804909
    endloop
  endfacet
  facet normal -0.820519 0.278525 -0.499172
    outer loop
      vertex 2.69686 1.7152 0.444429
      vertex 2.6714 1.84322 0.557711
      vertex 2.73182 1.81819 0.444429
    endloop
  endfacet
  facet normal -0.777122 0.383169 -0.499262
    outer loop
      vertex 2.77993 1.91573 0.444429
      vertex 2.6714 1.84322 0.557711
      vertex 2.72328 1.94844 0.557711
    endloop
  endfacet
  facet normal -0.875113 -0.297061 -0.382011
    outer loop
      vertex 2.6714 -1.84322 0.557711
      vertex 2.62515 -1.86238 0.67856
      vertex 2.63369 -1.73213 0.557711
    endloop
  endfacet
  facet normal -0.947474 -0.188512 -0.258373
    outer loop
      vertex 2.58534 -1.74508 0.67856
      vertex 2.55263 -1.75385 0.804909
      vertex 2.56117 -1.6236 0.67856
    endloop
  endfacet
  facet normal -0.255211 -0.751836 -0.607955
    outer loop
      vertex 3.2848 -2.30314 0.444429
      vertex 3.18181 -2.26818 0.444429
      vertex 3.30541 -2.22622 0.340653
    endloop
  endfacet
  facet normal -0.154919 -0.778714 -0.60795
    outer loop
      vertex 3.39147 -2.32436 0.444429
      vertex 3.30541 -2.22622 0.340653
      vertex 3.40187 -2.24541 0.340653
    endloop
  endfacet
  facet normal -0.707122 0 -0.707091
    outer loop
      vertex 2.84065 -1.5 0.248159
      vertex 2.74816 1.5 0.340653
      vertex 2.84065 1.5 0.248159
    endloop
  endfacet
  facet normal -0.707122 -0 -0.707091
    outer loop
      vertex 2.74816 1.5 0.340653
      vertex 2.84065 -1.5 0.248159
      vertex 2.74816 -1.5 0.340653
    endloop
  endfacet
  facet normal -0.481427 -0.720442 -0.499191
    outer loop
      vertex 3.05156 -2.27672 0.557711
      vertex 2.95402 -2.21154 0.557711
      vertex 2.99383 -2.15965 0.444429
    endloop
  endfacet
  facet normal 0 -0.866037 -0.499981
    outer loop
      vertex 3.5 -2.33147 0.444429
      vertex 8.5 -2.39687 0.557711
      vertex 3.5 -2.39687 0.557711
    endloop
  endfacet
  facet normal 0 -0.866037 -0.499981
    outer loop
      vertex 8.5 -2.39687 0.557711
      vertex 3.5 -2.33147 0.444429
      vertex 8.5 -2.33147 0.444429
    endloop
  endfacet
  facet normal -0.0255336 -0.128283 -0.991409
    outer loop
      vertex 3.47453 -1.69342 0.0192146
      vertex 3.44951 -1.68844 0.0192146
      vertex 3.49146 -1.56484 0.002141
    endloop
  endfacet
  facet normal -0.00855773 -0.130518 -0.991409
    outer loop
      vertex 3.5 -1.69509 0.0192146
      vertex 3.47453 -1.69342 0.0192146
      vertex 3.49146 -1.56484 0.002141
    endloop
  endfacet
  facet normal -0.376565 -0.330165 -0.865558
    outer loop
      vertex 3.18725 -1.81275 0.103127
      vertex 3.05924 -1.83821 0.16853
      vertex 3.14911 -1.76925 0.103127
    endloop
  endfacet
  facet normal -0.0578592 -0.117307 -0.991409
    outer loop
      vertex 3.42534 -1.68024 0.0192146
      vertex 3.40245 -1.66895 0.0192146
      vertex 3.4673 -1.55664 0.002141
    endloop
  endfacet
  facet normal -0.13813 -0.694263 -0.706341
    outer loop
      vertex 3.41394 -2.15371 0.248159
      vertex 3.30541 -2.22622 0.340653
      vertex 3.32935 -2.13688 0.248159
    endloop
  endfacet
  facet normal -0.221469 -0.44914 -0.865578
    outer loop
      vertex 3.28739 -2.01328 0.16853
      vertex 3.22221 -1.98114 0.16853
      vertex 3.27886 -1.88303 0.103127
    endloop
  endfacet
  facet normal -0.532221 -0.46673 -0.706331
    outer loop
      vertex 3.03377 -1.96623 0.248159
      vertex 2.96837 -2.03163 0.340653
      vertex 2.9769 -1.90138 0.248159
    endloop
  endfacet
  facet normal -0.458342 -0.401888 -0.792722
    outer loop
      vertex 3.10715 -1.89285 0.16853
      vertex 3.03377 -1.96623 0.248159
      vertex 3.05924 -1.83821 0.16853
    endloop
  endfacet
  facet normal 0.351205 0.712099 -0.607923
    outer loop
      vertex 8.87592 2.15111 0.340653
      vertex 8.78772 2.19461 0.340653
      vertex 8.91573 2.22007 0.444429
    endloop
  endfacet
  facet normal 0.441116 0.66014 -0.607973
    outer loop
      vertex 8.95769 2.09647 0.340653
      vertex 8.87592 2.15111 0.340653
      vertex 9.00617 2.15965 0.444429
    endloop
  endfacet
  facet normal -0.215668 0.144016 -0.965788
    outer loop
      vertex 3.33105 1.59754 0.0192146
      vertex 3.24498 1.69568 0.0530691
      vertex 3.34522 1.61876 0.0192146
    endloop
  endfacet
  facet normal -0.330165 0.376565 -0.865558
    outer loop
      vertex 3.18725 1.81275 0.103127
      vertex 3.16179 1.94076 0.16853
      vertex 3.23075 1.85089 0.103127
    endloop
  endfacet
  facet normal -0.491177 0.0977334 -0.865559
    outer loop
      vertex 3.06149 1.55773 0.103127
      vertex 2.96336 1.64379 0.16853
      vertex 3.07278 1.61447 0.103127
    endloop
  endfacet
  facet normal -0.474232 0.160972 -0.865559
    outer loop
      vertex 3.07278 1.61447 0.103127
      vertex 2.96336 1.64379 0.16853
      vertex 2.98672 1.71261 0.16853
    endloop
  endfacet
  facet normal -0.318782 0.213008 -0.923583
    outer loop
      vertex 3.22162 1.66072 0.0530691
      vertex 3.14911 1.76925 0.103127
      vertex 3.24498 1.69568 0.0530691
    endloop
  endfacet
  facet normal -0.254341 0.0505843 -0.965791
    outer loop
      vertex 3.31156 1.55049 0.0192146
      vertex 3.18131 1.54196 0.0530691
      vertex 3.18951 1.58319 0.0530691
    endloop
  endfacet
  facet normal -0.382558 0.0250488 -0.923592
    outer loop
      vertex 3.18131 1.54196 0.0530691
      vertex 3.05771 1.5 0.103127
      vertex 3.06149 1.55773 0.103127
    endloop
  endfacet
  facet normal 0.0253909 -0.128331 -0.991406
    outer loop
      vertex 8.55049 -1.68844 0.0192146
      vertex 8.50854 -1.56484 0.002141
      vertex 8.51693 -1.56318 0.002141
    endloop
  endfacet
  facet normal -0.0506245 0.254342 -0.965788
    outer loop
      vertex 3.47453 1.69342 0.0192146
      vertex 3.44951 1.68844 0.0192146
      vertex 3.45804 1.81869 0.0530691
    endloop
  endfacet
  facet normal -0.0505843 0.254341 -0.965791
    outer loop
      vertex 3.44951 1.68844 0.0192146
      vertex 3.41681 1.81049 0.0530691
      vertex 3.45804 1.81869 0.0530691
    endloop
  endfacet
  facet normal -0.123261 0.363036 -0.923586
    outer loop
      vertex 3.41681 1.81049 0.0530691
      vertex 3.37699 1.79697 0.0530691
      vertex 3.38553 1.92722 0.103127
    endloop
  endfacet
  facet normal -0.083373 0.245556 -0.965791
    outer loop
      vertex 3.44951 1.68844 0.0192146
      vertex 3.37699 1.79697 0.0530691
      vertex 3.41681 1.81049 0.0530691
    endloop
  endfacet
  facet normal 0.0327323 0.499736 -0.865559
    outer loop
      vertex 8.57252 2.05082 0.16853
      vertex 8.5 1.94229 0.103127
      vertex 8.5 2.05557 0.16853
    endloop
  endfacet
  facet normal 0.0398404 0.608258 -0.792739
    outer loop
      vertex 8.57252 2.05082 0.16853
      vertex 8.5 2.05557 0.16853
      vertex 8.5 2.15935 0.248159
    endloop
  endfacet
  facet normal 0.0747856 0.376026 -0.923586
    outer loop
      vertex 8.58319 1.81049 0.0530691
      vertex 8.54196 1.81869 0.0530691
      vertex 8.61447 1.92722 0.103127
    endloop
  endfacet
  facet normal 0.0976509 0.491198 -0.865557
    outer loop
      vertex 8.61447 1.92722 0.103127
      vertex 8.55773 1.9385 0.103127
      vertex 8.64379 2.03664 0.16853
    endloop
  endfacet
  facet normal -0.130518 -0.00855773 -0.991409
    outer loop
      vertex 3.30658 -1.52547 0.0192146
      vertex 3.30491 -1.5 0.0192146
      vertex 3.43516 -1.50854 0.002141
    endloop
  endfacet
  facet normal 0.0726602 -0.108761 -0.991409
    outer loop
      vertex 8.61876 -1.65478 0.0192146
      vertex 8.5327 -1.55664 0.002141
      vertex 8.53981 -1.55189 0.002141
    endloop
  endfacet
  facet normal -0.128331 -0.0253909 -0.991406
    outer loop
      vertex 3.43682 -1.51693 0.002141
      vertex 3.31156 -1.55049 0.0192146
      vertex 3.43516 -1.50854 0.002141
    endloop
  endfacet
  facet normal -0.258776 0.0169598 -0.965789
    outer loop
      vertex 3.30491 1.5 0.0192146
      vertex 3.17856 1.5 0.0530691
      vertex 3.18131 1.54196 0.0530691
    endloop
  endfacet
  facet normal 0.318795 0.212972 -0.923587
    outer loop
      vertex 8.88303 1.72114 0.103127
      vertex 8.77837 1.66072 0.0530691
      vertex 8.85089 1.76925 0.103127
    endloop
  endfacet
  facet normal 0.343837 0.169594 -0.923588
    outer loop
      vertex 8.79697 1.62301 0.0530691
      vertex 8.77837 1.66072 0.0530691
      vertex 8.88303 1.72114 0.103127
    endloop
  endfacet
  facet normal 0.215632 -0.144084 -0.965786
    outer loop
      vertex 8.75501 -1.69568 0.0530691
      vertex 8.66895 -1.59755 0.0192146
      vertex 8.77837 -1.66072 0.0530691
    endloop
  endfacet
  facet normal 0.24559 -0.0833197 -0.965786
    outer loop
      vertex 8.79697 -1.62301 0.0530691
      vertex 8.68024 -1.57466 0.0192146
      vertex 8.68844 -1.55049 0.0192146
    endloop
  endfacet
  facet normal -0.123797 0.0421828 -0.991411
    outer loop
      vertex 3.43682 1.51693 0.002141
      vertex 3.31976 1.57466 0.0192146
      vertex 3.43958 1.52503 0.002141
    endloop
  endfacet
  facet normal -0.577229 -0.195932 -0.792728
    outer loop
      vertex 2.98672 -1.71261 0.16853
      vertex 2.86312 -1.67065 0.248159
      vertex 2.96336 -1.64379 0.16853
    endloop
  endfacet
  facet normal -0.778712 -0.15491 -0.607956
    outer loop
      vertex 2.69686 -1.7152 0.444429
      vertex 2.67564 -1.60853 0.444429
      vertex 2.77378 -1.69459 0.340653
    endloop
  endfacet
  facet normal -0.87515 -0.297014 -0.381963
    outer loop
      vertex 2.62515 -1.86238 0.67856
      vertex 2.58534 -1.74508 0.67856
      vertex 2.63369 -1.73213 0.557711
    endloop
  endfacet
  facet normal -0.906409 -0.180342 -0.381967
    outer loop
      vertex 2.58534 -1.74508 0.67856
      vertex 2.56117 -1.6236 0.67856
      vertex 2.63369 -1.73213 0.557711
    endloop
  endfacet
  facet normal -0.114664 -0.232597 -0.96579
    outer loop
      vertex 3.37699 -1.79697 0.0530691
      vertex 3.33928 -1.77838 0.0530691
      vertex 3.40245 -1.66895 0.0192146
    endloop
  endfacet
  facet normal -0.169533 -0.343899 -0.923576
    outer loop
      vertex 3.37699 -1.79697 0.0530691
      vertex 3.27886 -1.88303 0.103127
      vertex 3.33928 -1.77838 0.0530691
    endloop
  endfacet
  facet normal -0.376007 -0.0748171 -0.923591
    outer loop
      vertex 3.07278 -1.61447 0.103127
      vertex 3.06149 -1.55773 0.103127
      vertex 3.18131 -1.54196 0.0530691
    endloop
  endfacet
  facet normal -0.382558 -0.0250488 -0.923592
    outer loop
      vertex 3.06149 -1.55773 0.103127
      vertex 3.05771 -1.5 0.103127
      vertex 3.18131 -1.54196 0.0530691
    endloop
  endfacet
  facet normal -0.0420488 0.123853 -0.991409
    outer loop
      vertex 3.47497 1.56042 0.002141
      vertex 3.42534 1.68024 0.0192146
      vertex 3.48307 1.56317 0.002141
    endloop
  endfacet
  facet normal -0.382564 -0.0250727 -0.923589
    outer loop
      vertex 3.18131 -1.54196 0.0530691
      vertex 3.05771 -1.5 0.103127
      vertex 3.17856 -1.5 0.0530691
    endloop
  endfacet
  facet normal -0.254342 -0.0506245 -0.965788
    outer loop
      vertex 3.31156 -1.55049 0.0192146
      vertex 3.18131 -1.54196 0.0530691
      vertex 3.30658 -1.52547 0.0192146
    endloop
  endfacet
  facet normal -0.720442 -0.481427 -0.499191
    outer loop
      vertex 2.78846 -2.04598 0.557711
      vertex 2.72328 -1.94844 0.557711
      vertex 2.84035 -2.00617 0.444429
    endloop
  endfacet
  facet normal -0.694773 -0.609384 -0.382023
    outer loop
      vertex 2.83042 -2.16958 0.67856
      vertex 2.78846 -2.04598 0.557711
      vertex 2.86582 -2.13418 0.557711
    endloop
  endfacet
  facet normal -0.481364 -0.720453 -0.499235
    outer loop
      vertex 3.05156 -2.27672 0.557711
      vertex 2.99383 -2.15965 0.444429
      vertex 3.08426 -2.22007 0.444429
    endloop
  endfacet
  facet normal -0.513473 -0.768397 -0.381983
    outer loop
      vertex 3.02653 -2.32007 0.67856
      vertex 2.95402 -2.21154 0.557711
      vertex 3.05156 -2.27672 0.557711
    endloop
  endfacet
  facet normal 0.338629 -0.506848 -0.792739
    outer loop
      vertex 8.90138 -2.0231 0.248159
      vertex 8.82967 -2.07101 0.248159
      vertex 8.83821 -1.94076 0.16853
    endloop
  endfacet
  facet normal 0.313109 -0.634856 -0.706343
    outer loop
      vertex 8.78772 -2.19461 0.340653
      vertex 8.75232 -2.10916 0.248159
      vertex 8.87592 -2.15111 0.340653
    endloop
  endfacet
  facet normal 0.195932 -0.577229 -0.792728
    outer loop
      vertex 8.67065 -2.13688 0.248159
      vertex 8.64379 -2.03664 0.16853
      vertex 8.71261 -2.01328 0.16853
    endloop
  endfacet
  facet normal 0.160972 -0.474232 -0.865559
    outer loop
      vertex 8.64379 -2.03664 0.16853
      vertex 8.61447 -1.92722 0.103127
      vertex 8.71261 -2.01328 0.16853
    endloop
  endfacet
  facet normal 0.0398632 -0.608267 -0.792731
    outer loop
      vertex 8.58606 -2.15371 0.248159
      vertex 8.5 -2.15935 0.248159
      vertex 8.57252 -2.05082 0.16853
    endloop
  endfacet
  facet normal 0.0398404 -0.608258 -0.792739
    outer loop
      vertex 8.57252 -2.05082 0.16853
      vertex 8.5 -2.15935 0.248159
      vertex 8.5 -2.05557 0.16853
    endloop
  endfacet
  facet normal 0.0505843 -0.254341 -0.965791
    outer loop
      vertex 8.58319 -1.81049 0.0530691
      vertex 8.54196 -1.81869 0.0530691
      vertex 8.55049 -1.68844 0.0192146
    endloop
  endfacet
  facet normal 0.123243 -0.363036 -0.923589
    outer loop
      vertex 8.66926 -1.90862 0.103127
      vertex 8.61447 -1.92722 0.103127
      vertex 8.62301 -1.79697 0.0530691
    endloop
  endfacet
  facet normal 0.288232 -0.252762 -0.923598
    outer loop
      vertex 8.81275 -1.81275 0.103127
      vertex 8.72729 -1.72729 0.0530691
      vertex 8.75501 -1.69568 0.0530691
    endloop
  endfacet
  facet normal 0.288264 -0.252744 -0.923593
    outer loop
      vertex 8.81275 -1.81275 0.103127
      vertex 8.75501 -1.69568 0.0530691
      vertex 8.85089 -1.76925 0.103127
    endloop
  endfacet
  facet normal 0.401906 -0.458301 -0.792737
    outer loop
      vertex 8.90138 -2.0231 0.248159
      vertex 8.83821 -1.94076 0.16853
      vertex 8.96623 -1.96623 0.248159
    endloop
  endfacet
  facet normal 0.313115 -0.634848 -0.706348
    outer loop
      vertex 8.87592 -2.15111 0.340653
      vertex 8.75232 -2.10916 0.248159
      vertex 8.82967 -2.07101 0.248159
    endloop
  endfacet
  facet normal -0.0726648 0.108768 -0.991408
    outer loop
      vertex 3.46019 1.55189 0.002141
      vertex 3.38124 1.65477 0.0192146
      vertex 3.4673 1.55664 0.002141
    endloop
  endfacet
  facet normal 0.0421828 -0.123797 -0.991411
    outer loop
      vertex 8.57466 -1.68024 0.0192146
      vertex 8.51693 -1.56318 0.002141
      vertex 8.52503 -1.56042 0.002141
    endloop
  endfacet
  facet normal 0.0420261 -0.123874 -0.991408
    outer loop
      vertex 8.55049 -1.68844 0.0192146
      vertex 8.51693 -1.56318 0.002141
      vertex 8.57466 -1.68024 0.0192146
    endloop
  endfacet
  facet normal 0.11466 -0.232589 -0.965793
    outer loop
      vertex 8.62301 -1.79697 0.0530691
      vertex 8.59754 -1.66895 0.0192146
      vertex 8.66072 -1.77838 0.0530691
    endloop
  endfacet
  facet normal 0.820519 -0.278525 -0.499172
    outer loop
      vertex 9.3286 -1.84322 0.557711
      vertex 9.26818 -1.81819 0.444429
      vertex 9.30314 -1.7152 0.444429
    endloop
  endfacet
  facet normal 0.77713 -0.383267 -0.499174
    outer loop
      vertex 9.3286 -1.84322 0.557711
      vertex 9.22007 -1.91574 0.444429
      vertex 9.26818 -1.81819 0.444429
    endloop
  endfacet
  facet normal 0.670313 -0.227516 -0.706341
    outer loop
      vertex 9.19461 -1.78772 0.340653
      vertex 9.10916 -1.75232 0.248159
      vertex 9.22622 -1.69459 0.340653
    endloop
  endfacet
  facet normal 0.670312 -0.227514 -0.706342
    outer loop
      vertex 9.22622 -1.69459 0.340653
      vertex 9.10916 -1.75232 0.248159
      vertex 9.13688 -1.67065 0.248159
    endloop
  endfacet
  facet normal 0.866037 0 -0.499981
    outer loop
      vertex 9.39687 -1.5 0.557711
      vertex 9.33147 1.5 0.444429
      vertex 9.39687 1.5 0.557711
    endloop
  endfacet
  facet normal 0.866037 0 -0.499981
    outer loop
      vertex 9.33147 1.5 0.444429
      vertex 9.39687 -1.5 0.557711
      vertex 9.33147 -1.5 0.444429
    endloop
  endfacet
  facet normal 0.474218 -0.160987 -0.865564
    outer loop
      vertex 9.01328 -1.71261 0.16853
      vertex 8.90862 -1.66926 0.103127
      vertex 8.92722 -1.61447 0.103127
    endloop
  endfacet
  facet normal 0.449137 -0.221538 -0.865562
    outer loop
      vertex 9.01328 -1.71261 0.16853
      vertex 8.88303 -1.72114 0.103127
      vertex 8.90862 -1.66926 0.103127
    endloop
  endfacet
  facet normal 0.376042 -0.0747578 -0.923582
    outer loop
      vertex 8.92722 -1.61447 0.103127
      vertex 8.81869 -1.54196 0.0530691
      vertex 8.9385 -1.55773 0.103127
    endloop
  endfacet
  facet normal 0.382577 -0.0251163 -0.923582
    outer loop
      vertex 8.9385 -1.55773 0.103127
      vertex 8.81869 -1.54196 0.0530691
      vertex 8.94229 -1.5 0.103127
    endloop
  endfacet
  facet normal 0.597893 -0.118958 -0.7927
    outer loop
      vertex 9.1537 -1.58606 0.248159
      vertex 9.03664 -1.64379 0.16853
      vertex 9.05082 -1.57252 0.16853
    endloop
  endfacet
  facet normal 0.597873 -0.118882 -0.792726
    outer loop
      vertex 9.13688 -1.67065 0.248159
      vertex 9.03664 -1.64379 0.16853
      vertex 9.1537 -1.58606 0.248159
    endloop
  endfacet
  facet normal 0.1173 0.0578808 -0.991408
    outer loop
      vertex 8.68024 1.57466 0.0192146
      vertex 8.55664 1.5327 0.002141
      vertex 8.66895 1.59754 0.0192146
    endloop
  endfacet
  facet normal 0.232567 0.114759 -0.965786
    outer loop
      vertex 8.68024 1.57466 0.0192146
      vertex 8.66895 1.59754 0.0192146
      vertex 8.79697 1.62301 0.0530691
    endloop
  endfacet
  facet normal 0.474232 0.160972 -0.865559
    outer loop
      vertex 9.03664 1.64379 0.16853
      vertex 8.92722 1.61447 0.103127
      vertex 9.01328 1.71261 0.16853
    endloop
  endfacet
  facet normal 0.608296 0.0399358 -0.792705
    outer loop
      vertex 9.15935 1.5 0.248159
      vertex 9.05082 1.57252 0.16853
      vertex 9.1537 1.58606 0.248159
    endloop
  endfacet
  facet normal 0.694235 0.138113 -0.706373
    outer loop
      vertex 9.24541 1.59813 0.340653
      vertex 9.1537 1.58606 0.248159
      vertex 9.22622 1.69459 0.340653
    endloop
  endfacet
  facet normal 0.660218 0.44107 -0.607922
    outer loop
      vertex 9.22007 1.91573 0.444429
      vertex 9.15111 1.87592 0.340653
      vertex 9.15965 2.00617 0.444429
    endloop
  endfacet
  facet normal 0.254341 0.0505843 -0.965791
    outer loop
      vertex 8.81869 1.54196 0.0530691
      vertex 8.68844 1.55049 0.0192146
      vertex 8.81049 1.58319 0.0530691
    endloop
  endfacet
  facet normal 0.245556 0.083373 -0.965791
    outer loop
      vertex 8.81049 1.58319 0.0530691
      vertex 8.68844 1.55049 0.0192146
      vertex 8.79697 1.62301 0.0530691
    endloop
  endfacet
  facet normal 0.252762 0.288232 -0.923598
    outer loop
      vertex 8.72729 1.72729 0.0530691
      vertex 8.69568 1.75501 0.0530691
      vertex 8.81275 1.81275 0.103127
    endloop
  endfacet
  facet normal 0.288232 0.252762 -0.923598
    outer loop
      vertex 8.75501 1.69568 0.0530691
      vertex 8.72729 1.72729 0.0530691
      vertex 8.81275 1.81275 0.103127
    endloop
  endfacet
  facet normal 0.0604344 -0.922184 -0.382002
    outer loop
      vertex 8.6236 -2.43883 0.67856
      vertex 8.5 -2.44693 0.67856
      vertex 8.5 -2.39687 0.557711
    endloop
  endfacet
  facet normal 0.0604236 -0.922188 -0.381992
    outer loop
      vertex 8.6236 -2.43883 0.67856
      vertex 8.5 -2.39687 0.557711
      vertex 8.61706 -2.3892 0.557711
    endloop
  endfacet
  facet normal -0.720462 0.481317 -0.499268
    outer loop
      vertex 2.77993 1.91573 0.444429
      vertex 2.72328 1.94844 0.557711
      vertex 2.84035 2.00617 0.444429
    endloop
  endfacet
  facet normal -0.660218 0.44107 -0.607922
    outer loop
      vertex 2.84889 1.87592 0.340653
      vertex 2.77993 1.91573 0.444429
      vertex 2.84035 2.00617 0.444429
    endloop
  endfacet
  facet normal -0.499742 0.0327217 -0.865556
    outer loop
      vertex 3.05771 1.5 0.103127
      vertex 2.94918 1.57252 0.16853
      vertex 3.06149 1.55773 0.103127
    endloop
  endfacet
  facet normal -0.499736 0.0327323 -0.865559
    outer loop
      vertex 3.05771 1.5 0.103127
      vertex 2.94443 1.5 0.16853
      vertex 2.94918 1.57252 0.16853
    endloop
  endfacet
  facet normal -0.866037 0 -0.499981
    outer loop
      vertex 2.66853 -1.5 0.444429
      vertex 2.60313 1.5 0.557711
      vertex 2.66853 1.5 0.444429
    endloop
  endfacet
  facet normal -0.866037 -0 -0.499981
    outer loop
      vertex 2.60313 1.5 0.557711
      vertex 2.66853 -1.5 0.444429
      vertex 2.60313 -1.5 0.557711
    endloop
  endfacet
  facet normal -0.849855 0.169055 -0.499167
    outer loop
      vertex 2.67564 1.60853 0.444429
      vertex 2.6108 1.61706 0.557711
      vertex 2.63369 1.73213 0.557711
    endloop
  endfacet
  facet normal -0.864649 0.0566535 -0.499171
    outer loop
      vertex 2.67564 1.60853 0.444429
      vertex 2.60313 1.5 0.557711
      vertex 2.6108 1.61706 0.557711
    endloop
  endfacet
  facet normal -0.550851 0.824378 -0.130244
    outer loop
      vertex 2.90294 2.27811 0.804909
      vertex 2.89254 2.29165 0.934596
      vertex 3.00107 2.36417 0.934596
    endloop
  endfacet
  facet normal -0.55081 0.824399 -0.130289
    outer loop
      vertex 3.00961 2.34938 0.804909
      vertex 2.90294 2.27811 0.804909
      vertex 3.00107 2.36417 0.934596
    endloop
  endfacet
  facet normal -0.726335 0.636957 -0.258309
    outer loop
      vertex 2.74875 2.07645 0.67856
      vertex 2.72189 2.09706 0.804909
      vertex 2.83042 2.16958 0.67856
    endloop
  endfacet
  facet normal -0.694846 0.609343 -0.381956
    outer loop
      vertex 2.78846 2.04598 0.557711
      vertex 2.74875 2.07645 0.67856
      vertex 2.83042 2.16958 0.67856
    endloop
  endfacet
  facet normal -0.571318 0.651467 -0.499186
    outer loop
      vertex 2.99383 2.15965 0.444429
      vertex 2.91206 2.08794 0.444429
      vertex 2.95402 2.21154 0.557711
    endloop
  endfacet
  facet normal -0.481377 0.720477 -0.499189
    outer loop
      vertex 2.99383 2.15965 0.444429
      vertex 2.95402 2.21154 0.557711
      vertex 3.05156 2.27671 0.557711
    endloop
  endfacet
  facet normal -0.441093 0.66018 -0.607947
    outer loop
      vertex 3.12408 2.15111 0.340653
      vertex 2.99383 2.15965 0.444429
      vertex 3.08426 2.22007 0.444429
    endloop
  endfacet
  facet normal -0.48138 0.720476 -0.499187
    outer loop
      vertex 3.08426 2.22007 0.444429
      vertex 2.99383 2.15965 0.444429
      vertex 3.05156 2.27671 0.557711
    endloop
  endfacet
  facet normal -0.651446 -0.571382 -0.49914
    outer loop
      vertex 2.86582 -2.13418 0.557711
      vertex 2.78846 -2.04598 0.557711
      vertex 2.91206 -2.08794 0.444429
    endloop
  endfacet
  facet normal -0.393298 -0.588579 -0.706323
    outer loop
      vertex 3.12408 -2.15111 0.340653
      vertex 3.04231 -2.09647 0.340653
      vertex 3.09862 -2.0231 0.248159
    endloop
  endfacet
  facet normal -0.313109 -0.634856 -0.706343
    outer loop
      vertex 3.21228 -2.19461 0.340653
      vertex 3.12408 -2.15111 0.340653
      vertex 3.24768 -2.10916 0.248159
    endloop
  endfacet
  facet normal -0.313115 -0.634848 -0.706348
    outer loop
      vertex 3.24768 -2.10916 0.248159
      vertex 3.12408 -2.15111 0.340653
      vertex 3.17033 -2.07101 0.248159
    endloop
  endfacet
  facet normal -0.255193 -0.751854 -0.607941
    outer loop
      vertex 3.30541 -2.22622 0.340653
      vertex 3.18181 -2.26818 0.444429
      vertex 3.21228 -2.19461 0.340653
    endloop
  endfacet
  facet normal -0.227516 -0.670313 -0.706341
    outer loop
      vertex 3.30541 -2.22622 0.340653
      vertex 3.21228 -2.19461 0.340653
      vertex 3.24768 -2.10916 0.248159
    endloop
  endfacet
  facet normal -0.597857 -0.118949 -0.792728
    outer loop
      vertex 2.86312 -1.67065 0.248159
      vertex 2.84629 -1.58606 0.248159
      vertex 2.96336 -1.64379 0.16853
    endloop
  endfacet
  facet normal -0.506848 -0.338629 -0.792739
    outer loop
      vertex 2.9769 -1.90138 0.248159
      vertex 2.92899 -1.82967 0.248159
      vertex 3.05924 -1.83821 0.16853
    endloop
  endfacet
  facet normal -0.123243 -0.363036 -0.923589
    outer loop
      vertex 3.38553 -1.92722 0.103127
      vertex 3.33074 -1.90862 0.103127
      vertex 3.37699 -1.79697 0.0530691
    endloop
  endfacet
  facet normal -0.338629 -0.506848 -0.792739
    outer loop
      vertex 3.17033 -2.07101 0.248159
      vertex 3.09862 -2.0231 0.248159
      vertex 3.16179 -1.94076 0.16853
    endloop
  endfacet
  facet normal 0.546694 0.269637 -0.79273
    outer loop
      vertex 9.10916 1.75232 0.248159
      vertex 9.01328 1.71261 0.16853
      vertex 9.07101 1.82967 0.248159
    endloop
  endfacet
  facet normal 0.449137 0.221538 -0.865562
    outer loop
      vertex 8.90862 1.66926 0.103127
      vertex 8.88303 1.72114 0.103127
      vertex 9.01328 1.71261 0.16853
    endloop
  endfacet
  facet normal 0.227514 0.670312 -0.706342
    outer loop
      vertex 8.75232 2.10916 0.248159
      vertex 8.67065 2.13688 0.248159
      vertex 8.69459 2.22622 0.340653
    endloop
  endfacet
  facet normal 0.227516 0.670313 -0.706341
    outer loop
      vertex 8.75232 2.10916 0.248159
      vertex 8.69459 2.22622 0.340653
      vertex 8.78772 2.19461 0.340653
    endloop
  endfacet
  facet normal 0.506839 0.338694 -0.792718
    outer loop
      vertex 9.07101 1.82967 0.248159
      vertex 8.94076 1.83821 0.16853
      vertex 9.02309 1.90138 0.248159
    endloop
  endfacet
  facet normal 0.338677 0.506841 -0.792723
    outer loop
      vertex 8.83821 1.94076 0.16853
      vertex 8.77778 1.98114 0.16853
      vertex 8.82967 2.07101 0.248159
    endloop
  endfacet
  facet normal 0.651446 0.571382 -0.49914
    outer loop
      vertex 9.21154 2.04598 0.557711
      vertex 9.08794 2.08794 0.444429
      vertex 9.13418 2.13418 0.557711
    endloop
  endfacet
  facet normal 0.651467 0.571318 -0.499186
    outer loop
      vertex 9.15965 2.00617 0.444429
      vertex 9.08794 2.08794 0.444429
      vertex 9.21154 2.04598 0.557711
    endloop
  endfacet
  facet normal -0.363036 0.123243 -0.923589
    outer loop
      vertex 3.20303 1.62301 0.0530691
      vertex 3.07278 1.61447 0.103127
      vertex 3.09138 1.66926 0.103127
    endloop
  endfacet
  facet normal -0.474218 0.160987 -0.865564
    outer loop
      vertex 3.07278 1.61447 0.103127
      vertex 2.98672 1.71261 0.16853
      vertex 3.09138 1.66926 0.103127
    endloop
  endfacet
  facet normal -0.416436 0.278201 -0.865555
    outer loop
      vertex 3.11697 1.72114 0.103127
      vertex 3.05924 1.83821 0.16853
      vertex 3.14911 1.76925 0.103127
    endloop
  endfacet
  facet normal -0.252744 0.288264 -0.923593
    outer loop
      vertex 3.30432 1.75501 0.0530691
      vertex 3.18725 1.81275 0.103127
      vertex 3.23075 1.85089 0.103127
    endloop
  endfacet
  facet normal -0.343899 0.169533 -0.923576
    outer loop
      vertex 3.20303 1.62301 0.0530691
      vertex 3.11697 1.72114 0.103127
      vertex 3.22162 1.66072 0.0530691
    endloop
  endfacet
  facet normal -0.318814 0.212984 -0.923578
    outer loop
      vertex 3.22162 1.66072 0.0530691
      vertex 3.11697 1.72114 0.103127
      vertex 3.14911 1.76925 0.103127
    endloop
  endfacet
  facet normal -0.128331 0.0253909 -0.991406
    outer loop
      vertex 3.43516 1.50854 0.002141
      vertex 3.31156 1.55049 0.0192146
      vertex 3.43682 1.51693 0.002141
    endloop
  endfacet
  facet normal -0.376026 0.0747856 -0.923586
    outer loop
      vertex 3.18131 1.54196 0.0530691
      vertex 3.07278 1.61447 0.103127
      vertex 3.18951 1.58319 0.0530691
    endloop
  endfacet
  facet normal -0.382685 0 -0.923879
    outer loop
      vertex 3.05771 -1.5 0.103127
      vertex 3.17856 1.5 0.0530691
      vertex 3.17856 -1.5 0.0530691
    endloop
  endfacet
  facet normal -0.382685 0 -0.923879
    outer loop
      vertex 3.17856 1.5 0.0530691
      vertex 3.05771 -1.5 0.103127
      vertex 3.05771 1.5 0.103127
    endloop
  endfacet
  facet normal -0.123797 -0.0421828 -0.991411
    outer loop
      vertex 3.43958 -1.52503 0.002141
      vertex 3.31976 -1.57466 0.0192146
      vertex 3.43682 -1.51693 0.002141
    endloop
  endfacet
  facet normal 0.130518 -0.00855858 -0.991409
    outer loop
      vertex 8.69509 -1.5 0.0192146
      vertex 8.56484 -1.50854 0.002141
      vertex 8.5654 -1.5 0.002141
    endloop
  endfacet
  facet normal -0.0250727 0.382564 -0.923589
    outer loop
      vertex 3.5 1.82144 0.0530691
      vertex 3.45804 1.81869 0.0530691
      vertex 3.5 1.94229 0.103127
    endloop
  endfacet
  facet normal -0.0169598 0.258776 -0.965789
    outer loop
      vertex 3.5 1.69509 0.0192146
      vertex 3.45804 1.81869 0.0530691
      vertex 3.5 1.82144 0.0530691
    endloop
  endfacet
  facet normal 0.0747578 0.376042 -0.923582
    outer loop
      vertex 8.61447 1.92722 0.103127
      vertex 8.54196 1.81869 0.0530691
      vertex 8.55773 1.9385 0.103127
    endloop
  endfacet
  facet normal 0.0251163 0.382577 -0.923582
    outer loop
      vertex 8.54196 1.81869 0.0530691
      vertex 8.5 1.94229 0.103127
      vertex 8.55773 1.9385 0.103127
    endloop
  endfacet
  facet normal 0.221502 0.449138 -0.86557
    outer loop
      vertex 8.72114 1.88303 0.103127
      vertex 8.71261 2.01328 0.16853
      vertex 8.77778 1.98114 0.16853
    endloop
  endfacet
  facet normal 0.169597 0.343834 -0.923588
    outer loop
      vertex 8.72114 1.88303 0.103127
      vertex 8.62301 1.79697 0.0530691
      vertex 8.66926 1.90862 0.103127
    endloop
  endfacet
  facet normal 0.215617 0.144083 -0.96579
    outer loop
      vertex 8.66895 1.59754 0.0192146
      vertex 8.65477 1.61876 0.0192146
      vertex 8.75501 1.69568 0.0530691
    endloop
  endfacet
  facet normal 0.108758 0.072676 -0.991408
    outer loop
      vertex 8.66895 1.59754 0.0192146
      vertex 8.55664 1.5327 0.002141
      vertex 8.65477 1.61876 0.0192146
    endloop
  endfacet
  facet normal 0.215583 -0.144128 -0.96579
    outer loop
      vertex 8.75501 -1.69568 0.0530691
      vertex 8.65477 -1.61876 0.0192146
      vertex 8.66895 -1.59755 0.0192146
    endloop
  endfacet
  facet normal 0.195016 -0.170931 -0.965791
    outer loop
      vertex 8.75501 -1.69568 0.0530691
      vertex 8.63795 -1.63795 0.0192146
      vertex 8.65477 -1.61876 0.0192146
    endloop
  endfacet
  facet normal 0.0833197 -0.24559 -0.965786
    outer loop
      vertex 8.62301 -1.79697 0.0530691
      vertex 8.55049 -1.68844 0.0192146
      vertex 8.57466 -1.68024 0.0192146
    endloop
  endfacet
  facet normal -0.864648 -0.0566486 -0.499175
    outer loop
      vertex 2.6108 -1.61707 0.557711
      vertex 2.60313 -1.5 0.557711
      vertex 2.67564 -1.60853 0.444429
    endloop
  endfacet
  facet normal -0.864646 -0.0566446 -0.499178
    outer loop
      vertex 2.67564 -1.60853 0.444429
      vertex 2.60313 -1.5 0.557711
      vertex 2.66853 -1.5 0.444429
    endloop
  endfacet
  facet normal -0.0833197 -0.24559 -0.965786
    outer loop
      vertex 3.44951 -1.68844 0.0192146
      vertex 3.37699 -1.79697 0.0530691
      vertex 3.42534 -1.68024 0.0192146
    endloop
  endfacet
  facet normal -0.0505843 -0.254341 -0.965791
    outer loop
      vertex 3.45804 -1.81869 0.0530691
      vertex 3.41681 -1.81049 0.0530691
      vertex 3.44951 -1.68844 0.0192146
    endloop
  endfacet
  facet normal -0.0977334 -0.491177 -0.865559
    outer loop
      vertex 3.44227 -1.93851 0.103127
      vertex 3.35621 -2.03664 0.16853
      vertex 3.38553 -1.92722 0.103127
    endloop
  endfacet
  facet normal -0.108761 -0.0726602 -0.991409
    outer loop
      vertex 3.44811 -1.53981 0.002141
      vertex 3.34522 -1.61876 0.0192146
      vertex 3.44336 -1.5327 0.002141
    endloop
  endfacet
  facet normal -0.213008 -0.318782 -0.923583
    outer loop
      vertex 3.33928 -1.77838 0.0530691
      vertex 3.23075 -1.85089 0.103127
      vertex 3.30432 -1.75502 0.0530691
    endloop
  endfacet
  facet normal -0.212984 -0.318814 -0.923578
    outer loop
      vertex 3.27886 -1.88303 0.103127
      vertex 3.23075 -1.85089 0.103127
      vertex 3.33928 -1.77838 0.0530691
    endloop
  endfacet
  facet normal -0.117307 -0.0578592 -0.991409
    outer loop
      vertex 3.33105 -1.59755 0.0192146
      vertex 3.31976 -1.57466 0.0192146
      vertex 3.44336 -1.5327 0.002141
    endloop
  endfacet
  facet normal -0.194952 -0.171023 -0.965787
    outer loop
      vertex 3.27271 -1.72729 0.0530691
      vertex 3.24498 -1.69568 0.0530691
      vertex 3.36205 -1.63795 0.0192146
    endloop
  endfacet
  facet normal -0.254341 -0.0505843 -0.965791
    outer loop
      vertex 3.18951 -1.58319 0.0530691
      vertex 3.18131 -1.54196 0.0530691
      vertex 3.31156 -1.55049 0.0192146
    endloop
  endfacet
  facet normal -0.597857 -0.118951 -0.792728
    outer loop
      vertex 2.96336 -1.64379 0.16853
      vertex 2.84629 -1.58606 0.248159
      vertex 2.94918 -1.57252 0.16853
    endloop
  endfacet
  facet normal -0.828878 -0.408688 -0.382015
    outer loop
      vertex 2.72328 -1.94844 0.557711
      vertex 2.62515 -1.86238 0.67856
      vertex 2.6714 -1.84322 0.557711
    endloop
  endfacet
  facet normal -0.820519 -0.278525 -0.499172
    outer loop
      vertex 2.73182 -1.81819 0.444429
      vertex 2.6714 -1.84322 0.557711
      vertex 2.69686 -1.7152 0.444429
    endloop
  endfacet
  facet normal 0.269637 -0.546694 -0.79273
    outer loop
      vertex 8.75232 -2.10916 0.248159
      vertex 8.71261 -2.01328 0.16853
      vertex 8.82967 -2.07101 0.248159
    endloop
  endfacet
  facet normal 0.269623 -0.546712 -0.792723
    outer loop
      vertex 8.82967 -2.07101 0.248159
      vertex 8.71261 -2.01328 0.16853
      vertex 8.77778 -1.98114 0.16853
    endloop
  endfacet
  facet normal 0.123261 -0.363036 -0.923586
    outer loop
      vertex 8.61447 -1.92722 0.103127
      vertex 8.58319 -1.81049 0.0530691
      vertex 8.62301 -1.79697 0.0530691
    endloop
  endfacet
  facet normal 0.0747856 -0.376026 -0.923586
    outer loop
      vertex 8.61447 -1.92722 0.103127
      vertex 8.54196 -1.81869 0.0530691
      vertex 8.58319 -1.81049 0.0530691
    endloop
  endfacet
  facet normal 0.025524 -0.128286 -0.991409
    outer loop
      vertex 8.52546 -1.69342 0.0192146
      vertex 8.50854 -1.56484 0.002141
      vertex 8.55049 -1.68844 0.0192146
    endloop
  endfacet
  facet normal 0.00855861 -0.130519 -0.991409
    outer loop
      vertex 8.52546 -1.69342 0.0192146
      vertex 8.5 -1.5654 0.002141
      vertex 8.50854 -1.56484 0.002141
    endloop
  endfacet
  facet normal 0.0726391 -0.108779 -0.991408
    outer loop
      vertex 8.59754 -1.66895 0.0192146
      vertex 8.5327 -1.55664 0.002141
      vertex 8.61876 -1.65478 0.0192146
    endloop
  endfacet
  facet normal 0.144016 -0.215668 -0.965788
    outer loop
      vertex 8.69568 -1.75502 0.0530691
      vertex 8.59754 -1.66895 0.0192146
      vertex 8.61876 -1.65478 0.0192146
    endloop
  endfacet
  facet normal -0.108779 0.0726391 -0.991408
    outer loop
      vertex 3.44336 1.5327 0.002141
      vertex 3.33105 1.59754 0.0192146
      vertex 3.34522 1.61876 0.0192146
    endloop
  endfacet
  facet normal 0.694235 -0.138113 -0.706373
    outer loop
      vertex 9.22622 -1.69459 0.340653
      vertex 9.1537 -1.58606 0.248159
      vertex 9.24541 -1.59813 0.340653
    endloop
  endfacet
  facet normal 0.706323 -0.046282 -0.706375
    outer loop
      vertex 9.24541 -1.59813 0.340653
      vertex 9.1537 -1.58606 0.248159
      vertex 9.25184 -1.5 0.340653
    endloop
  endfacet
  facet normal -0.0726977 0.108739 -0.991409
    outer loop
      vertex 3.4673 1.55664 0.002141
      vertex 3.38124 1.65477 0.0192146
      vertex 3.40245 1.66895 0.0192146
    endloop
  endfacet
  facet normal 0.712079 0.351221 -0.607937
    outer loop
      vertex 9.26818 1.81819 0.444429
      vertex 9.19461 1.78772 0.340653
      vertex 9.22007 1.91573 0.444429
    endloop
  endfacet
  facet normal 0.778714 0.154919 -0.60795
    outer loop
      vertex 9.24541 1.59813 0.340653
      vertex 9.22622 1.69459 0.340653
      vertex 9.32436 1.60853 0.444429
    endloop
  endfacet
  facet normal 0.820519 0.278525 -0.499172
    outer loop
      vertex 9.30314 1.7152 0.444429
      vertex 9.26818 1.81819 0.444429
      vertex 9.3286 1.84322 0.557711
    endloop
  endfacet
  facet normal 0.820516 0.278528 -0.499175
    outer loop
      vertex 9.36631 1.73213 0.557711
      vertex 9.30314 1.7152 0.444429
      vertex 9.3286 1.84322 0.557711
    endloop
  endfacet
  facet normal 0.707122 0 -0.707091
    outer loop
      vertex 9.25184 -1.5 0.340653
      vertex 9.15935 1.5 0.248159
      vertex 9.25184 1.5 0.340653
    endloop
  endfacet
  facet normal 0.707122 0 -0.707091
    outer loop
      vertex 9.15935 1.5 0.248159
      vertex 9.25184 -1.5 0.340653
      vertex 9.15935 -1.5 0.248159
    endloop
  endfacet
  facet normal 0.608741 0 -0.793369
    outer loop
      vertex 9.05557 -1.5 0.16853
      vertex 9.15935 1.5 0.248159
      vertex 9.15935 -1.5 0.248159
    endloop
  endfacet
  facet normal 0.608741 0 -0.793369
    outer loop
      vertex 9.15935 1.5 0.248159
      vertex 9.05557 -1.5 0.16853
      vertex 9.05557 1.5 0.16853
    endloop
  endfacet
  facet normal 0.499736 0.0327323 -0.865559
    outer loop
      vertex 9.05557 1.5 0.16853
      vertex 8.94229 1.5 0.103127
      vertex 9.05082 1.57252 0.16853
    endloop
  endfacet
  facet normal 0.499699 0.0328055 -0.865578
    outer loop
      vertex 8.94229 1.5 0.103127
      vertex 8.9385 1.55773 0.103127
      vertex 9.05082 1.57252 0.16853
    endloop
  endfacet
  facet normal -0.596938 0.523498 -0.60796
    outer loop
      vertex 2.96837 2.03163 0.340653
      vertex 2.84035 2.00617 0.444429
      vertex 2.91206 2.08794 0.444429
    endloop
  endfacet
  facet normal -0.596944 0.523476 -0.607973
    outer loop
      vertex 2.90353 1.95769 0.340653
      vertex 2.84035 2.00617 0.444429
      vertex 2.96837 2.03163 0.340653
    endloop
  endfacet
  facet normal -0.751854 0.255193 -0.607941
    outer loop
      vertex 2.77378 1.69459 0.340653
      vertex 2.73182 1.81819 0.444429
      vertex 2.80539 1.78772 0.340653
    endloop
  endfacet
  facet normal -0.751836 0.255211 -0.607955
    outer loop
      vertex 2.77378 1.69459 0.340653
      vertex 2.69686 1.7152 0.444429
      vertex 2.73182 1.81819 0.444429
    endloop
  endfacet
  facet normal -0.441093 -0.66018 -0.607947
    outer loop
      vertex 3.08426 -2.22007 0.444429
      vertex 2.99383 -2.15965 0.444429
      vertex 3.12408 -2.15111 0.340653
    endloop
  endfacet
  facet normal -0.466726 -0.532229 -0.706327
    outer loop
      vertex 3.04231 -2.09647 0.340653
      vertex 2.96837 -2.03163 0.340653
      vertex 3.09862 -2.0231 0.248159
    endloop
  endfacet
  facet normal -0.588579 -0.393298 -0.706323
    outer loop
      vertex 2.90353 -1.95769 0.340653
      vertex 2.84889 -1.87592 0.340653
      vertex 2.9769 -1.90138 0.248159
    endloop
  endfacet
  facet normal -0.532229 -0.466726 -0.706327
    outer loop
      vertex 2.96837 -2.03163 0.340653
      vertex 2.90353 -1.95769 0.340653
      vertex 2.9769 -1.90138 0.248159
    endloop
  endfacet
  facet normal -0.343834 -0.169597 -0.923588
    outer loop
      vertex 3.11697 -1.72114 0.103127
      vertex 3.09138 -1.66926 0.103127
      vertex 3.20303 -1.62301 0.0530691
    endloop
  endfacet
  facet normal -0.46673 -0.532221 -0.706331
    outer loop
      vertex 3.09862 -2.0231 0.248159
      vertex 2.96837 -2.03163 0.340653
      vertex 3.03377 -1.96623 0.248159
    endloop
  endfacet
  facet normal -0.195919 -0.577227 -0.792732
    outer loop
      vertex 3.32935 -2.13688 0.248159
      vertex 3.24768 -2.10916 0.248159
      vertex 3.28739 -2.01328 0.16853
    endloop
  endfacet
  facet normal -0.269637 -0.546694 -0.79273
    outer loop
      vertex 3.24768 -2.10916 0.248159
      vertex 3.17033 -2.07101 0.248159
      vertex 3.28739 -2.01328 0.16853
    endloop
  endfacet
  facet normal -0.751854 -0.255193 -0.607941
    outer loop
      vertex 2.80539 -1.78772 0.340653
      vertex 2.73182 -1.81819 0.444429
      vertex 2.77378 -1.69459 0.340653
    endloop
  endfacet
  facet normal -0.670313 -0.227516 -0.706341
    outer loop
      vertex 2.80539 -1.78772 0.340653
      vertex 2.77378 -1.69459 0.340653
      vertex 2.89084 -1.75232 0.248159
    endloop
  endfacet
  facet normal -0.458301 -0.401906 -0.792737
    outer loop
      vertex 3.03377 -1.96623 0.248159
      vertex 2.9769 -1.90138 0.248159
      vertex 3.05924 -1.83821 0.16853
    endloop
  endfacet
  facet normal -0.546694 -0.269637 -0.79273
    outer loop
      vertex 2.92899 -1.82967 0.248159
      vertex 2.89084 -1.75232 0.248159
      vertex 2.98672 -1.71261 0.16853
    endloop
  endfacet
  facet normal 0.269623 0.546712 -0.792723
    outer loop
      vertex 8.77778 1.98114 0.16853
      vertex 8.71261 2.01328 0.16853
      vertex 8.82967 2.07101 0.248159
    endloop
  endfacet
  facet normal 0.269637 0.546694 -0.79273
    outer loop
      vertex 8.82967 2.07101 0.248159
      vertex 8.71261 2.01328 0.16853
      vertex 8.75232 2.10916 0.248159
    endloop
  endfacet
  facet normal 0.523476 0.596944 -0.607973
    outer loop
      vertex 9.03163 2.03163 0.340653
      vertex 8.95769 2.09647 0.340653
      vertex 9.00617 2.15965 0.444429
    endloop
  endfacet
  facet normal 0.466685 0.532264 -0.706329
    outer loop
      vertex 8.96623 1.96623 0.248159
      vertex 8.90138 2.02309 0.248159
      vertex 9.03163 2.03163 0.340653
    endloop
  endfacet
  facet normal 0.393297 0.58855 -0.706347
    outer loop
      vertex 8.90138 2.02309 0.248159
      vertex 8.82967 2.07101 0.248159
      vertex 8.87592 2.15111 0.340653
    endloop
  endfacet
  facet normal 0.338694 0.506839 -0.792718
    outer loop
      vertex 8.83821 1.94076 0.16853
      vertex 8.82967 2.07101 0.248159
      vertex 8.90138 2.02309 0.248159
    endloop
  endfacet
  facet normal -0.288184 0.252811 -0.9236
    outer loop
      vertex 3.24498 1.69568 0.0530691
      vertex 3.18725 1.81275 0.103127
      vertex 3.27271 1.72729 0.0530691
    endloop
  endfacet
  facet normal -0.252762 0.288232 -0.923598
    outer loop
      vertex 3.27271 1.72729 0.0530691
      vertex 3.18725 1.81275 0.103127
      vertex 3.30432 1.75501 0.0530691
    endloop
  endfacet
  facet normal -0.245556 0.083373 -0.965791
    outer loop
      vertex 3.31156 1.55049 0.0192146
      vertex 3.18951 1.58319 0.0530691
      vertex 3.20303 1.62301 0.0530691
    endloop
  endfacet
  facet normal -0.0862206 0.0983694 -0.991408
    outer loop
      vertex 3.45375 1.54625 0.002141
      vertex 3.36205 1.63795 0.0192146
      vertex 3.38124 1.65477 0.0192146
    endloop
  endfacet
  facet normal -0.24559 0.0833197 -0.965786
    outer loop
      vertex 3.31156 1.55049 0.0192146
      vertex 3.20303 1.62301 0.0530691
      vertex 3.31976 1.57466 0.0192146
    endloop
  endfacet
  facet normal -0.144128 0.215583 -0.96579
    outer loop
      vertex 3.38124 1.65477 0.0192146
      vertex 3.30432 1.75501 0.0530691
      vertex 3.40245 1.66895 0.0192146
    endloop
  endfacet
  facet normal 0.278201 0.416436 -0.865555
    outer loop
      vertex 8.76925 1.85089 0.103127
      vertex 8.72114 1.88303 0.103127
      vertex 8.83821 1.94076 0.16853
    endloop
  endfacet
  facet normal 0.212972 0.318795 -0.923587
    outer loop
      vertex 8.76925 1.85089 0.103127
      vertex 8.66072 1.77837 0.0530691
      vertex 8.72114 1.88303 0.103127
    endloop
  endfacet
  facet normal 0.117307 -0.0578592 -0.991409
    outer loop
      vertex 8.66895 -1.59755 0.0192146
      vertex 8.55664 -1.5327 0.002141
      vertex 8.68024 -1.57466 0.0192146
    endloop
  endfacet
  facet normal 0.117321 -0.0578191 -0.99141
    outer loop
      vertex 8.68024 -1.57466 0.0192146
      vertex 8.55664 -1.5327 0.002141
      vertex 8.56042 -1.52503 0.002141
    endloop
  endfacet
  facet normal -0.792279 -0.0519143 -0.607947
    outer loop
      vertex 2.75459 -1.59813 0.340653
      vertex 2.67564 -1.60853 0.444429
      vertex 2.74816 -1.5 0.340653
    endloop
  endfacet
  facet normal -0.694263 -0.13813 -0.706341
    outer loop
      vertex 2.86312 -1.67065 0.248159
      vertex 2.77378 -1.69459 0.340653
      vertex 2.84629 -1.58606 0.248159
    endloop
  endfacet
  facet normal -0.820516 -0.278528 -0.499175
    outer loop
      vertex 2.6714 -1.84322 0.557711
      vertex 2.63369 -1.73213 0.557711
      vertex 2.69686 -1.7152 0.444429
    endloop
  endfacet
  facet normal -0.84985 -0.169062 -0.499172
    outer loop
      vertex 2.69686 -1.7152 0.444429
      vertex 2.63369 -1.73213 0.557711
      vertex 2.67564 -1.60853 0.444429
    endloop
  endfacet
  facet normal -0.0747856 -0.376026 -0.923586
    outer loop
      vertex 3.45804 -1.81869 0.0530691
      vertex 3.38553 -1.92722 0.103127
      vertex 3.41681 -1.81049 0.0530691
    endloop
  endfacet
  facet normal -0.123261 -0.363036 -0.923586
    outer loop
      vertex 3.38553 -1.92722 0.103127
      vertex 3.37699 -1.79697 0.0530691
      vertex 3.41681 -1.81049 0.0530691
    endloop
  endfacet
  facet normal -0.278201 -0.416436 -0.865555
    outer loop
      vertex 3.27886 -1.88303 0.103127
      vertex 3.16179 -1.94076 0.16853
      vertex 3.23075 -1.85089 0.103127
    endloop
  endfacet
  facet normal -0.330179 -0.37656 -0.865554
    outer loop
      vertex 3.16179 -1.94076 0.16853
      vertex 3.10715 -1.89285 0.16853
      vertex 3.18725 -1.81275 0.103127
    endloop
  endfacet
  facet normal -0.221538 -0.449137 -0.865562
    outer loop
      vertex 3.28739 -2.01328 0.16853
      vertex 3.27886 -1.88303 0.103127
      vertex 3.33074 -1.90862 0.103127
    endloop
  endfacet
  facet normal -0.169597 -0.343834 -0.923588
    outer loop
      vertex 3.33074 -1.90862 0.103127
      vertex 3.27886 -1.88303 0.103127
      vertex 3.37699 -1.79697 0.0530691
    endloop
  endfacet
  facet normal -0.215619 -0.144075 -0.96579
    outer loop
      vertex 3.24498 -1.69568 0.0530691
      vertex 3.22162 -1.66072 0.0530691
      vertex 3.33105 -1.59755 0.0192146
    endloop
  endfacet
  facet normal -0.232585 -0.114718 -0.965787
    outer loop
      vertex 3.33105 -1.59755 0.0192146
      vertex 3.20303 -1.62301 0.0530691
      vertex 3.31976 -1.57466 0.0192146
    endloop
  endfacet
  facet normal -0.245556 -0.083373 -0.965791
    outer loop
      vertex 3.20303 -1.62301 0.0530691
      vertex 3.18951 -1.58319 0.0530691
      vertex 3.31156 -1.55049 0.0192146
    endloop
  endfacet
  facet normal -0.24559 -0.0833197 -0.965786
    outer loop
      vertex 3.31976 -1.57466 0.0192146
      vertex 3.20303 -1.62301 0.0530691
      vertex 3.31156 -1.55049 0.0192146
    endloop
  endfacet
  facet normal 0 0 -1
    outer loop
      vertex 8.5 -1.5654 0.002141
      vertex 8.5654 -1.5 0.002141
      vertex 8.56484 -1.50854 0.002141
    endloop
  endfacet
  facet normal -0 0 -1
    outer loop
      vertex 8.5654 -1.5 0.002141
      vertex 8.5 -1.5654 0.002141
      vertex 8.5654 1.5 0.002141
    endloop
  endfacet
  facet normal 0 0 -1
    outer loop
      vertex 8.5 -1.5654 0.002141
      vertex 8.56484 -1.50854 0.002141
      vertex 8.56317 -1.51693 0.002141
    endloop
  endfacet
  facet normal 0 0 -1
    outer loop
      vertex 8.5 1.5654 0.002141
      vertex 8.5654 1.5 0.002141
      vertex 8.5 -1.5654 0.002141
    endloop
  endfacet
  facet normal 0 0 -1
    outer loop
      vertex 8.5 -1.5654 0.002141
      vertex 8.56317 -1.51693 0.002141
      vertex 8.56042 -1.52503 0.002141
    endloop
  endfacet
  facet normal 0 0 -1
    outer loop
      vertex 8.5654 1.5 0.002141
      vertex 8.5 1.5654 0.002141
      vertex 8.56484 1.50854 0.002141
    endloop
  endfacet
  facet normal 0 0 -1
    outer loop
      vertex 8.5 -1.5654 0.002141
      vertex 8.56042 -1.52503 0.002141
      vertex 8.55664 -1.5327 0.002141
    endloop
  endfacet
  facet normal 0 0 -1
    outer loop
      vertex 8.56484 1.50854 0.002141
      vertex 8.5 1.5654 0.002141
      vertex 8.56317 1.51693 0.002141
    endloop
  endfacet
  facet normal 0 0 -1
    outer loop
      vertex 8.5 -1.5654 0.002141
      vertex 8.55664 -1.5327 0.002141
      vertex 8.55189 -1.53981 0.002141
    endloop
  endfacet
  facet normal 0 0 -1
    outer loop
      vertex 8.56317 1.51693 0.002141
      vertex 8.5 1.5654 0.002141
      vertex 8.56042 1.52503 0.002141
    endloop
  endfacet
  facet normal 0 0 -1
    outer loop
      vertex 8.5 -1.5654 0.002141
      vertex 8.55189 -1.53981 0.002141
      vertex 8.54625 -1.54625 0.002141
    endloop
  endfacet
  facet normal 0 0 -1
    outer loop
      vertex 8.56042 1.52503 0.002141
      vertex 8.5 1.5654 0.002141
      vertex 8.55664 1.5327 0.002141
    endloop
  endfacet
  facet normal 0 0 -1
    outer loop
      vertex 8.5 -1.5654 0.002141
      vertex 8.54625 -1.54625 0.002141
      vertex 8.53981 -1.55189 0.002141
    endloop
  endfacet
  facet normal 0 0 -1
    outer loop
      vertex 8.55664 1.5327 0.002141
      vertex 8.5 1.5654 0.002141
      vertex 8.55189 1.53981 0.002141
    endloop
  endfacet
  facet normal 0 0 -1
    outer loop
      vertex 8.5 -1.5654 0.002141
      vertex 8.53981 -1.55189 0.002141
      vertex 8.5327 -1.55664 0.002141
    endloop
  endfacet
  facet normal 0 0 -1
    outer loop
      vertex 8.55189 1.53981 0.002141
      vertex 8.5 1.5654 0.002141
      vertex 8.54625 1.54625 0.002141
    endloop
  endfacet
  facet normal 0 0 -1
    outer loop
      vertex 8.5 -1.5654 0.002141
      vertex 8.5327 -1.55664 0.002141
      vertex 8.52503 -1.56042 0.002141
    endloop
  endfacet
  facet normal 0 0 -1
    outer loop
      vertex 8.54625 1.54625 0.002141
      vertex 8.5 1.5654 0.002141
      vertex 8.53981 1.55189 0.002141
    endloop
  endfacet
  facet normal 0 0 -1
    outer loop
      vertex 8.5 -1.5654 0.002141
      vertex 8.52503 -1.56042 0.002141
      vertex 8.51693 -1.56318 0.002141
    endloop
  endfacet
  facet normal 0 0 -1
    outer loop
      vertex 8.53981 1.55189 0.002141
      vertex 8.5 1.5654 0.002141
      vertex 8.5327 1.55664 0.002141
    endloop
  endfacet
  facet normal 0 0 -1
    outer loop
      vertex 8.5 -1.5654 0.002141
      vertex 8.51693 -1.56318 0.002141
      vertex 8.50854 -1.56484 0.002141
    endloop
  endfacet
  facet normal 0 0 -1
    outer loop
      vertex 8.5327 1.55664 0.002141
      vertex 8.5 1.5654 0.002141
      vertex 8.52503 1.56042 0.002141
    endloop
  endfacet
  facet normal 0 0 -1
    outer loop
      vertex 8.52503 1.56042 0.002141
      vertex 8.5 1.5654 0.002141
      vertex 8.51693 1.56317 0.002141
    endloop
  endfacet
  facet normal 0 0 -1
    outer loop
      vertex 8.51693 1.56317 0.002141
      vertex 8.5 1.5654 0.002141
      vertex 8.50854 1.56484 0.002141
    endloop
  endfacet
  facet normal 0 0 -1
    outer loop
      vertex 3.5 -1.5654 0.002141
      vertex 8.5 1.5654 0.002141
      vertex 8.5 -1.5654 0.002141
    endloop
  endfacet
  facet normal 0 0 -1
    outer loop
      vertex 3.5 -1.5654 0.002141
      vertex 3.5 1.5654 0.002141
      vertex 8.5 1.5654 0.002141
    endloop
  endfacet
  facet normal 0 0 -1
    outer loop
      vertex 3.4346 -1.5 0.002141
      vertex 3.5 -1.5654 0.002141
      vertex 3.49146 -1.56484 0.002141
    endloop
  endfacet
  facet normal 0 0 -1
    outer loop
      vertex 3.5 -1.5654 0.002141
      vertex 3.4346 -1.5 0.002141
      vertex 3.5 1.5654 0.002141
    endloop
  endfacet
  facet normal 0 0 -1
    outer loop
      vertex 3.4346 -1.5 0.002141
      vertex 3.49146 -1.56484 0.002141
      vertex 3.48307 -1.56318 0.002141
    endloop
  endfacet
  facet normal 0 0 -1
    outer loop
      vertex 3.4346 1.5 0.002141
      vertex 3.5 1.5654 0.002141
      vertex 3.4346 -1.5 0.002141
    endloop
  endfacet
  facet normal 0 0 -1
    outer loop
      vertex 3.4346 -1.5 0.002141
      vertex 3.48307 -1.56318 0.002141
      vertex 3.47497 -1.56042 0.002141
    endloop
  endfacet
  facet normal 0 0 -1
    outer loop
      vertex 3.5 1.5654 0.002141
      vertex 3.4346 1.5 0.002141
      vertex 3.49146 1.56484 0.002141
    endloop
  endfacet
  facet normal 0 0 -1
    outer loop
      vertex 3.4346 -1.5 0.002141
      vertex 3.47497 -1.56042 0.002141
      vertex 3.4673 -1.55664 0.002141
    endloop
  endfacet
  facet normal 0 0 -1
    outer loop
      vertex 3.49146 1.56484 0.002141
      vertex 3.4346 1.5 0.002141
      vertex 3.48307 1.56317 0.002141
    endloop
  endfacet
  facet normal 0 0 -1
    outer loop
      vertex 3.4346 -1.5 0.002141
      vertex 3.4673 -1.55664 0.002141
      vertex 3.46019 -1.55189 0.002141
    endloop
  endfacet
  facet normal 0 0 -1
    outer loop
      vertex 3.48307 1.56317 0.002141
      vertex 3.4346 1.5 0.002141
      vertex 3.47497 1.56042 0.002141
    endloop
  endfacet
  facet normal 0 0 -1
    outer loop
      vertex 3.4346 -1.5 0.002141
      vertex 3.46019 -1.55189 0.002141
      vertex 3.45375 -1.54625 0.002141
    endloop
  endfacet
  facet normal 0 0 -1
    outer loop
      vertex 3.47497 1.56042 0.002141
      vertex 3.4346 1.5 0.002141
      vertex 3.4673 1.55664 0.002141
    endloop
  endfacet
  facet normal 0 0 -1
    outer loop
      vertex 3.4346 -1.5 0.002141
      vertex 3.45375 -1.54625 0.002141
      vertex 3.44811 -1.53981 0.002141
    endloop
  endfacet
  facet normal 0 0 -1
    outer loop
      vertex 3.4673 1.55664 0.002141
      vertex 3.4346 1.5 0.002141
      vertex 3.46019 1.55189 0.002141
    endloop
  endfacet
  facet normal 0 0 -1
    outer loop
      vertex 3.4346 -1.5 0.002141
      vertex 3.44811 -1.53981 0.002141
      vertex 3.44336 -1.5327 0.002141
    endloop
  endfacet
  facet normal 0 0 -1
    outer loop
      vertex 3.46019 1.55189 0.002141
      vertex 3.4346 1.5 0.002141
      vertex 3.45375 1.54625 0.002141
    endloop
  endfacet
  facet normal 0 0 -1
    outer loop
      vertex 3.4346 -1.5 0.002141
      vertex 3.44336 -1.5327 0.002141
      vertex 3.43958 -1.52503 0.002141
    endloop
  endfacet
  facet normal 0 0 -1
    outer loop
      vertex 3.45375 1.54625 0.002141
      vertex 3.4346 1.5 0.002141
      vertex 3.44811 1.53981 0.002141
    endloop
  endfacet
  facet normal 0 0 -1
    outer loop
      vertex 3.4346 -1.5 0.002141
      vertex 3.43958 -1.52503 0.002141
      vertex 3.43682 -1.51693 0.002141
    endloop
  endfacet
  facet normal 0 0 -1
    outer loop
      vertex 3.44811 1.53981 0.002141
      vertex 3.4346 1.5 0.002141
      vertex 3.44336 1.5327 0.002141
    endloop
  endfacet
  facet normal 0 0 -1
    outer loop
      vertex 3.4346 -1.5 0.002141
      vertex 3.43682 -1.51693 0.002141
      vertex 3.43516 -1.50854 0.002141
    endloop
  endfacet
  facet normal 0 0 -1
    outer loop
      vertex 3.44336 1.5327 0.002141
      vertex 3.4346 1.5 0.002141
      vertex 3.43958 1.52503 0.002141
    endloop
  endfacet
  facet normal 0 0 -1
    outer loop
      vertex 3.43958 1.52503 0.002141
      vertex 3.4346 1.5 0.002141
      vertex 3.43682 1.51693 0.002141
    endloop
  endfacet
  facet normal 0 0 -1
    outer loop
      vertex 3.43682 1.51693 0.002141
      vertex 3.4346 1.5 0.002141
      vertex 3.43516 1.50854 0.002141
    endloop
  endfacet
  facet normal -0.258776 -0.0169598 -0.965789
    outer loop
      vertex 3.18131 -1.54196 0.0530691
      vertex 3.17856 -1.5 0.0530691
      vertex 3.30491 -1.5 0.0192146
    endloop
  endfacet
  facet normal -0.258773 -0.0169671 -0.965789
    outer loop
      vertex 3.30658 -1.52547 0.0192146
      vertex 3.18131 -1.54196 0.0530691
      vertex 3.30491 -1.5 0.0192146
    endloop
  endfacet
  facet normal -0.66014 -0.441116 -0.607973
    outer loop
      vertex 2.90353 -1.95769 0.340653
      vertex 2.84035 -2.00617 0.444429
      vertex 2.84889 -1.87592 0.340653
    endloop
  endfacet
  facet normal -0.596944 -0.523476 -0.607973
    outer loop
      vertex 2.96837 -2.03163 0.340653
      vertex 2.84035 -2.00617 0.444429
      vertex 2.90353 -1.95769 0.340653
    endloop
  endfacet
  facet normal 0.086171 -0.0983938 -0.99141
    outer loop
      vertex 8.61876 -1.65478 0.0192146
      vertex 8.53981 -1.55189 0.002141
      vertex 8.54625 -1.54625 0.002141
    endloop
  endfacet
  facet normal 0.0862479 -0.0983421 -0.991408
    outer loop
      vertex 8.61876 -1.65478 0.0192146
      vertex 8.54625 -1.54625 0.002141
      vertex 8.63795 -1.63795 0.0192146
    endloop
  endfacet
  facet normal 0.0578191 -0.117321 -0.99141
    outer loop
      vertex 8.57466 -1.68024 0.0192146
      vertex 8.52503 -1.56042 0.002141
      vertex 8.5327 -1.55664 0.002141
    endloop
  endfacet
  facet normal 0.0578808 -0.1173 -0.991408
    outer loop
      vertex 8.57466 -1.68024 0.0192146
      vertex 8.5327 -1.55664 0.002141
      vertex 8.59754 -1.66895 0.0192146
    endloop
  endfacet
  facet normal 0.37656 0.330179 -0.865554
    outer loop
      vertex 8.94076 1.83821 0.16853
      vertex 8.81275 1.81275 0.103127
      vertex 8.89285 1.89285 0.16853
    endloop
  endfacet
  facet normal 0.751854 0.255193 -0.607941
    outer loop
      vertex 9.22622 1.69459 0.340653
      vertex 9.19461 1.78772 0.340653
      vertex 9.26818 1.81819 0.444429
    endloop
  endfacet
  facet normal 0.670313 0.227516 -0.706341
    outer loop
      vertex 9.22622 1.69459 0.340653
      vertex 9.10916 1.75232 0.248159
      vertex 9.19461 1.78772 0.340653
    endloop
  endfacet
  facet normal 0.751836 0.255211 -0.607955
    outer loop
      vertex 9.30314 1.7152 0.444429
      vertex 9.22622 1.69459 0.340653
      vertex 9.26818 1.81819 0.444429
    endloop
  endfacet
  facet normal -0.401906 -0.458301 -0.792737
    outer loop
      vertex 3.09862 -2.0231 0.248159
      vertex 3.03377 -1.96623 0.248159
      vertex 3.16179 -1.94076 0.16853
    endloop
  endfacet
  facet normal -0.401888 -0.458342 -0.792722
    outer loop
      vertex 3.16179 -1.94076 0.16853
      vertex 3.03377 -1.96623 0.248159
      vertex 3.10715 -1.89285 0.16853
    endloop
  endfacet
  facet normal -0.571318 -0.651467 -0.499186
    outer loop
      vertex 2.95402 -2.21154 0.557711
      vertex 2.91206 -2.08794 0.444429
      vertex 2.99383 -2.15965 0.444429
    endloop
  endfacet
  facet normal -0.571382 -0.651446 -0.49914
    outer loop
      vertex 2.95402 -2.21154 0.557711
      vertex 2.86582 -2.13418 0.557711
      vertex 2.91206 -2.08794 0.444429
    endloop
  endfacet
  facet normal -0.118949 -0.597857 -0.792728
    outer loop
      vertex 3.41394 -2.15371 0.248159
      vertex 3.32935 -2.13688 0.248159
      vertex 3.35621 -2.03664 0.16853
    endloop
  endfacet
  facet normal -0.195932 -0.577229 -0.792728
    outer loop
      vertex 3.32935 -2.13688 0.248159
      vertex 3.28739 -2.01328 0.16853
      vertex 3.35621 -2.03664 0.16853
    endloop
  endfacet
  facet normal -0.712092 -0.351192 -0.607939
    outer loop
      vertex 2.77993 -1.91574 0.444429
      vertex 2.73182 -1.81819 0.444429
      vertex 2.80539 -1.78772 0.340653
    endloop
  endfacet
  facet normal -0.77713 -0.383267 -0.499174
    outer loop
      vertex 2.77993 -1.91574 0.444429
      vertex 2.6714 -1.84322 0.557711
      vertex 2.73182 -1.81819 0.444429
    endloop
  endfacet
  facet normal -0.694271 -0.13812 -0.706336
    outer loop
      vertex 2.77378 -1.69459 0.340653
      vertex 2.75459 -1.59813 0.340653
      vertex 2.84629 -1.58606 0.248159
    endloop
  endfacet
  facet normal -0.577227 -0.195919 -0.792732
    outer loop
      vertex 2.89084 -1.75232 0.248159
      vertex 2.86312 -1.67065 0.248159
      vertex 2.98672 -1.71261 0.16853
    endloop
  endfacet
  facet normal -0.376026 -0.0747856 -0.923586
    outer loop
      vertex 3.18951 -1.58319 0.0530691
      vertex 3.07278 -1.61447 0.103127
      vertex 3.18131 -1.54196 0.0530691
    endloop
  endfacet
  facet normal -0.363036 -0.123261 -0.923586
    outer loop
      vertex 3.20303 -1.62301 0.0530691
      vertex 3.07278 -1.61447 0.103127
      vertex 3.18951 -1.58319 0.0530691
    endloop
  endfacet
  facet normal -0.416436 -0.278201 -0.865555
    outer loop
      vertex 3.14911 -1.76925 0.103127
      vertex 3.05924 -1.83821 0.16853
      vertex 3.11697 -1.72114 0.103127
    endloop
  endfacet
  facet normal -0.288279 -0.252758 -0.923585
    outer loop
      vertex 3.18725 -1.81275 0.103127
      vertex 3.14911 -1.76925 0.103127
      vertex 3.24498 -1.69568 0.0530691
    endloop
  endfacet
  facet normal -0.588586 -0.393239 -0.706349
    outer loop
      vertex 2.9769 -1.90138 0.248159
      vertex 2.84889 -1.87592 0.340653
      vertex 2.92899 -1.82967 0.248159
    endloop
  endfacet
  facet normal -0.634848 -0.313115 -0.706348
    outer loop
      vertex 2.92899 -1.82967 0.248159
      vertex 2.84889 -1.87592 0.340653
      vertex 2.89084 -1.75232 0.248159
    endloop
  endfacet
  facet normal -0.1173 0.0578808 -0.991408
    outer loop
      vertex 3.44336 1.5327 0.002141
      vertex 3.31976 1.57466 0.0192146
      vertex 3.33105 1.59754 0.0192146
    endloop
  endfacet
  facet normal -0.232589 0.11466 -0.965793
    outer loop
      vertex 3.33105 1.59754 0.0192146
      vertex 3.20303 1.62301 0.0530691
      vertex 3.22162 1.66072 0.0530691
    endloop
  endfacet
  facet normal -0.130518 0.0085611 -0.991409
    outer loop
      vertex 3.4346 1.5 0.002141
      vertex 3.30491 1.5 0.0192146
      vertex 3.30658 1.52546 0.0192146
    endloop
  endfacet
  facet normal -0.258771 0.0169736 -0.96579
    outer loop
      vertex 3.30491 1.5 0.0192146
      vertex 3.18131 1.54196 0.0530691
      vertex 3.30658 1.52546 0.0192146
    endloop
  endfacet
  facet normal -0.0578592 0.117307 -0.991409
    outer loop
      vertex 3.4673 1.55664 0.002141
      vertex 3.40245 1.66895 0.0192146
      vertex 3.42534 1.68024 0.0192146
    endloop
  endfacet
  facet normal -0.042023 0.123865 -0.991409
    outer loop
      vertex 3.48307 1.56317 0.002141
      vertex 3.42534 1.68024 0.0192146
      vertex 3.44951 1.68844 0.0192146
    endloop
  endfacet
  facet normal -0.144075 -0.215619 -0.96579
    outer loop
      vertex 3.33928 -1.77838 0.0530691
      vertex 3.30432 -1.75502 0.0530691
      vertex 3.40245 -1.66895 0.0192146
    endloop
  endfacet
  facet normal -0.330165 -0.376565 -0.865558
    outer loop
      vertex 3.23075 -1.85089 0.103127
      vertex 3.16179 -1.94076 0.16853
      vertex 3.18725 -1.81275 0.103127
    endloop
  endfacet
  facet normal -0.252758 -0.288279 -0.923585
    outer loop
      vertex 3.23075 -1.85089 0.103127
      vertex 3.18725 -1.81275 0.103127
      vertex 3.30432 -1.75502 0.0530691
    endloop
  endfacet
  facet normal -0.252811 -0.288184 -0.9236
    outer loop
      vertex 3.30432 -1.75502 0.0530691
      vertex 3.18725 -1.81275 0.103127
      vertex 3.27271 -1.72729 0.0530691
    endloop
  endfacet
  facet normal -0.10876 -0.0726607 -0.991409
    outer loop
      vertex 3.34522 -1.61876 0.0192146
      vertex 3.33105 -1.59755 0.0192146
      vertex 3.44336 -1.5327 0.002141
    endloop
  endfacet
  facet normal -0.215634 -0.144061 -0.965789
    outer loop
      vertex 3.34522 -1.61876 0.0192146
      vertex 3.24498 -1.69568 0.0530691
      vertex 3.33105 -1.59755 0.0192146
    endloop
  endfacet
  facet normal 0.416436 0.278201 -0.865555
    outer loop
      vertex 8.88303 1.72114 0.103127
      vertex 8.85089 1.76925 0.103127
      vertex 8.94076 1.83821 0.16853
    endloop
  endfacet
  facet normal 0.401882 0.458355 -0.792717
    outer loop
      vertex 8.96623 1.96623 0.248159
      vertex 8.83821 1.94076 0.16853
      vertex 8.90138 2.02309 0.248159
    endloop
  endfacet
  facet normal 0.597893 0.118958 -0.7927
    outer loop
      vertex 9.05082 1.57252 0.16853
      vertex 9.03664 1.64379 0.16853
      vertex 9.1537 1.58606 0.248159
    endloop
  endfacet
  facet normal 0.49115 0.0977201 -0.865576
    outer loop
      vertex 9.05082 1.57252 0.16853
      vertex 8.9385 1.55773 0.103127
      vertex 9.03664 1.64379 0.16853
    endloop
  endfacet
  facet normal 0.376565 0.330165 -0.865558
    outer loop
      vertex 8.85089 1.76925 0.103127
      vertex 8.81275 1.81275 0.103127
      vertex 8.94076 1.83821 0.16853
    endloop
  endfacet
  facet normal 0.330179 0.37656 -0.865554
    outer loop
      vertex 8.89285 1.89285 0.16853
      vertex 8.81275 1.81275 0.103127
      vertex 8.83821 1.94076 0.16853
    endloop
  endfacet
  facet normal 0.597873 0.118882 -0.792726
    outer loop
      vertex 9.1537 1.58606 0.248159
      vertex 9.03664 1.64379 0.16853
      vertex 9.13688 1.67065 0.248159
    endloop
  endfacet
  facet normal 0.474218 0.160987 -0.865564
    outer loop
      vertex 8.92722 1.61447 0.103127
      vertex 8.90862 1.66926 0.103127
      vertex 9.01328 1.71261 0.16853
    endloop
  endfacet
  facet normal -0.278256 -0.416351 -0.865578
    outer loop
      vertex 3.22221 -1.98114 0.16853
      vertex 3.16179 -1.94076 0.16853
      vertex 3.27886 -1.88303 0.103127
    endloop
  endfacet
  facet normal -0.338728 -0.506834 -0.792706
    outer loop
      vertex 3.17033 -2.07101 0.248159
      vertex 3.16179 -1.94076 0.16853
      vertex 3.22221 -1.98114 0.16853
    endloop
  endfacet
  facet normal -0.651467 -0.571318 -0.499186
    outer loop
      vertex 2.91206 -2.08794 0.444429
      vertex 2.78846 -2.04598 0.557711
      vertex 2.84035 -2.00617 0.444429
    endloop
  endfacet
  facet normal -0.596938 -0.523498 -0.60796
    outer loop
      vertex 2.91206 -2.08794 0.444429
      vertex 2.84035 -2.00617 0.444429
      vertex 2.96837 -2.03163 0.340653
    endloop
  endfacet
  facet normal -0.66018 -0.441093 -0.607947
    outer loop
      vertex 2.84035 -2.00617 0.444429
      vertex 2.77993 -1.91574 0.444429
      vertex 2.84889 -1.87592 0.340653
    endloop
  endfacet
  facet normal -0.720453 -0.481364 -0.499235
    outer loop
      vertex 2.84035 -2.00617 0.444429
      vertex 2.72328 -1.94844 0.557711
      vertex 2.77993 -1.91574 0.444429
    endloop
  endfacet
  facet normal -0.706361 -0.0462845 -0.706337
    outer loop
      vertex 2.75459 -1.59813 0.340653
      vertex 2.74816 -1.5 0.340653
      vertex 2.84629 -1.58606 0.248159
    endloop
  endfacet
  facet normal -0.706364 -0.046292 -0.706333
    outer loop
      vertex 2.84629 -1.58606 0.248159
      vertex 2.74816 -1.5 0.340653
      vertex 2.84065 -1.5 0.248159
    endloop
  endfacet
  facet normal -0.474218 -0.160987 -0.865564
    outer loop
      vertex 3.09138 -1.66926 0.103127
      vertex 2.98672 -1.71261 0.16853
      vertex 3.07278 -1.61447 0.103127
    endloop
  endfacet
  facet normal -0.363036 -0.123243 -0.923589
    outer loop
      vertex 3.09138 -1.66926 0.103127
      vertex 3.07278 -1.61447 0.103127
      vertex 3.20303 -1.62301 0.0530691
    endloop
  endfacet
  facet normal -0.506834 -0.338728 -0.792706
    outer loop
      vertex 3.05924 -1.83821 0.16853
      vertex 2.92899 -1.82967 0.248159
      vertex 3.01886 -1.77779 0.16853
    endloop
  endfacet
  facet normal -0.546744 -0.269597 -0.792709
    outer loop
      vertex 3.01886 -1.77779 0.16853
      vertex 2.92899 -1.82967 0.248159
      vertex 2.98672 -1.71261 0.16853
    endloop
  endfacet
  facet normal -0.194952 0.171023 -0.965787
    outer loop
      vertex 3.36205 1.63795 0.0192146
      vertex 3.24498 1.69568 0.0530691
      vertex 3.27271 1.72729 0.0530691
    endloop
  endfacet
  facet normal -0.17099 0.194985 -0.965786
    outer loop
      vertex 3.36205 1.63795 0.0192146
      vertex 3.27271 1.72729 0.0530691
      vertex 3.30432 1.75501 0.0530691
    endloop
  endfacet
  facet normal -0.258813 0 -0.965928
    outer loop
      vertex 3.17856 -1.5 0.0530691
      vertex 3.30491 1.5 0.0192146
      vertex 3.30491 -1.5 0.0192146
    endloop
  endfacet
  facet normal -0.258813 0 -0.965928
    outer loop
      vertex 3.30491 1.5 0.0192146
      vertex 3.17856 -1.5 0.0530691
      vertex 3.17856 1.5 0.0530691
    endloop
  endfacet
  facet normal -0.170991 -0.194969 -0.965789
    outer loop
      vertex 3.38124 -1.65478 0.0192146
      vertex 3.30432 -1.75502 0.0530691
      vertex 3.36205 -1.63795 0.0192146
    endloop
  endfacet
  facet normal -0.171023 -0.194952 -0.965787
    outer loop
      vertex 3.30432 -1.75502 0.0530691
      vertex 3.27271 -1.72729 0.0530691
      vertex 3.36205 -1.63795 0.0192146
    endloop
  endfacet
  facet normal 0.634856 0.313109 -0.706343
    outer loop
      vertex 9.19461 1.78772 0.340653
      vertex 9.10916 1.75232 0.248159
      vertex 9.15111 1.87592 0.340653
    endloop
  endfacet
  facet normal 0.712099 0.351205 -0.607923
    outer loop
      vertex 9.19461 1.78772 0.340653
      vertex 9.15111 1.87592 0.340653
      vertex 9.22007 1.91573 0.444429
    endloop
  endfacet
  facet normal 0.416386 0.278234 -0.865568
    outer loop
      vertex 8.98114 1.77778 0.16853
      vertex 8.88303 1.72114 0.103127
      vertex 8.94076 1.83821 0.16853
    endloop
  endfacet
  facet normal 0.401888 0.458342 -0.792722
    outer loop
      vertex 8.89285 1.89285 0.16853
      vertex 8.83821 1.94076 0.16853
      vertex 8.96623 1.96623 0.248159
    endloop
  endfacet
  facet normal 0.596944 0.523476 -0.607973
    outer loop
      vertex 9.09647 1.95769 0.340653
      vertex 9.03163 2.03163 0.340653
      vertex 9.15965 2.00617 0.444429
    endloop
  endfacet
  facet normal 0.58855 0.393297 -0.706347
    outer loop
      vertex 9.07101 1.82967 0.248159
      vertex 9.02309 1.90138 0.248159
      vertex 9.15111 1.87592 0.340653
    endloop
  endfacet
  facet normal -0.491182 -0.0977264 -0.865557
    outer loop
      vertex 2.96336 -1.64379 0.16853
      vertex 2.94918 -1.57252 0.16853
      vertex 3.06149 -1.55773 0.103127
    endloop
  endfacet
  facet normal -0.608267 -0.0398632 -0.792731
    outer loop
      vertex 2.84629 -1.58606 0.248159
      vertex 2.84065 -1.5 0.248159
      vertex 2.94918 -1.57252 0.16853
    endloop
  endfacet
  facet normal -0.343899 -0.169533 -0.923576
    outer loop
      vertex 3.22162 -1.66072 0.0530691
      vertex 3.11697 -1.72114 0.103127
      vertex 3.20303 -1.62301 0.0530691
    endloop
  endfacet
  facet normal -0.318814 -0.212984 -0.923578
    outer loop
      vertex 3.14911 -1.76925 0.103127
      vertex 3.11697 -1.72114 0.103127
      vertex 3.22162 -1.66072 0.0530691
    endloop
  endfacet
  facet normal -0.123874 0.0420261 -0.991408
    outer loop
      vertex 3.43682 1.51693 0.002141
      vertex 3.31156 1.55049 0.0192146
      vertex 3.31976 1.57466 0.0192146
    endloop
  endfacet
  facet normal -0.194969 0.170991 -0.965789
    outer loop
      vertex 3.34522 1.61876 0.0192146
      vertex 3.24498 1.69568 0.0530691
      vertex 3.36205 1.63795 0.0192146
    endloop
  endfacet
  facet normal -0.0983421 0.0862479 -0.991408
    outer loop
      vertex 3.45375 1.54625 0.002141
      vertex 3.34522 1.61876 0.0192146
      vertex 3.36205 1.63795 0.0192146
    endloop
  endfacet
  facet normal -0.0983421 -0.0862479 -0.991408
    outer loop
      vertex 3.36205 -1.63795 0.0192146
      vertex 3.34522 -1.61876 0.0192146
      vertex 3.45375 -1.54625 0.002141
    endloop
  endfacet
  facet normal -0.194969 -0.170991 -0.965789
    outer loop
      vertex 3.36205 -1.63795 0.0192146
      vertex 3.24498 -1.69568 0.0530691
      vertex 3.34522 -1.61876 0.0192146
    endloop
  endfacet
  facet normal -0.086171 -0.0983938 -0.99141
    outer loop
      vertex 3.46019 -1.55189 0.002141
      vertex 3.38124 -1.65478 0.0192146
      vertex 3.45375 -1.54625 0.002141
    endloop
  endfacet
  facet normal -0.0726602 -0.108761 -0.991409
    outer loop
      vertex 3.4673 -1.55664 0.002141
      vertex 3.38124 -1.65478 0.0192146
      vertex 3.46019 -1.55189 0.002141
    endloop
  endfacet
  facet normal 0.458342 0.401888 -0.792722
    outer loop
      vertex 8.94076 1.83821 0.16853
      vertex 8.89285 1.89285 0.16853
      vertex 8.96623 1.96623 0.248159
    endloop
  endfacet
  facet normal 0.449138 0.221502 -0.86557
    outer loop
      vertex 9.01328 1.71261 0.16853
      vertex 8.88303 1.72114 0.103127
      vertex 8.98114 1.77778 0.16853
    endloop
  endfacet
  facet normal 0.532264 0.466685 -0.706329
    outer loop
      vertex 9.02309 1.90138 0.248159
      vertex 8.96623 1.96623 0.248159
      vertex 9.03163 2.03163 0.340653
    endloop
  endfacet
  facet normal 0.466707 0.532208 -0.706356
    outer loop
      vertex 9.03163 2.03163 0.340653
      vertex 8.90138 2.02309 0.248159
      vertex 8.95769 2.09647 0.340653
    endloop
  endfacet
  facet normal 0.458355 0.401882 -0.792717
    outer loop
      vertex 9.02309 1.90138 0.248159
      vertex 8.94076 1.83821 0.16853
      vertex 8.96623 1.96623 0.248159
    endloop
  endfacet
  facet normal 0.634848 0.313115 -0.706348
    outer loop
      vertex 9.10916 1.75232 0.248159
      vertex 9.07101 1.82967 0.248159
      vertex 9.15111 1.87592 0.340653
    endloop
  endfacet
  facet normal -0.491177 -0.0977334 -0.865559
    outer loop
      vertex 3.07278 -1.61447 0.103127
      vertex 2.96336 -1.64379 0.16853
      vertex 3.06149 -1.55773 0.103127
    endloop
  endfacet
  facet normal -0.474232 -0.160972 -0.865559
    outer loop
      vertex 2.98672 -1.71261 0.16853
      vertex 2.96336 -1.64379 0.16853
      vertex 3.07278 -1.61447 0.103127
    endloop
  endfacet
  facet normal -0.416351 -0.278256 -0.865578
    outer loop
      vertex 3.05924 -1.83821 0.16853
      vertex 3.01886 -1.77779 0.16853
      vertex 3.11697 -1.72114 0.103127
    endloop
  endfacet
  facet normal -0.44914 -0.221469 -0.865578
    outer loop
      vertex 3.01886 -1.77779 0.16853
      vertex 2.98672 -1.71261 0.16853
      vertex 3.11697 -1.72114 0.103127
    endloop
  endfacet
  facet normal 0.523498 0.596938 -0.60796
    outer loop
      vertex 9.03163 2.03163 0.340653
      vertex 9.00617 2.15965 0.444429
      vertex 9.08794 2.08794 0.444429
    endloop
  endfacet
  facet normal 0.596938 0.523498 -0.60796
    outer loop
      vertex 9.15965 2.00617 0.444429
      vertex 9.03163 2.03163 0.340653
      vertex 9.08794 2.08794 0.444429
    endloop
  endfacet
  facet normal 0.506841 0.338677 -0.792723
    outer loop
      vertex 8.98114 1.77778 0.16853
      vertex 8.94076 1.83821 0.16853
      vertex 9.07101 1.82967 0.248159
    endloop
  endfacet
  facet normal 0.546712 0.269623 -0.792723
    outer loop
      vertex 9.01328 1.71261 0.16853
      vertex 8.98114 1.77778 0.16853
      vertex 9.07101 1.82967 0.248159
    endloop
  endfacet
  facet normal 0.532208 0.466707 -0.706356
    outer loop
      vertex 9.09647 1.95769 0.340653
      vertex 9.02309 1.90138 0.248159
      vertex 9.03163 2.03163 0.340653
    endloop
  endfacet
  facet normal 0.588552 0.39328 -0.706355
    outer loop
      vertex 9.15111 1.87592 0.340653
      vertex 9.02309 1.90138 0.248159
      vertex 9.09647 1.95769 0.340653
    endloop
  endfacet
  facet normal 1 -0 0
    outer loop
      vertex 10.5 -3.5 3.5
      vertex 10.5 3.5 2.5
      vertex 10.5 3.5 3.5
    endloop
  endfacet
  facet normal 1 0 0
    outer loop
      vertex 10.5 3.5 2.5
      vertex 10.5 -3.5 3.5
      vertex 10.5 -3.5 2.5
    endloop
  endfacet
  facet normal 0 0 1
    outer loop
      vertex 10.5 3.5 3.5
      vertex 7.5 0 3.5
      vertex 10.5 -3.5 3.5
    endloop
  endfacet
  facet normal 0 0 1
    outer loop
      vertex 10.5 3.5 3.5
      vertex 7.48717 0.195788 3.5
      vertex 7.5 0 3.5
    endloop
  endfacet
  facet normal 0 0 1
    outer loop
      vertex 10.5 3.5 3.5
      vertex 7.44889 0.388228 3.5
      vertex 7.48717 0.195788 3.5
    endloop
  endfacet
  facet normal 0 0 1
    outer loop
      vertex 10.5 3.5 3.5
      vertex 7.38582 0.574024 3.5
      vertex 7.44889 0.388228 3.5
    endloop
  endfacet
  facet normal 0 0 1
    outer loop
      vertex 10.5 3.5 3.5
      vertex 7.29904 0.75 3.5
      vertex 7.38582 0.574024 3.5
    endloop
  endfacet
  facet normal 0 0 1
    outer loop
      vertex 10.5 3.5 3.5
      vertex 7.19003 0.913141 3.5
      vertex 7.29904 0.75 3.5
    endloop
  endfacet
  facet normal 0 0 1
    outer loop
      vertex 10.5 3.5 3.5
      vertex 7.06066 1.06066 3.5
      vertex 7.19003 0.913141 3.5
    endloop
  endfacet
  facet normal 0 0 1
    outer loop
      vertex 10.5 3.5 3.5
      vertex 6.91314 1.19003 3.5
      vertex 7.06066 1.06066 3.5
    endloop
  endfacet
  facet normal 0 0 1
    outer loop
      vertex 10.5 3.5 3.5
      vertex 6.75 1.29904 3.5
      vertex 6.91314 1.19003 3.5
    endloop
  endfacet
  facet normal 0 0 1
    outer loop
      vertex 10.5 3.5 3.5
      vertex 6.57402 1.38582 3.5
      vertex 6.75 1.29904 3.5
    endloop
  endfacet
  facet normal 0 0 1
    outer loop
      vertex 10.5 3.5 3.5
      vertex 6.38823 1.44889 3.5
      vertex 6.57402 1.38582 3.5
    endloop
  endfacet
  facet normal 0 0 1
    outer loop
      vertex 10.5 3.5 3.5
      vertex 6.19579 1.48717 3.5
      vertex 6.38823 1.44889 3.5
    endloop
  endfacet
  facet normal 0 0 1
    outer loop
      vertex 10.5 3.5 3.5
      vertex 6 1.5 3.5
      vertex 6.19579 1.48717 3.5
    endloop
  endfacet
  facet normal -0 0 1
    outer loop
      vertex 1.5 3.5 3.5
      vertex 6 1.5 3.5
      vertex 10.5 3.5 3.5
    endloop
  endfacet
  facet normal 0 0 1
    outer loop
      vertex 6 1.5 3.5
      vertex 1.5 3.5 3.5
      vertex 5.80421 1.48717 3.5
    endloop
  endfacet
  facet normal 0 0 1
    outer loop
      vertex 5.80421 1.48717 3.5
      vertex 1.5 3.5 3.5
      vertex 5.61177 1.44889 3.5
    endloop
  endfacet
  facet normal 0 0 1
    outer loop
      vertex 4.51283 0.195788 3.5
      vertex 1.5 3.5 3.5
      vertex 4.5 0 3.5
    endloop
  endfacet
  facet normal 0 0 1
    outer loop
      vertex 4.55111 0.388228 3.5
      vertex 1.5 3.5 3.5
      vertex 4.51283 0.195788 3.5
    endloop
  endfacet
  facet normal 0 0 1
    outer loop
      vertex 4.61418 0.574024 3.5
      vertex 1.5 3.5 3.5
      vertex 4.55111 0.388228 3.5
    endloop
  endfacet
  facet normal 0 0 1
    outer loop
      vertex 4.70096 0.75 3.5
      vertex 1.5 3.5 3.5
      vertex 4.61418 0.574024 3.5
    endloop
  endfacet
  facet normal 0 0 1
    outer loop
      vertex 4.80997 0.913141 3.5
      vertex 1.5 3.5 3.5
      vertex 4.70096 0.75 3.5
    endloop
  endfacet
  facet normal 0 0 1
    outer loop
      vertex 4.93934 1.06066 3.5
      vertex 1.5 3.5 3.5
      vertex 4.80997 0.913141 3.5
    endloop
  endfacet
  facet normal 0 0 1
    outer loop
      vertex 5.08686 1.19003 3.5
      vertex 1.5 3.5 3.5
      vertex 4.93934 1.06066 3.5
    endloop
  endfacet
  facet normal 0 0 1
    outer loop
      vertex 5.25 1.29904 3.5
      vertex 1.5 3.5 3.5
      vertex 5.08686 1.19003 3.5
    endloop
  endfacet
  facet normal 0 0 1
    outer loop
      vertex 5.42598 1.38582 3.5
      vertex 1.5 3.5 3.5
      vertex 5.25 1.29904 3.5
    endloop
  endfacet
  facet normal 0 0 1
    outer loop
      vertex 5.61177 1.44889 3.5
      vertex 1.5 3.5 3.5
      vertex 5.42598 1.38582 3.5
    endloop
  endfacet
  facet normal -0 0 1
    outer loop
      vertex 7.48717 -0.195788 3.5
      vertex 10.5 -3.5 3.5
      vertex 7.5 0 3.5
    endloop
  endfacet
  facet normal -0 0 1
    outer loop
      vertex 7.44889 -0.388228 3.5
      vertex 10.5 -3.5 3.5
      vertex 7.48717 -0.195788 3.5
    endloop
  endfacet
  facet normal -0 0 1
    outer loop
      vertex 7.38582 -0.574024 3.5
      vertex 10.5 -3.5 3.5
      vertex 7.44889 -0.388228 3.5
    endloop
  endfacet
  facet normal -0 0 1
    outer loop
      vertex 7.29904 -0.75 3.5
      vertex 10.5 -3.5 3.5
      vertex 7.38582 -0.574024 3.5
    endloop
  endfacet
  facet normal -0 0 1
    outer loop
      vertex 7.19003 -0.913141 3.5
      vertex 10.5 -3.5 3.5
      vertex 7.29904 -0.75 3.5
    endloop
  endfacet
  facet normal -0 0 1
    outer loop
      vertex 7.06066 -1.06066 3.5
      vertex 10.5 -3.5 3.5
      vertex 7.19003 -0.913141 3.5
    endloop
  endfacet
  facet normal -0 0 1
    outer loop
      vertex 6.91314 -1.19003 3.5
      vertex 10.5 -3.5 3.5
      vertex 7.06066 -1.06066 3.5
    endloop
  endfacet
  facet normal -0 0 1
    outer loop
      vertex 6.75 -1.29904 3.5
      vertex 10.5 -3.5 3.5
      vertex 6.91314 -1.19003 3.5
    endloop
  endfacet
  facet normal -0 0 1
    outer loop
      vertex 6.57402 -1.38582 3.5
      vertex 10.5 -3.5 3.5
      vertex 6.75 -1.29904 3.5
    endloop
  endfacet
  facet normal -0 0 1
    outer loop
      vertex 6.38823 -1.44889 3.5
      vertex 10.5 -3.5 3.5
      vertex 6.57402 -1.38582 3.5
    endloop
  endfacet
  facet normal -0 0 1
    outer loop
      vertex 6.19579 -1.48717 3.5
      vertex 10.5 -3.5 3.5
      vertex 6.38823 -1.44889 3.5
    endloop
  endfacet
  facet normal -0 0 1
    outer loop
      vertex 6 -1.5 3.5
      vertex 10.5 -3.5 3.5
      vertex 6.19579 -1.48717 3.5
    endloop
  endfacet
  facet normal 0 0 1
    outer loop
      vertex 1.5 -3.5 3.5
      vertex 6 -1.5 3.5
      vertex 5.80421 -1.48717 3.5
    endloop
  endfacet
  facet normal 0 0 1
    outer loop
      vertex 1.5 -3.5 3.5
      vertex 5.80421 -1.48717 3.5
      vertex 5.61177 -1.44889 3.5
    endloop
  endfacet
  facet normal 0 0 1
    outer loop
      vertex 1.5 -3.5 3.5
      vertex 5.61177 -1.44889 3.5
      vertex 5.42598 -1.38582 3.5
    endloop
  endfacet
  facet normal 0 0 1
    outer loop
      vertex 1.5 -3.5 3.5
      vertex 4.5 0 3.5
      vertex 1.5 3.5 3.5
    endloop
  endfacet
  facet normal 0 0 1
    outer loop
      vertex 4.5 0 3.5
      vertex 1.5 -3.5 3.5
      vertex 4.51283 -0.195788 3.5
    endloop
  endfacet
  facet normal 0 0 1
    outer loop
      vertex 4.51283 -0.195788 3.5
      vertex 1.5 -3.5 3.5
      vertex 4.55111 -0.388228 3.5
    endloop
  endfacet
  facet normal 0 0 1
    outer loop
      vertex 4.55111 -0.388228 3.5
      vertex 1.5 -3.5 3.5
      vertex 4.61418 -0.574024 3.5
    endloop
  endfacet
  facet normal 0 0 1
    outer loop
      vertex 4.61418 -0.574024 3.5
      vertex 1.5 -3.5 3.5
      vertex 4.70096 -0.75 3.5
    endloop
  endfacet
  facet normal 0 0 1
    outer loop
      vertex 6 -1.5 3.5
      vertex 1.5 -3.5 3.5
      vertex 10.5 -3.5 3.5
    endloop
  endfacet
  facet normal 0 0 1
    outer loop
      vertex 5.25 -1.29904 3.5
      vertex 1.5 -3.5 3.5
      vertex 5.42598 -1.38582 3.5
    endloop
  endfacet
  facet normal 0 0 1
    outer loop
      vertex 5.08686 -1.19003 3.5
      vertex 1.5 -3.5 3.5
      vertex 5.25 -1.29904 3.5
    endloop
  endfacet
  facet normal 0 0 1
    outer loop
      vertex 4.93934 -1.06066 3.5
      vertex 1.5 -3.5 3.5
      vertex 5.08686 -1.19003 3.5
    endloop
  endfacet
  facet normal 0 0 1
    outer loop
      vertex 4.80997 -0.913141 3.5
      vertex 1.5 -3.5 3.5
      vertex 4.93934 -1.06066 3.5
    endloop
  endfacet
  facet normal 0 0 1
    outer loop
      vertex 4.70096 -0.75 3.5
      vertex 1.5 -3.5 3.5
      vertex 4.80997 -0.913141 3.5
    endloop
  endfacet
  facet normal 0 0 -1
    outer loop
      vertex 10.5 -3.5 2.5
      vertex 9.49786 -1.5 2.5
      vertex 10.5 3.5 2.5
    endloop
  endfacet
  facet normal 0 0 -1
    outer loop
      vertex 10.5 -3.5 2.5
      vertex 9.48932 -1.63025 2.5
      vertex 9.49786 -1.5 2.5
    endloop
  endfacet
  facet normal 0 0 -1
    outer loop
      vertex 10.5 -3.5 2.5
      vertex 9.46386 -1.75827 2.5
      vertex 9.48932 -1.63025 2.5
    endloop
  endfacet
  facet normal 0 0 -1
    outer loop
      vertex 10.5 -3.5 2.5
      vertex 9.4219 -1.88186 2.5
      vertex 9.46386 -1.75827 2.5
    endloop
  endfacet
  facet normal 0 0 -1
    outer loop
      vertex 10.5 -3.5 2.5
      vertex 9.36417 -1.99893 2.5
      vertex 9.4219 -1.88186 2.5
    endloop
  endfacet
  facet normal 0 0 -1
    outer loop
      vertex 10.5 -3.5 2.5
      vertex 9.29165 -2.10746 2.5
      vertex 9.36417 -1.99893 2.5
    endloop
  endfacet
  facet normal 0 0 -1
    outer loop
      vertex 10.5 -3.5 2.5
      vertex 9.20559 -2.20559 2.5
      vertex 9.29165 -2.10746 2.5
    endloop
  endfacet
  facet normal 0 0 -1
    outer loop
      vertex 10.5 -3.5 2.5
      vertex 9.10746 -2.29166 2.5
      vertex 9.20559 -2.20559 2.5
    endloop
  endfacet
  facet normal 0 0 -1
    outer loop
      vertex 10.5 -3.5 2.5
      vertex 8.99893 -2.36417 2.5
      vertex 9.10746 -2.29166 2.5
    endloop
  endfacet
  facet normal 0 0 -1
    outer loop
      vertex 10.5 -3.5 2.5
      vertex 8.88186 -2.4219 2.5
      vertex 8.99893 -2.36417 2.5
    endloop
  endfacet
  facet normal 0 0 -1
    outer loop
      vertex 10.5 -3.5 2.5
      vertex 8.75826 -2.46386 2.5
      vertex 8.88186 -2.4219 2.5
    endloop
  endfacet
  facet normal 0 0 -1
    outer loop
      vertex 10.5 -3.5 2.5
      vertex 8.63025 -2.48932 2.5
      vertex 8.75826 -2.46386 2.5
    endloop
  endfacet
  facet normal 0 0 -1
    outer loop
      vertex 10.5 -3.5 2.5
      vertex 8.5 -2.49786 2.5
      vertex 8.63025 -2.48932 2.5
    endloop
  endfacet
  facet normal 0 0 -1
    outer loop
      vertex 10.5 -3.5 2.5
      vertex 3.5 -2.49786 2.5
      vertex 8.5 -2.49786 2.5
    endloop
  endfacet
  facet normal 0 0 -1
    outer loop
      vertex 1.5 -3.5 2.5
      vertex 3.5 -2.49786 2.5
      vertex 10.5 -3.5 2.5
    endloop
  endfacet
  facet normal -0 0 -1
    outer loop
      vertex 2.50214 -1.5 2.5
      vertex 1.5 -3.5 2.5
      vertex 2.50214 1.5 2.5
    endloop
  endfacet
  facet normal -0 0 -1
    outer loop
      vertex 2.51068 -1.63025 2.5
      vertex 1.5 -3.5 2.5
      vertex 2.50214 -1.5 2.5
    endloop
  endfacet
  facet normal -0 0 -1
    outer loop
      vertex 2.53614 -1.75827 2.5
      vertex 1.5 -3.5 2.5
      vertex 2.51068 -1.63025 2.5
    endloop
  endfacet
  facet normal -0 0 -1
    outer loop
      vertex 2.5781 -1.88186 2.5
      vertex 1.5 -3.5 2.5
      vertex 2.53614 -1.75827 2.5
    endloop
  endfacet
  facet normal -0 0 -1
    outer loop
      vertex 2.63583 -1.99893 2.5
      vertex 1.5 -3.5 2.5
      vertex 2.5781 -1.88186 2.5
    endloop
  endfacet
  facet normal -0 0 -1
    outer loop
      vertex 2.70834 -2.10746 2.5
      vertex 1.5 -3.5 2.5
      vertex 2.63583 -1.99893 2.5
    endloop
  endfacet
  facet normal -0 0 -1
    outer loop
      vertex 2.79441 -2.20559 2.5
      vertex 1.5 -3.5 2.5
      vertex 2.70834 -2.10746 2.5
    endloop
  endfacet
  facet normal -0 0 -1
    outer loop
      vertex 2.89254 -2.29166 2.5
      vertex 1.5 -3.5 2.5
      vertex 2.79441 -2.20559 2.5
    endloop
  endfacet
  facet normal -0 0 -1
    outer loop
      vertex 3.00107 -2.36417 2.5
      vertex 1.5 -3.5 2.5
      vertex 2.89254 -2.29166 2.5
    endloop
  endfacet
  facet normal -0 0 -1
    outer loop
      vertex 3.11814 -2.4219 2.5
      vertex 1.5 -3.5 2.5
      vertex 3.00107 -2.36417 2.5
    endloop
  endfacet
  facet normal -0 0 -1
    outer loop
      vertex 3.24173 -2.46386 2.5
      vertex 1.5 -3.5 2.5
      vertex 3.11814 -2.4219 2.5
    endloop
  endfacet
  facet normal -0 0 -1
    outer loop
      vertex 3.36975 -2.48932 2.5
      vertex 1.5 -3.5 2.5
      vertex 3.24173 -2.46386 2.5
    endloop
  endfacet
  facet normal -0 0 -1
    outer loop
      vertex 3.5 -2.49786 2.5
      vertex 1.5 -3.5 2.5
      vertex 3.36975 -2.48932 2.5
    endloop
  endfacet
  facet normal 0 0 -1
    outer loop
      vertex 9.49786 1.5 2.5
      vertex 10.5 3.5 2.5
      vertex 9.49786 -1.5 2.5
    endloop
  endfacet
  facet normal 0 0 -1
    outer loop
      vertex 9.48932 1.63025 2.5
      vertex 10.5 3.5 2.5
      vertex 9.49786 1.5 2.5
    endloop
  endfacet
  facet normal 0 0 -1
    outer loop
      vertex 9.46386 1.75826 2.5
      vertex 10.5 3.5 2.5
      vertex 9.48932 1.63025 2.5
    endloop
  endfacet
  facet normal 0 0 -1
    outer loop
      vertex 9.4219 1.88186 2.5
      vertex 10.5 3.5 2.5
      vertex 9.46386 1.75826 2.5
    endloop
  endfacet
  facet normal 0 0 -1
    outer loop
      vertex 9.36417 1.99893 2.5
      vertex 10.5 3.5 2.5
      vertex 9.4219 1.88186 2.5
    endloop
  endfacet
  facet normal 0 0 -1
    outer loop
      vertex 9.29165 2.10746 2.5
      vertex 10.5 3.5 2.5
      vertex 9.36417 1.99893 2.5
    endloop
  endfacet
  facet normal 0 0 -1
    outer loop
      vertex 9.20559 2.20559 2.5
      vertex 10.5 3.5 2.5
      vertex 9.29165 2.10746 2.5
    endloop
  endfacet
  facet normal 0 0 -1
    outer loop
      vertex 9.10746 2.29165 2.5
      vertex 10.5 3.5 2.5
      vertex 9.20559 2.20559 2.5
    endloop
  endfacet
  facet normal 0 0 -1
    outer loop
      vertex 8.99893 2.36417 2.5
      vertex 10.5 3.5 2.5
      vertex 9.10746 2.29165 2.5
    endloop
  endfacet
  facet normal 0 0 -1
    outer loop
      vertex 8.88186 2.4219 2.5
      vertex 10.5 3.5 2.5
      vertex 8.99893 2.36417 2.5
    endloop
  endfacet
  facet normal 0 0 -1
    outer loop
      vertex 8.75826 2.46386 2.5
      vertex 10.5 3.5 2.5
      vertex 8.88186 2.4219 2.5
    endloop
  endfacet
  facet normal 0 0 -1
    outer loop
      vertex 8.63025 2.48932 2.5
      vertex 10.5 3.5 2.5
      vertex 8.75826 2.46386 2.5
    endloop
  endfacet
  facet normal 0 0 -1
    outer loop
      vertex 8.5 2.49786 2.5
      vertex 10.5 3.5 2.5
      vertex 8.63025 2.48932 2.5
    endloop
  endfacet
  facet normal 0 0 -1
    outer loop
      vertex 3.5 2.49786 2.5
      vertex 10.5 3.5 2.5
      vertex 8.5 2.49786 2.5
    endloop
  endfacet
  facet normal 0 0 -1
    outer loop
      vertex 1.5 3.5 2.5
      vertex 3.5 2.49786 2.5
      vertex 3.36975 2.48932 2.5
    endloop
  endfacet
  facet normal 0 0 -1
    outer loop
      vertex 1.5 3.5 2.5
      vertex 2.50214 1.5 2.5
      vertex 1.5 -3.5 2.5
    endloop
  endfacet
  facet normal 0 0 -1
    outer loop
      vertex 3.5 2.49786 2.5
      vertex 1.5 3.5 2.5
      vertex 10.5 3.5 2.5
    endloop
  endfacet
  facet normal 0 0 -1
    outer loop
      vertex 3.24173 2.46386 2.5
      vertex 1.5 3.5 2.5
      vertex 3.36975 2.48932 2.5
    endloop
  endfacet
  facet normal 0 0 -1
    outer loop
      vertex 3.11814 2.4219 2.5
      vertex 1.5 3.5 2.5
      vertex 3.24173 2.46386 2.5
    endloop
  endfacet
  facet normal 0 0 -1
    outer loop
      vertex 3.00107 2.36417 2.5
      vertex 1.5 3.5 2.5
      vertex 3.11814 2.4219 2.5
    endloop
  endfacet
  facet normal 0 0 -1
    outer loop
      vertex 2.89254 2.29165 2.5
      vertex 1.5 3.5 2.5
      vertex 3.00107 2.36417 2.5
    endloop
  endfacet
  facet normal 0 0 -1
    outer loop
      vertex 2.79441 2.20559 2.5
      vertex 1.5 3.5 2.5
      vertex 2.89254 2.29165 2.5
    endloop
  endfacet
  facet normal 0 0 -1
    outer loop
      vertex 2.70834 2.10746 2.5
      vertex 1.5 3.5 2.5
      vertex 2.79441 2.20559 2.5
    endloop
  endfacet
  facet normal 0 0 -1
    outer loop
      vertex 2.63583 1.99893 2.5
      vertex 1.5 3.5 2.5
      vertex 2.70834 2.10746 2.5
    endloop
  endfacet
  facet normal 0 0 -1
    outer loop
      vertex 2.5781 1.88186 2.5
      vertex 1.5 3.5 2.5
      vertex 2.63583 1.99893 2.5
    endloop
  endfacet
  facet normal 0 0 -1
    outer loop
      vertex 2.53614 1.75826 2.5
      vertex 1.5 3.5 2.5
      vertex 2.5781 1.88186 2.5
    endloop
  endfacet
  facet normal 0 0 -1
    outer loop
      vertex 2.51068 1.63025 2.5
      vertex 1.5 3.5 2.5
      vertex 2.53614 1.75826 2.5
    endloop
  endfacet
  facet normal 0 0 -1
    outer loop
      vertex 2.50214 1.5 2.5
      vertex 1.5 3.5 2.5
      vertex 2.51068 1.63025 2.5
    endloop
  endfacet
  facet normal -1 0 0
    outer loop
      vertex 1.5 -3.5 2.5
      vertex 1.5 3.5 3.5
      vertex 1.5 3.5 2.5
    endloop
  endfacet
  facet normal -1 -0 0
    outer loop
      vertex 1.5 3.5 3.5
      vertex 1.5 -3.5 2.5
      vertex 1.5 -3.5 3.5
    endloop
  endfacet
  facet normal 0 1 -0
    outer loop
      vertex 10.5 3.5 2.5
      vertex 1.5 3.5 3.5
      vertex 10.5 3.5 3.5
    endloop
  endfacet
  facet normal 0 1 0
    outer loop
      vertex 1.5 3.5 3.5
      vertex 10.5 3.5 2.5
      vertex 1.5 3.5 2.5
    endloop
  endfacet
  facet normal 0 -1 0
    outer loop
      vertex 1.5 -3.5 2.5
      vertex 10.5 -3.5 3.5
      vertex 1.5 -3.5 3.5
    endloop
  endfacet
  facet normal 0 -1 -0
    outer loop
      vertex 10.5 -3.5 3.5
      vertex 1.5 -3.5 2.5
      vertex 10.5 -3.5 2.5
    endloop
  endfacet
  facet normal 0.980784 0.195097 0
    outer loop
      vertex 7.48717 0.195788 5.6
      vertex 7.44889 0.388228 3.5
      vertex 7.44889 0.388228 5.6
    endloop
  endfacet
  facet normal 0.980784 0.195097 0
    outer loop
      vertex 7.44889 0.388228 3.5
      vertex 7.48717 0.195788 5.6
      vertex 7.48717 0.195788 3.5
    endloop
  endfacet
  facet normal 0.99786 0.0653898 0
    outer loop
      vertex 7.5 0 5.6
      vertex 7.48717 0.195788 3.5
      vertex 7.48717 0.195788 5.6
    endloop
  endfacet
  facet normal 0.99786 0.0653898 0
    outer loop
      vertex 7.48717 0.195788 3.5
      vertex 7.5 0 5.6
      vertex 7.5 0 3.5
    endloop
  endfacet
  facet normal 0.321452 -0.946926 0
    outer loop
      vertex 6.38823 -1.44889 3.5
      vertex 6.57402 -1.38582 5.6
      vertex 6.38823 -1.44889 5.6
    endloop
  endfacet
  facet normal 0.321452 -0.946926 0
    outer loop
      vertex 6.57402 -1.38582 5.6
      vertex 6.38823 -1.44889 3.5
      vertex 6.57402 -1.38582 3.5
    endloop
  endfacet
  facet normal 0.831463 0.55558 0
    outer loop
      vertex 7.29904 0.75 5.6
      vertex 7.19003 0.913141 3.5
      vertex 7.19003 0.913141 5.6
    endloop
  endfacet
  facet normal 0.831463 0.55558 0
    outer loop
      vertex 7.19003 0.913141 3.5
      vertex 7.29904 0.75 5.6
      vertex 7.29904 0.75 3.5
    endloop
  endfacet
  facet normal -0.896876 0.442281 0
    outer loop
      vertex 4.61418 0.574024 3.5
      vertex 4.70096 0.75 5.6
      vertex 4.70096 0.75 3.5
    endloop
  endfacet
  facet normal -0.896876 0.442281 0
    outer loop
      vertex 4.70096 0.75 5.6
      vertex 4.61418 0.574024 3.5
      vertex 4.61418 0.574024 5.6
    endloop
  endfacet
  facet normal -0.555582 0.831462 0
    outer loop
      vertex 5.25 1.29904 3.5
      vertex 5.08686 1.19003 5.6
      vertex 5.25 1.29904 5.6
    endloop
  endfacet
  facet normal -0.555582 0.831462 0
    outer loop
      vertex 5.08686 1.19003 5.6
      vertex 5.25 1.29904 3.5
      vertex 5.08686 1.19003 3.5
    endloop
  endfacet
  facet normal -0.659341 0.751844 0
    outer loop
      vertex 5.08686 1.19003 3.5
      vertex 4.93934 1.06066 5.6
      vertex 5.08686 1.19003 5.6
    endloop
  endfacet
  facet normal -0.659341 0.751844 0
    outer loop
      vertex 4.93934 1.06066 5.6
      vertex 5.08686 1.19003 3.5
      vertex 4.93934 1.06066 3.5
    endloop
  endfacet
  facet normal -0.751842 0.659344 0
    outer loop
      vertex 4.80997 0.913141 3.5
      vertex 4.93934 1.06066 5.6
      vertex 4.93934 1.06066 3.5
    endloop
  endfacet
  facet normal -0.751842 0.659344 0
    outer loop
      vertex 4.93934 1.06066 5.6
      vertex 4.80997 0.913141 3.5
      vertex 4.80997 0.913141 5.6
    endloop
  endfacet
  facet normal 0.946929 -0.321443 0
    outer loop
      vertex 7.38582 -0.574024 5.6
      vertex 7.44889 -0.388228 3.5
      vertex 7.44889 -0.388228 5.6
    endloop
  endfacet
  facet normal 0.946929 -0.321443 0
    outer loop
      vertex 7.44889 -0.388228 3.5
      vertex 7.38582 -0.574024 5.6
      vertex 7.38582 -0.574024 3.5
    endloop
  endfacet
  facet normal -0.99786 0.0653898 0
    outer loop
      vertex 4.5 0 3.5
      vertex 4.51283 0.195788 5.6
      vertex 4.51283 0.195788 3.5
    endloop
  endfacet
  facet normal -0.99786 0.0653898 0
    outer loop
      vertex 4.51283 0.195788 5.6
      vertex 4.5 0 3.5
      vertex 4.5 0 5.6
    endloop
  endfacet
  facet normal 0.555582 0.831462 -0
    outer loop
      vertex 6.91314 1.19003 3.5
      vertex 6.75 1.29904 5.6
      vertex 6.91314 1.19003 5.6
    endloop
  endfacet
  facet normal 0.555582 0.831462 0
    outer loop
      vertex 6.75 1.29904 5.6
      vertex 6.91314 1.19003 3.5
      vertex 6.75 1.29904 3.5
    endloop
  endfacet
  facet normal -0.321452 -0.946926 0
    outer loop
      vertex 5.42598 -1.38582 3.5
      vertex 5.61177 -1.44889 5.6
      vertex 5.42598 -1.38582 5.6
    endloop
  endfacet
  facet normal -0.321452 -0.946926 -0
    outer loop
      vertex 5.61177 -1.44889 5.6
      vertex 5.42598 -1.38582 3.5
      vertex 5.61177 -1.44889 3.5
    endloop
  endfacet
  facet normal -0.751842 -0.659344 0
    outer loop
      vertex 4.93934 -1.06066 3.5
      vertex 4.80997 -0.913141 5.6
      vertex 4.80997 -0.913141 3.5
    endloop
  endfacet
  facet normal -0.751842 -0.659344 0
    outer loop
      vertex 4.80997 -0.913141 5.6
      vertex 4.93934 -1.06066 3.5
      vertex 4.93934 -1.06066 5.6
    endloop
  endfacet
  facet normal 0.195097 -0.980784 0
    outer loop
      vertex 6.19579 -1.48717 3.5
      vertex 6.38823 -1.44889 5.6
      vertex 6.19579 -1.48717 5.6
    endloop
  endfacet
  facet normal 0.195097 -0.980784 0
    outer loop
      vertex 6.38823 -1.44889 5.6
      vertex 6.19579 -1.48717 3.5
      vertex 6.38823 -1.44889 3.5
    endloop
  endfacet
  facet normal -0.321452 0.946926 0
    outer loop
      vertex 5.61177 1.44889 3.5
      vertex 5.42598 1.38582 5.6
      vertex 5.61177 1.44889 5.6
    endloop
  endfacet
  facet normal -0.321452 0.946926 0
    outer loop
      vertex 5.42598 1.38582 5.6
      vertex 5.61177 1.44889 3.5
      vertex 5.42598 1.38582 3.5
    endloop
  endfacet
  facet normal -0.831463 -0.55558 0
    outer loop
      vertex 4.80997 -0.913141 3.5
      vertex 4.70096 -0.75 5.6
      vertex 4.70096 -0.75 3.5
    endloop
  endfacet
  facet normal -0.831463 -0.55558 0
    outer loop
      vertex 4.70096 -0.75 5.6
      vertex 4.80997 -0.913141 3.5
      vertex 4.80997 -0.913141 5.6
    endloop
  endfacet
  facet normal 0.555582 -0.831462 0
    outer loop
      vertex 6.75 -1.29904 3.5
      vertex 6.91314 -1.19003 5.6
      vertex 6.75 -1.29904 5.6
    endloop
  endfacet
  facet normal 0.555582 -0.831462 0
    outer loop
      vertex 6.91314 -1.19003 5.6
      vertex 6.75 -1.29904 3.5
      vertex 6.91314 -1.19003 3.5
    endloop
  endfacet
  facet normal -0.946929 0.321443 0
    outer loop
      vertex 4.55111 0.388228 3.5
      vertex 4.61418 0.574024 5.6
      vertex 4.61418 0.574024 3.5
    endloop
  endfacet
  facet normal -0.946929 0.321443 0
    outer loop
      vertex 4.61418 0.574024 5.6
      vertex 4.55111 0.388228 3.5
      vertex 4.55111 0.388228 5.6
    endloop
  endfacet
  facet normal 0.321452 0.946926 -0
    outer loop
      vertex 6.57402 1.38582 3.5
      vertex 6.38823 1.44889 5.6
      vertex 6.57402 1.38582 5.6
    endloop
  endfacet
  facet normal 0.321452 0.946926 0
    outer loop
      vertex 6.38823 1.44889 5.6
      vertex 6.57402 1.38582 3.5
      vertex 6.38823 1.44889 3.5
    endloop
  endfacet
  facet normal 0.0653892 0.99786 -0
    outer loop
      vertex 6.19579 1.48717 3.5
      vertex 6 1.5 5.6
      vertex 6.19579 1.48717 5.6
    endloop
  endfacet
  facet normal 0.0653892 0.99786 0
    outer loop
      vertex 6 1.5 5.6
      vertex 6.19579 1.48717 3.5
      vertex 6 1.5 3.5
    endloop
  endfacet
  facet normal -0.442273 0.89688 0
    outer loop
      vertex 5.42598 1.38582 3.5
      vertex 5.25 1.29904 5.6
      vertex 5.42598 1.38582 5.6
    endloop
  endfacet
  facet normal -0.442273 0.89688 0
    outer loop
      vertex 5.25 1.29904 5.6
      vertex 5.42598 1.38582 3.5
      vertex 5.25 1.29904 3.5
    endloop
  endfacet
  facet normal 0.831463 -0.55558 0
    outer loop
      vertex 7.19003 -0.913141 5.6
      vertex 7.29904 -0.75 3.5
      vertex 7.29904 -0.75 5.6
    endloop
  endfacet
  facet normal 0.831463 -0.55558 0
    outer loop
      vertex 7.29904 -0.75 3.5
      vertex 7.19003 -0.913141 5.6
      vertex 7.19003 -0.913141 3.5
    endloop
  endfacet
  facet normal -0.99786 -0.0653898 0
    outer loop
      vertex 4.51283 -0.195788 3.5
      vertex 4.5 0 5.6
      vertex 4.5 0 3.5
    endloop
  endfacet
  facet normal -0.99786 -0.0653898 0
    outer loop
      vertex 4.5 0 5.6
      vertex 4.51283 -0.195788 3.5
      vertex 4.51283 -0.195788 5.6
    endloop
  endfacet
  facet normal -0.946929 -0.321443 0
    outer loop
      vertex 4.61418 -0.574024 3.5
      vertex 4.55111 -0.388228 5.6
      vertex 4.55111 -0.388228 3.5
    endloop
  endfacet
  facet normal -0.946929 -0.321443 0
    outer loop
      vertex 4.55111 -0.388228 5.6
      vertex 4.61418 -0.574024 3.5
      vertex 4.61418 -0.574024 5.6
    endloop
  endfacet
  facet normal -0.659341 -0.751844 0
    outer loop
      vertex 4.93934 -1.06066 3.5
      vertex 5.08686 -1.19003 5.6
      vertex 4.93934 -1.06066 5.6
    endloop
  endfacet
  facet normal -0.659341 -0.751844 -0
    outer loop
      vertex 5.08686 -1.19003 5.6
      vertex 4.93934 -1.06066 3.5
      vertex 5.08686 -1.19003 3.5
    endloop
  endfacet
  facet normal 0.442273 0.89688 -0
    outer loop
      vertex 6.75 1.29904 3.5
      vertex 6.57402 1.38582 5.6
      vertex 6.75 1.29904 5.6
    endloop
  endfacet
  facet normal 0.442273 0.89688 0
    outer loop
      vertex 6.57402 1.38582 5.6
      vertex 6.75 1.29904 3.5
      vertex 6.57402 1.38582 3.5
    endloop
  endfacet
  facet normal -0.195097 0.980784 0
    outer loop
      vertex 5.80421 1.48717 3.5
      vertex 5.61177 1.44889 5.6
      vertex 5.80421 1.48717 5.6
    endloop
  endfacet
  facet normal -0.195097 0.980784 0
    outer loop
      vertex 5.61177 1.44889 5.6
      vertex 5.80421 1.48717 3.5
      vertex 5.61177 1.44889 3.5
    endloop
  endfacet
  facet normal 0.751842 0.659344 0
    outer loop
      vertex 7.19003 0.913141 5.6
      vertex 7.06066 1.06066 3.5
      vertex 7.06066 1.06066 5.6
    endloop
  endfacet
  facet normal 0.751842 0.659344 0
    outer loop
      vertex 7.06066 1.06066 3.5
      vertex 7.19003 0.913141 5.6
      vertex 7.19003 0.913141 3.5
    endloop
  endfacet
  facet normal 0.195097 0.980784 -0
    outer loop
      vertex 6.38823 1.44889 3.5
      vertex 6.19579 1.48717 5.6
      vertex 6.38823 1.44889 5.6
    endloop
  endfacet
  facet normal 0.195097 0.980784 0
    outer loop
      vertex 6.19579 1.48717 5.6
      vertex 6.38823 1.44889 3.5
      vertex 6.19579 1.48717 3.5
    endloop
  endfacet
  facet normal 0.751842 -0.659344 0
    outer loop
      vertex 7.06066 -1.06066 5.6
      vertex 7.19003 -0.913141 3.5
      vertex 7.19003 -0.913141 5.6
    endloop
  endfacet
  facet normal 0.751842 -0.659344 0
    outer loop
      vertex 7.19003 -0.913141 3.5
      vertex 7.06066 -1.06066 5.6
      vertex 7.06066 -1.06066 3.5
    endloop
  endfacet
  facet normal -0.442273 -0.89688 0
    outer loop
      vertex 5.25 -1.29904 3.5
      vertex 5.42598 -1.38582 5.6
      vertex 5.25 -1.29904 5.6
    endloop
  endfacet
  facet normal -0.442273 -0.89688 -0
    outer loop
      vertex 5.42598 -1.38582 5.6
      vertex 5.25 -1.29904 3.5
      vertex 5.42598 -1.38582 3.5
    endloop
  endfacet
  facet normal -0.0653892 0.99786 0
    outer loop
      vertex 6 1.5 3.5
      vertex 5.80421 1.48717 5.6
      vertex 6 1.5 5.6
    endloop
  endfacet
  facet normal -0.0653892 0.99786 0
    outer loop
      vertex 5.80421 1.48717 5.6
      vertex 6 1.5 3.5
      vertex 5.80421 1.48717 3.5
    endloop
  endfacet
  facet normal -0.980784 0.195097 0
    outer loop
      vertex 4.51283 0.195788 3.5
      vertex 4.55111 0.388228 5.6
      vertex 4.55111 0.388228 3.5
    endloop
  endfacet
  facet normal -0.980784 0.195097 0
    outer loop
      vertex 4.55111 0.388228 5.6
      vertex 4.51283 0.195788 3.5
      vertex 4.51283 0.195788 5.6
    endloop
  endfacet
  facet normal 0.0653892 -0.99786 0
    outer loop
      vertex 6 -1.5 3.5
      vertex 6.19579 -1.48717 5.6
      vertex 6 -1.5 5.6
    endloop
  endfacet
  facet normal 0.0653892 -0.99786 0
    outer loop
      vertex 6.19579 -1.48717 5.6
      vertex 6 -1.5 3.5
      vertex 6.19579 -1.48717 3.5
    endloop
  endfacet
  facet normal 0.442273 -0.89688 0
    outer loop
      vertex 6.57402 -1.38582 3.5
      vertex 6.75 -1.29904 5.6
      vertex 6.57402 -1.38582 5.6
    endloop
  endfacet
  facet normal 0.442273 -0.89688 0
    outer loop
      vertex 6.75 -1.29904 5.6
      vertex 6.57402 -1.38582 3.5
      vertex 6.75 -1.29904 3.5
    endloop
  endfacet
  facet normal 0.659341 -0.751844 0
    outer loop
      vertex 6.91314 -1.19003 3.5
      vertex 7.06066 -1.06066 5.6
      vertex 6.91314 -1.19003 5.6
    endloop
  endfacet
  facet normal 0.659341 -0.751844 0
    outer loop
      vertex 7.06066 -1.06066 5.6
      vertex 6.91314 -1.19003 3.5
      vertex 7.06066 -1.06066 3.5
    endloop
  endfacet
  facet normal -0.896876 -0.442281 0
    outer loop
      vertex 4.70096 -0.75 3.5
      vertex 4.61418 -0.574024 5.6
      vertex 4.61418 -0.574024 3.5
    endloop
  endfacet
  facet normal -0.896876 -0.442281 0
    outer loop
      vertex 4.61418 -0.574024 5.6
      vertex 4.70096 -0.75 3.5
      vertex 4.70096 -0.75 5.6
    endloop
  endfacet
  facet normal 0.896876 -0.442281 0
    outer loop
      vertex 7.29904 -0.75 5.6
      vertex 7.38582 -0.574024 3.5
      vertex 7.38582 -0.574024 5.6
    endloop
  endfacet
  facet normal 0.896876 -0.442281 0
    outer loop
      vertex 7.38582 -0.574024 3.5
      vertex 7.29904 -0.75 5.6
      vertex 7.29904 -0.75 3.5
    endloop
  endfacet
  facet normal 0.659341 0.751844 -0
    outer loop
      vertex 7.06066 1.06066 3.5
      vertex 6.91314 1.19003 5.6
      vertex 7.06066 1.06066 5.6
    endloop
  endfacet
  facet normal 0.659341 0.751844 0
    outer loop
      vertex 6.91314 1.19003 5.6
      vertex 7.06066 1.06066 3.5
      vertex 6.91314 1.19003 3.5
    endloop
  endfacet
  facet normal 0.99786 -0.0653898 0
    outer loop
      vertex 7.48717 -0.195788 5.6
      vertex 7.5 0 3.5
      vertex 7.5 0 5.6
    endloop
  endfacet
  facet normal 0.99786 -0.0653898 0
    outer loop
      vertex 7.5 0 3.5
      vertex 7.48717 -0.195788 5.6
      vertex 7.48717 -0.195788 3.5
    endloop
  endfacet
  facet normal -0.555582 -0.831462 0
    outer loop
      vertex 5.08686 -1.19003 3.5
      vertex 5.25 -1.29904 5.6
      vertex 5.08686 -1.19003 5.6
    endloop
  endfacet
  facet normal -0.555582 -0.831462 -0
    outer loop
      vertex 5.25 -1.29904 5.6
      vertex 5.08686 -1.19003 3.5
      vertex 5.25 -1.29904 3.5
    endloop
  endfacet
  facet normal 0.896876 0.442281 0
    outer loop
      vertex 7.38582 0.574024 5.6
      vertex 7.29904 0.75 3.5
      vertex 7.29904 0.75 5.6
    endloop
  endfacet
  facet normal 0.896876 0.442281 0
    outer loop
      vertex 7.29904 0.75 3.5
      vertex 7.38582 0.574024 5.6
      vertex 7.38582 0.574024 3.5
    endloop
  endfacet
  facet normal 0.980784 -0.195097 0
    outer loop
      vertex 7.44889 -0.388228 5.6
      vertex 7.48717 -0.195788 3.5
      vertex 7.48717 -0.195788 5.6
    endloop
  endfacet
  facet normal 0.980784 -0.195097 0
    outer loop
      vertex 7.48717 -0.195788 3.5
      vertex 7.44889 -0.388228 5.6
      vertex 7.44889 -0.388228 3.5
    endloop
  endfacet
  facet normal 0.946929 0.321443 0
    outer loop
      vertex 7.44889 0.388228 5.6
      vertex 7.38582 0.574024 3.5
      vertex 7.38582 0.574024 5.6
    endloop
  endfacet
  facet normal 0.946929 0.321443 0
    outer loop
      vertex 7.38582 0.574024 3.5
      vertex 7.44889 0.388228 5.6
      vertex 7.44889 0.388228 3.5
    endloop
  endfacet
  facet normal -0.980784 -0.195097 0
    outer loop
      vertex 4.55111 -0.388228 3.5
      vertex 4.51283 -0.195788 5.6
      vertex 4.51283 -0.195788 3.5
    endloop
  endfacet
  facet normal -0.980784 -0.195097 0
    outer loop
      vertex 4.51283 -0.195788 5.6
      vertex 4.55111 -0.388228 3.5
      vertex 4.55111 -0.388228 5.6
    endloop
  endfacet
  facet normal 0 0 1
    outer loop
      vertex 7.48717 0.195788 5.6
      vertex 7.48717 -0.195788 5.6
      vertex 7.5 0 5.6
    endloop
  endfacet
  facet normal 0 0 1
    outer loop
      vertex 7.44889 0.388228 5.6
      vertex 7.48717 -0.195788 5.6
      vertex 7.48717 0.195788 5.6
    endloop
  endfacet
  facet normal 0 0 1
    outer loop
      vertex 7.44889 0.388228 5.6
      vertex 7.44889 -0.388228 5.6
      vertex 7.48717 -0.195788 5.6
    endloop
  endfacet
  facet normal 0 0 1
    outer loop
      vertex 7.38582 0.574024 5.6
      vertex 7.44889 -0.388228 5.6
      vertex 7.44889 0.388228 5.6
    endloop
  endfacet
  facet normal 0 0 1
    outer loop
      vertex 7.38582 0.574024 5.6
      vertex 7.38582 -0.574024 5.6
      vertex 7.44889 -0.388228 5.6
    endloop
  endfacet
  facet normal 0 0 1
    outer loop
      vertex 7.29904 0.75 5.6
      vertex 7.38582 -0.574024 5.6
      vertex 7.38582 0.574024 5.6
    endloop
  endfacet
  facet normal 0 0 1
    outer loop
      vertex 7.29904 0.75 5.6
      vertex 7.29904 -0.75 5.6
      vertex 7.38582 -0.574024 5.6
    endloop
  endfacet
  facet normal 0 0 1
    outer loop
      vertex 7.19003 0.913141 5.6
      vertex 7.29904 -0.75 5.6
      vertex 7.29904 0.75 5.6
    endloop
  endfacet
  facet normal 0 0 1
    outer loop
      vertex 7.19003 0.913141 5.6
      vertex 7.19003 -0.913141 5.6
      vertex 7.29904 -0.75 5.6
    endloop
  endfacet
  facet normal 0 0 1
    outer loop
      vertex 7.06066 1.06066 5.6
      vertex 7.19003 -0.913141 5.6
      vertex 7.19003 0.913141 5.6
    endloop
  endfacet
  facet normal 0 0 1
    outer loop
      vertex 7.06066 1.06066 5.6
      vertex 7.06066 -1.06066 5.6
      vertex 7.19003 -0.913141 5.6
    endloop
  endfacet
  facet normal 0 0 1
    outer loop
      vertex 6.91314 1.19003 5.6
      vertex 7.06066 -1.06066 5.6
      vertex 7.06066 1.06066 5.6
    endloop
  endfacet
  facet normal 0 0 1
    outer loop
      vertex 6.91314 1.19003 5.6
      vertex 6.91314 -1.19003 5.6
      vertex 7.06066 -1.06066 5.6
    endloop
  endfacet
  facet normal 0 0 1
    outer loop
      vertex 6.75 1.29904 5.6
      vertex 6.91314 -1.19003 5.6
      vertex 6.91314 1.19003 5.6
    endloop
  endfacet
  facet normal 0 0 1
    outer loop
      vertex 6.75 1.29904 5.6
      vertex 6.75 -1.29904 5.6
      vertex 6.91314 -1.19003 5.6
    endloop
  endfacet
  facet normal 0 0 1
    outer loop
      vertex 6.57402 1.38582 5.6
      vertex 6.75 -1.29904 5.6
      vertex 6.75 1.29904 5.6
    endloop
  endfacet
  facet normal 0 0 1
    outer loop
      vertex 6.57402 1.38582 5.6
      vertex 6.57402 -1.38582 5.6
      vertex 6.75 -1.29904 5.6
    endloop
  endfacet
  facet normal 0 0 1
    outer loop
      vertex 6.38823 1.44889 5.6
      vertex 6.57402 -1.38582 5.6
      vertex 6.57402 1.38582 5.6
    endloop
  endfacet
  facet normal 0 0 1
    outer loop
      vertex 6.38823 1.44889 5.6
      vertex 6.38823 -1.44889 5.6
      vertex 6.57402 -1.38582 5.6
    endloop
  endfacet
  facet normal 0 0 1
    outer loop
      vertex 6.19579 1.48717 5.6
      vertex 6.38823 -1.44889 5.6
      vertex 6.38823 1.44889 5.6
    endloop
  endfacet
  facet normal 0 0 1
    outer loop
      vertex 6.19579 1.48717 5.6
      vertex 6.19579 -1.48717 5.6
      vertex 6.38823 -1.44889 5.6
    endloop
  endfacet
  facet normal 0 0 1
    outer loop
      vertex 6 1.5 5.6
      vertex 6.19579 -1.48717 5.6
      vertex 6.19579 1.48717 5.6
    endloop
  endfacet
  facet normal 0 0 1
    outer loop
      vertex 6 1.5 5.6
      vertex 6 -1.5 5.6
      vertex 6.19579 -1.48717 5.6
    endloop
  endfacet
  facet normal -0 0 1
    outer loop
      vertex 5.80421 1.48717 5.6
      vertex 6 -1.5 5.6
      vertex 6 1.5 5.6
    endloop
  endfacet
  facet normal 0 0 1
    outer loop
      vertex 5.80421 1.48717 5.6
      vertex 5.80421 -1.48717 5.6
      vertex 6 -1.5 5.6
    endloop
  endfacet
  facet normal -0 0 1
    outer loop
      vertex 5.61177 1.44889 5.6
      vertex 5.80421 -1.48717 5.6
      vertex 5.80421 1.48717 5.6
    endloop
  endfacet
  facet normal 0 0 1
    outer loop
      vertex 5.61177 1.44889 5.6
      vertex 5.61177 -1.44889 5.6
      vertex 5.80421 -1.48717 5.6
    endloop
  endfacet
  facet normal -0 0 1
    outer loop
      vertex 5.42598 1.38582 5.6
      vertex 5.61177 -1.44889 5.6
      vertex 5.61177 1.44889 5.6
    endloop
  endfacet
  facet normal 0 0 1
    outer loop
      vertex 5.42598 1.38582 5.6
      vertex 5.42598 -1.38582 5.6
      vertex 5.61177 -1.44889 5.6
    endloop
  endfacet
  facet normal -0 0 1
    outer loop
      vertex 5.25 1.29904 5.6
      vertex 5.42598 -1.38582 5.6
      vertex 5.42598 1.38582 5.6
    endloop
  endfacet
  facet normal 0 0 1
    outer loop
      vertex 5.25 1.29904 5.6
      vertex 5.25 -1.29904 5.6
      vertex 5.42598 -1.38582 5.6
    endloop
  endfacet
  facet normal -0 0 1
    outer loop
      vertex 5.08686 1.19003 5.6
      vertex 5.25 -1.29904 5.6
      vertex 5.25 1.29904 5.6
    endloop
  endfacet
  facet normal 0 0 1
    outer loop
      vertex 5.08686 1.19003 5.6
      vertex 5.08686 -1.19003 5.6
      vertex 5.25 -1.29904 5.6
    endloop
  endfacet
  facet normal -0 0 1
    outer loop
      vertex 4.93934 1.06066 5.6
      vertex 5.08686 -1.19003 5.6
      vertex 5.08686 1.19003 5.6
    endloop
  endfacet
  facet normal 0 0 1
    outer loop
      vertex 4.93934 1.06066 5.6
      vertex 4.93934 -1.06066 5.6
      vertex 5.08686 -1.19003 5.6
    endloop
  endfacet
  facet normal -0 0 1
    outer loop
      vertex 4.80997 0.913141 5.6
      vertex 4.93934 -1.06066 5.6
      vertex 4.93934 1.06066 5.6
    endloop
  endfacet
  facet normal 0 0 1
    outer loop
      vertex 4.80997 0.913141 5.6
      vertex 4.80997 -0.913141 5.6
      vertex 4.93934 -1.06066 5.6
    endloop
  endfacet
  facet normal -0 0 1
    outer loop
      vertex 4.70096 0.75 5.6
      vertex 4.80997 -0.913141 5.6
      vertex 4.80997 0.913141 5.6
    endloop
  endfacet
  facet normal 0 0 1
    outer loop
      vertex 4.70096 0.75 5.6
      vertex 4.70096 -0.75 5.6
      vertex 4.80997 -0.913141 5.6
    endloop
  endfacet
  facet normal -0 0 1
    outer loop
      vertex 4.61418 0.574024 5.6
      vertex 4.70096 -0.75 5.6
      vertex 4.70096 0.75 5.6
    endloop
  endfacet
  facet normal 0 0 1
    outer loop
      vertex 4.61418 0.574024 5.6
      vertex 4.61418 -0.574024 5.6
      vertex 4.70096 -0.75 5.6
    endloop
  endfacet
  facet normal -0 0 1
    outer loop
      vertex 4.55111 0.388228 5.6
      vertex 4.61418 -0.574024 5.6
      vertex 4.61418 0.574024 5.6
    endloop
  endfacet
  facet normal 0 0 1
    outer loop
      vertex 4.55111 0.388228 5.6
      vertex 4.55111 -0.388228 5.6
      vertex 4.61418 -0.574024 5.6
    endloop
  endfacet
  facet normal -0 0 1
    outer loop
      vertex 4.51283 0.195788 5.6
      vertex 4.55111 -0.388228 5.6
      vertex 4.55111 0.388228 5.6
    endloop
  endfacet
  facet normal 0 0 1
    outer loop
      vertex 4.51283 0.195788 5.6
      vertex 4.51283 -0.195788 5.6
      vertex 4.55111 -0.388228 5.6
    endloop
  endfacet
  facet normal 0 -0 1
    outer loop
      vertex 4.51283 -0.195788 5.6
      vertex 4.51283 0.195788 5.6
      vertex 4.5 0 5.6
    endloop
  endfacet
  facet normal -0.195097 -0.980784 0
    outer loop
      vertex 5.61177 -1.44889 3.5
      vertex 5.80421 -1.48717 5.6
      vertex 5.61177 -1.44889 5.6
    endloop
  endfacet
  facet normal -0.195097 -0.980784 -0
    outer loop
      vertex 5.80421 -1.48717 5.6
      vertex 5.61177 -1.44889 3.5
      vertex 5.80421 -1.48717 3.5
    endloop
  endfacet
  facet normal -0.831463 0.55558 0
    outer loop
      vertex 4.70096 0.75 3.5
      vertex 4.80997 0.913141 5.6
      vertex 4.80997 0.913141 3.5
    endloop
  endfacet
  facet normal -0.831463 0.55558 0
    outer loop
      vertex 4.80997 0.913141 5.6
      vertex 4.70096 0.75 3.5
      vertex 4.70096 0.75 5.6
    endloop
  endfacet
  facet normal -0.0653892 -0.99786 0
    outer loop
      vertex 5.80421 -1.48717 3.5
      vertex 6 -1.5 5.6
      vertex 5.80421 -1.48717 5.6
    endloop
  endfacet
  facet normal -0.0653892 -0.99786 -0
    outer loop
      vertex 6 -1.5 5.6
      vertex 5.80421 -1.48717 3.5
      vertex 6 -1.5 3.5
    endloop
  endfacet
  facet normal -0.227581 -0.670288 -0.706343
    outer loop
      vertex 17.8054 -2.22622 0.340653
      vertex 17.7123 -2.19461 0.340653
      vertex 17.7477 -2.10916 0.248159
    endloop
  endfacet
  facet normal -0.255255 -0.751794 -0.60799
    outer loop
      vertex 17.8054 -2.22622 0.340653
      vertex 17.6818 -2.26818 0.444429
      vertex 17.7123 -2.19461 0.340653
    endloop
  endfacet
  facet normal -0.751679 -0.659529 0
    outer loop
      vertex 17.2944 -2.20559 0.934596
      vertex 17.2083 -2.10746 2.5
      vertex 17.2083 -2.10746 0.934596
    endloop
  endfacet
  facet normal -0.751679 -0.659529 0
    outer loop
      vertex 17.2083 -2.10746 2.5
      vertex 17.2944 -2.20559 0.934596
      vertex 17.2944 -2.20559 2.5
    endloop
  endfacet
  facet normal -0.0747474 -0.376054 -0.923578
    outer loop
      vertex 17.9423 -1.93851 0.103127
      vertex 17.8855 -1.92722 0.103127
      vertex 17.958 -1.81869 0.0530691
    endloop
  endfacet
  facet normal -0.0654508 0.997856 0
    outer loop
      vertex 18 2.49786 0.934596
      vertex 17.8698 2.48932 2.5
      vertex 18 2.49786 2.5
    endloop
  endfacet
  facet normal -0.0654508 0.997856 0
    outer loop
      vertex 17.8698 2.48932 2.5
      vertex 18 2.49786 0.934596
      vertex 17.8698 2.48932 0.934596
    endloop
  endfacet
  facet normal 0.118901 0.597858 -0.792735
    outer loop
      vertex 30.1438 2.03664 0.16853
      vertex 30.0725 2.05082 0.16853
      vertex 30.0861 2.1537 0.248159
    endloop
  endfacet
  facet normal -0.278516 0.820554 -0.49912
    outer loop
      vertex 17.7848 2.30314 0.444429
      vertex 17.6568 2.3286 0.557711
      vertex 17.7679 2.36631 0.557711
    endloop
  endfacet
  facet normal 0.180308 -0.90639 -0.38203
    outer loop
      vertex 30.2451 -2.41466 0.67856
      vertex 30.1236 -2.43883 0.67856
      vertex 30.2321 -2.36631 0.557711
    endloop
  endfacet
  facet normal -0.0648928 0.989349 -0.130299
    outer loop
      vertex 18 2.48078 0.804909
      vertex 17.8698 2.48932 0.934596
      vertex 18 2.49786 0.934596
    endloop
  endfacet
  facet normal -0.252876 0.288271 -0.923555
    outer loop
      vertex 17.7727 1.72729 0.0530691
      vertex 17.6873 1.81275 0.103127
      vertex 17.8043 1.75501 0.0530691
    endloop
  endfacet
  facet normal -0.382434 0.0246085 -0.923655
    outer loop
      vertex 17.6786 1.5 0.0530691
      vertex 17.5577 1.5 0.103127
      vertex 17.6813 1.54196 0.0530691
    endloop
  endfacet
  facet normal -0.0724543 -0.108912 -0.991407
    outer loop
      vertex 17.9025 -1.66895 0.0192146
      vertex 17.8812 -1.65478 0.0192146
      vertex 17.9673 -1.55664 0.002141
    endloop
  endfacet
  facet normal 0 0.382685 -0.923879
    outer loop
      vertex 18 1.82144 0.0530691
      vertex 30 1.94229 0.103127
      vertex 30 1.82144 0.0530691
    endloop
  endfacet
  facet normal 0 0.382685 -0.923879
    outer loop
      vertex 30 1.94229 0.103127
      vertex 18 1.82144 0.0530691
      vertex 18 1.94229 0.103127
    endloop
  endfacet
  facet normal -0.138121 -0.694296 -0.706311
    outer loop
      vertex 17.9139 -2.15371 0.248159
      vertex 17.8054 -2.22622 0.340653
      vertex 17.8293 -2.13688 0.248159
    endloop
  endfacet
  facet normal 0.310516 0.914833 -0.258187
    outer loop
      vertex 30.3624 2.37485 0.67856
      vertex 30.2538 2.44737 0.804909
      vertex 30.3753 2.40613 0.804909
    endloop
  endfacet
  facet normal -0.383306 0.777101 -0.499189
    outer loop
      vertex 17.5843 2.22007 0.444429
      vertex 17.5516 2.27671 0.557711
      vertex 17.6568 2.3286 0.557711
    endloop
  endfacet
  facet normal -0.25426 -0.0508114 -0.9658
    outer loop
      vertex 17.8116 -1.55049 0.0192146
      vertex 17.6813 -1.54196 0.0530691
      vertex 17.8066 -1.52547 0.0192146
    endloop
  endfacet
  facet normal -0.457909 0.402262 -0.792783
    outer loop
      vertex 17.5592 1.83821 0.16853
      vertex 17.5338 1.96623 0.248159
      vertex 17.6072 1.89285 0.16853
    endloop
  endfacet
  facet normal 0.00854767 0.130518 -0.991409
    outer loop
      vertex 30.0255 1.69342 0.0192146
      vertex 30 1.5654 0.002141
      vertex 30 1.69509 0.0192146
    endloop
  endfacet
  facet normal 0.221383 0.449104 -0.865618
    outer loop
      vertex 30.2211 1.88303 0.103127
      vertex 30.2126 2.01328 0.16853
      vertex 30.2778 1.98114 0.16853
    endloop
  endfacet
  facet normal -0.297026 -0.875088 -0.382094
    outer loop
      vertex 17.7679 -2.36631 0.557711
      vertex 17.6376 -2.37485 0.67856
      vertex 17.6568 -2.3286 0.557711
    endloop
  endfacet
  facet normal 0 -0.608741 -0.793369
    outer loop
      vertex 18 -2.15935 0.248159
      vertex 30 -2.05557 0.16853
      vertex 30 -2.15935 0.248159
    endloop
  endfacet
  facet normal -0 -0.608741 -0.793369
    outer loop
      vertex 30 -2.05557 0.16853
      vertex 18 -2.15935 0.248159
      vertex 18 -2.05557 0.16853
    endloop
  endfacet
  facet normal 0.442486 0.896775 -0
    outer loop
      vertex 30.4989 2.36417 0.934596
      vertex 30.3819 2.4219 2.5
      vertex 30.4989 2.36417 2.5
    endloop
  endfacet
  facet normal 0.442486 0.896775 0
    outer loop
      vertex 30.3819 2.4219 2.5
      vertex 30.4989 2.36417 0.934596
      vertex 30.3819 2.4219 0.934596
    endloop
  endfacet
  facet normal -0.659818 -0.441435 -0.608092
    outer loop
      vertex 17.3404 -2.00617 0.444429
      vertex 17.2799 -1.91574 0.444429
      vertex 17.3489 -1.87592 0.340653
    endloop
  endfacet
  facet normal -0.0251301 0.382587 -0.923577
    outer loop
      vertex 17.958 1.81869 0.0530691
      vertex 17.9423 1.9385 0.103127
      vertex 18 1.94229 0.103127
    endloop
  endfacet
  facet normal 0 0.965936 -0.258783
    outer loop
      vertex 30 2.44693 0.67856
      vertex 18 2.48078 0.804909
      vertex 30 2.48078 0.804909
    endloop
  endfacet
  facet normal 0 0.965936 -0.258783
    outer loop
      vertex 18 2.48078 0.804909
      vertex 30 2.44693 0.67856
      vertex 18 2.44693 0.67856
    endloop
  endfacet
  facet normal 0.15487 0.778728 -0.607945
    outer loop
      vertex 30.1946 2.22622 0.340653
      vertex 30.1085 2.32436 0.444429
      vertex 30.2152 2.30314 0.444429
    endloop
  endfacet
  facet normal 0.596996 0.523475 -0.607922
    outer loop
      vertex 30.6596 2.00617 0.444429
      vertex 30.5316 2.03163 0.340653
      vertex 30.5879 2.08794 0.444429
    endloop
  endfacet
  facet normal -0.138075 -0.694332 -0.706285
    outer loop
      vertex 17.9019 -2.24541 0.340653
      vertex 17.8054 -2.22622 0.340653
      vertex 17.9139 -2.15371 0.248159
    endloop
  endfacet
  facet normal 0.491194 -0.0978667 -0.865535
    outer loop
      vertex 30.5366 -1.64379 0.16853
      vertex 30.4385 -1.55773 0.103127
      vertex 30.5508 -1.57252 0.16853
    endloop
  endfacet
  facet normal -0.0648934 -0.989359 -0.130224
    outer loop
      vertex 18 -2.49786 0.934596
      vertex 17.8698 -2.48932 0.934596
      vertex 18 -2.48079 0.804909
    endloop
  endfacet
  facet normal 0.745375 -0.653729 -0.13059
    outer loop
      vertex 30.7917 -2.10746 0.934596
      vertex 30.6935 -2.19352 0.804909
      vertex 30.7781 -2.09706 0.804909
    endloop
  endfacet
  facet normal 0.318543 0.213213 -0.923618
    outer loop
      vertex 30.2784 1.66072 0.0530691
      vertex 30.255 1.69568 0.0530691
      vertex 30.3509 1.76925 0.103127
    endloop
  endfacet
  facet normal -0.442486 -0.896775 0
    outer loop
      vertex 17.5011 -2.36417 0.934596
      vertex 17.6181 -2.4219 2.5
      vertex 17.5011 -2.36417 2.5
    endloop
  endfacet
  facet normal -0.442486 -0.896775 -0
    outer loop
      vertex 17.6181 -2.4219 2.5
      vertex 17.5011 -2.36417 0.934596
      vertex 17.6181 -2.4219 0.934596
    endloop
  endfacet
  facet normal -0.777214 -0.383229 -0.499073
    outer loop
      vertex 17.2799 -1.91574 0.444429
      vertex 17.1714 -1.84322 0.557711
      vertex 17.2318 -1.81819 0.444429
    endloop
  endfacet
  facet normal -0.777208 -0.383359 -0.498983
    outer loop
      vertex 17.2233 -1.94844 0.557711
      vertex 17.1714 -1.84322 0.557711
      vertex 17.2799 -1.91574 0.444429
    endloop
  endfacet
  facet normal -0.555283 -0.831661 0
    outer loop
      vertex 17.3925 -2.29166 0.934596
      vertex 17.5011 -2.36417 2.5
      vertex 17.3925 -2.29166 2.5
    endloop
  endfacet
  facet normal -0.555283 -0.831661 -0
    outer loop
      vertex 17.5011 -2.36417 2.5
      vertex 17.3925 -2.29166 0.934596
      vertex 17.5011 -2.36417 0.934596
    endloop
  endfacet
  facet normal -0.416539 -0.277924 -0.865594
    outer loop
      vertex 17.6491 -1.76925 0.103127
      vertex 17.5592 -1.83821 0.16853
      vertex 17.617 -1.72114 0.103127
    endloop
  endfacet
  facet normal -0.458284 -0.402103 -0.792647
    outer loop
      vertex 17.5338 -1.96623 0.248159
      vertex 17.4769 -1.90138 0.248159
      vertex 17.5592 -1.83821 0.16853
    endloop
  endfacet
  facet normal -0.803189 0.536865 -0.258194
    outer loop
      vertex 17.1799 1.97346 0.67856
      vertex 17.1506 1.99039 0.804909
      vertex 17.2219 2.09706 0.804909
    endloop
  endfacet
  facet normal -0.288049 -0.252953 -0.923603
    outer loop
      vertex 17.6873 -1.81275 0.103127
      vertex 17.6491 -1.76925 0.103127
      vertex 17.745 -1.69568 0.0530691
    endloop
  endfacet
  facet normal -0.0398439 -0.608255 -0.792741
    outer loop
      vertex 18 -2.15935 0.248159
      vertex 17.9139 -2.15371 0.248159
      vertex 17.9275 -2.05082 0.16853
    endloop
  endfacet
  facet normal -0.466927 -0.532036 -0.70634
    outer loop
      vertex 17.5986 -2.0231 0.248159
      vertex 17.4684 -2.03163 0.340653
      vertex 17.5338 -1.96623 0.248159
    endloop
  endfacet
  facet normal -0.330107 -0.376499 -0.865608
    outer loop
      vertex 17.7308 -1.85089 0.103127
      vertex 17.6618 -1.94076 0.16853
      vertex 17.6873 -1.81275 0.103127
    endloop
  endfacet
  facet normal 0.506985 0.33865 -0.792643
    outer loop
      vertex 30.571 1.82967 0.248159
      vertex 30.4408 1.83821 0.16853
      vertex 30.5231 1.90138 0.248159
    endloop
  endfacet
  facet normal 0.227707 0.670305 -0.706286
    outer loop
      vertex 30.2523 2.10916 0.248159
      vertex 30.1707 2.13688 0.248159
      vertex 30.1946 2.22622 0.340653
    endloop
  endfacet
  facet normal 0.278199 0.416346 -0.865599
    outer loop
      vertex 30.2692 1.85089 0.103127
      vertex 30.2211 1.88303 0.103127
      vertex 30.3382 1.94076 0.16853
    endloop
  endfacet
  facet normal 0.0399164 0.608284 -0.792715
    outer loop
      vertex 30.0725 2.05082 0.16853
      vertex 30 2.15935 0.248159
      vertex 30.0861 2.1537 0.248159
    endloop
  endfacet
  facet normal 0 0.707122 -0.707091
    outer loop
      vertex 30 2.15935 0.248159
      vertex 18 2.25184 0.340653
      vertex 30 2.25184 0.340653
    endloop
  endfacet
  facet normal 0 0.707122 -0.707091
    outer loop
      vertex 18 2.25184 0.340653
      vertex 30 2.15935 0.248159
      vertex 18 2.15935 0.248159
    endloop
  endfacet
  facet normal 0.555336 0.831626 -0
    outer loop
      vertex 30.6075 2.29165 0.934596
      vertex 30.4989 2.36417 2.5
      vertex 30.6075 2.29165 2.5
    endloop
  endfacet
  facet normal 0.555336 0.831626 0
    outer loop
      vertex 30.4989 2.36417 2.5
      vertex 30.6075 2.29165 0.934596
      vertex 30.4989 2.36417 0.934596
    endloop
  endfacet
  facet normal 0.659513 -0.751693 0
    outer loop
      vertex 30.6075 -2.29166 0.934596
      vertex 30.7056 -2.20559 2.5
      vertex 30.6075 -2.29166 2.5
    endloop
  endfacet
  facet normal 0.659513 -0.751693 0
    outer loop
      vertex 30.7056 -2.20559 2.5
      vertex 30.6075 -2.29166 0.934596
      vertex 30.7056 -2.20559 0.934596
    endloop
  endfacet
  facet normal 0 -1 0
    outer loop
      vertex 18 -2.49786 0.934596
      vertex 30 -2.49786 2.5
      vertex 18 -2.49786 2.5
    endloop
  endfacet
  facet normal 0 -1 -0
    outer loop
      vertex 30 -2.49786 2.5
      vertex 18 -2.49786 0.934596
      vertex 30 -2.49786 0.934596
    endloop
  endfacet
  facet normal -0.571296 -0.651348 -0.499367
    outer loop
      vertex 17.454 -2.21154 0.557711
      vertex 17.3658 -2.13418 0.557711
      vertex 17.4121 -2.08794 0.444429
    endloop
  endfacet
  facet normal -0.72626 -0.637193 -0.257936
    outer loop
      vertex 17.3304 -2.16958 0.67856
      vertex 17.2219 -2.09706 0.804909
      vertex 17.2487 -2.07646 0.67856
    endloop
  endfacet
  facet normal -0.523607 0.59677 -0.60803
    outer loop
      vertex 17.5423 2.09647 0.340653
      vertex 17.4684 2.03163 0.340653
      vertex 17.4938 2.15965 0.444429
    endloop
  endfacet
  facet normal -0.194938 -0.980816 0
    outer loop
      vertex 17.7417 -2.46386 0.934596
      vertex 17.8698 -2.48932 2.5
      vertex 17.7417 -2.46386 2.5
    endloop
  endfacet
  facet normal -0.194938 -0.980816 -0
    outer loop
      vertex 17.8698 -2.48932 2.5
      vertex 17.7417 -2.46386 0.934596
      vertex 17.8698 -2.48932 0.934596
    endloop
  endfacet
  facet normal 0.550715 0.824488 -0.130123
    outer loop
      vertex 30.5971 2.27811 0.804909
      vertex 30.4904 2.34938 0.804909
      vertex 30.4989 2.36417 0.934596
    endloop
  endfacet
  facet normal 0.312992 0.63501 -0.706257
    outer loop
      vertex 30.3297 2.07101 0.248159
      vertex 30.2523 2.10916 0.248159
      vertex 30.3759 2.15111 0.340653
    endloop
  endfacet
  facet normal 0.0979687 -0.0867114 -0.991405
    outer loop
      vertex 30.1548 -1.61876 0.0192146
      vertex 30.0462 -1.54625 0.002141
      vertex 30.0519 -1.53981 0.002141
    endloop
  endfacet
  facet normal -0.82073 -0.278119 -0.49905
    outer loop
      vertex 17.2318 -1.81819 0.444429
      vertex 17.1714 -1.84322 0.557711
      vertex 17.1969 -1.7152 0.444429
    endloop
  endfacet
  facet normal -0.318719 -0.938839 -0.130383
    outer loop
      vertex 17.7417 -2.46386 0.934596
      vertex 17.6181 -2.4219 0.934596
      vertex 17.6247 -2.40613 0.804909
    endloop
  endfacet
  facet normal -0.532095 -0.466865 -0.706337
    outer loop
      vertex 17.5338 -1.96623 0.248159
      vertex 17.4684 -2.03163 0.340653
      vertex 17.4769 -1.90138 0.248159
    endloop
  endfacet
  facet normal -0.0976789 0.49115 -0.865581
    outer loop
      vertex 17.9423 1.9385 0.103127
      vertex 17.8562 2.03664 0.16853
      vertex 17.9275 2.05082 0.16853
    endloop
  endfacet
  facet normal -0.232795 -0.113906 -0.965832
    outer loop
      vertex 17.831 -1.59755 0.0192146
      vertex 17.703 -1.62301 0.0530691
      vertex 17.8198 -1.57466 0.0192146
    endloop
  endfacet
  facet normal -0.670508 -0.227511 -0.706157
    outer loop
      vertex 17.3054 -1.78772 0.340653
      vertex 17.2738 -1.69459 0.340653
      vertex 17.3908 -1.75232 0.248159
    endloop
  endfacet
  facet normal -0.118894 -0.597822 -0.792763
    outer loop
      vertex 17.9139 -2.15371 0.248159
      vertex 17.8562 -2.03664 0.16853
      vertex 17.9275 -2.05082 0.16853
    endloop
  endfacet
  facet normal -0.227707 -0.670305 -0.706286
    outer loop
      vertex 17.8054 -2.22622 0.340653
      vertex 17.7477 -2.10916 0.248159
      vertex 17.8293 -2.13688 0.248159
    endloop
  endfacet
  facet normal 0.474099 -0.160946 -0.865636
    outer loop
      vertex 30.5133 -1.71261 0.16853
      vertex 30.4086 -1.66926 0.103127
      vertex 30.4272 -1.61447 0.103127
    endloop
  endfacet
  facet normal 0.117442 -0.057464 -0.991416
    outer loop
      vertex 30.169 -1.59755 0.0192146
      vertex 30.0566 -1.5327 0.002141
      vertex 30.1802 -1.57466 0.0192146
    endloop
  endfacet
  facet normal 0.0327413 0.499736 -0.865559
    outer loop
      vertex 30.0725 2.05082 0.16853
      vertex 30 1.94229 0.103127
      vertex 30 2.05557 0.16853
    endloop
  endfacet
  facet normal -0.258675 0.0172721 -0.96581
    outer loop
      vertex 17.8049 1.5 0.0192146
      vertex 17.6813 1.54196 0.0530691
      vertex 17.8066 1.52546 0.0192146
    endloop
  endfacet
  facet normal -0.416539 0.277924 -0.865594
    outer loop
      vertex 17.617 1.72114 0.103127
      vertex 17.5592 1.83821 0.16853
      vertex 17.6491 1.76925 0.103127
    endloop
  endfacet
  facet normal 0.438458 0.889278 -0.130154
    outer loop
      vertex 30.4904 2.34938 0.804909
      vertex 30.3753 2.40613 0.804909
      vertex 30.4989 2.36417 0.934596
    endloop
  endfacet
  facet normal -0.193275 0.972447 -0.130355
    outer loop
      vertex 17.7462 2.44737 0.804909
      vertex 17.7417 2.46386 0.934596
      vertex 17.8698 2.48932 0.934596
    endloop
  endfacet
  facet normal 0.0328222 0.499695 -0.865579
    outer loop
      vertex 30.0577 1.9385 0.103127
      vertex 30 1.94229 0.103127
      vertex 30.0725 2.05082 0.16853
    endloop
  endfacet
  facet normal -0.118863 0.597848 -0.792748
    outer loop
      vertex 17.8562 2.03664 0.16853
      vertex 17.8293 2.13688 0.248159
      vertex 17.9139 2.1537 0.248159
    endloop
  endfacet
  facet normal -0.0648493 0.989357 -0.130256
    outer loop
      vertex 17.872 2.47239 0.804909
      vertex 17.8698 2.48932 0.934596
      vertex 18 2.48078 0.804909
    endloop
  endfacet
  facet normal 0 0.866037 -0.499981
    outer loop
      vertex 30 2.33147 0.444429
      vertex 18 2.39687 0.557711
      vertex 30 2.39687 0.557711
    endloop
  endfacet
  facet normal 0 0.866037 -0.499981
    outer loop
      vertex 18 2.39687 0.557711
      vertex 30 2.33147 0.444429
      vertex 18 2.33147 0.444429
    endloop
  endfacet
  facet normal -0.0519301 0.792277 -0.607947
    outer loop
      vertex 17.9019 2.24541 0.340653
      vertex 17.8915 2.32436 0.444429
      vertex 18 2.25184 0.340653
    endloop
  endfacet
  facet normal -0.321463 0.946922 0
    outer loop
      vertex 17.7417 2.46386 0.934596
      vertex 17.6181 2.4219 2.5
      vertex 17.7417 2.46386 2.5
    endloop
  endfacet
  facet normal -0.321463 0.946922 0
    outer loop
      vertex 17.6181 2.4219 2.5
      vertex 17.7417 2.46386 0.934596
      vertex 17.6181 2.4219 0.934596
    endloop
  endfacet
  facet normal -0.351317 -0.71198 -0.607997
    outer loop
      vertex 17.6818 -2.26818 0.444429
      vertex 17.5843 -2.22007 0.444429
      vertex 17.7123 -2.19461 0.340653
    endloop
  endfacet
  facet normal -0.711965 -0.351139 -0.608117
    outer loop
      vertex 17.3489 -1.87592 0.340653
      vertex 17.2799 -1.91574 0.444429
      vertex 17.3054 -1.78772 0.340653
    endloop
  endfacet
  facet normal -0.0649262 -0.989352 -0.130256
    outer loop
      vertex 18 -2.48079 0.804909
      vertex 17.8698 -2.48932 0.934596
      vertex 17.872 -2.47239 0.804909
    endloop
  endfacet
  facet normal -0.546506 -0.269897 -0.792771
    outer loop
      vertex 17.429 -1.82967 0.248159
      vertex 17.3908 -1.75232 0.248159
      vertex 17.4867 -1.71261 0.16853
    endloop
  endfacet
  facet normal -0.637082 -0.726243 -0.258259
    outer loop
      vertex 17.4029 -2.27811 0.804909
      vertex 17.3304 -2.16958 0.67856
      vertex 17.4235 -2.25125 0.67856
    endloop
  endfacet
  facet normal -0.922345 0.0604449 -0.38161
    outer loop
      vertex 17.1031 1.5 0.557711
      vertex 17.0531 1.5 0.67856
      vertex 17.0612 1.6236 0.67856
    endloop
  endfacet
  facet normal -0.98088 -0.194613 0
    outer loop
      vertex 17.0361 -1.75827 0.934596
      vertex 17.0107 -1.63025 2.5
      vertex 17.0107 -1.63025 0.934596
    endloop
  endfacet
  facet normal -0.98088 -0.194613 0
    outer loop
      vertex 17.0107 -1.63025 2.5
      vertex 17.0361 -1.75827 0.934596
      vertex 17.0361 -1.75827 2.5
    endloop
  endfacet
  facet normal 0.193275 -0.972447 -0.130355
    outer loop
      vertex 30.2583 -2.46386 0.934596
      vertex 30.1302 -2.48932 0.934596
      vertex 30.2538 -2.44737 0.804909
    endloop
  endfacet
  facet normal 0.491194 0.0978667 -0.865535
    outer loop
      vertex 30.5508 1.57252 0.16853
      vertex 30.4385 1.55773 0.103127
      vertex 30.5366 1.64379 0.16853
    endloop
  endfacet
  facet normal 0.499755 0.0328957 -0.865542
    outer loop
      vertex 30.4423 1.5 0.103127
      vertex 30.4385 1.55773 0.103127
      vertex 30.5508 1.57252 0.16853
    endloop
  endfacet
  facet normal 0.330107 0.376499 -0.865608
    outer loop
      vertex 30.3127 1.81275 0.103127
      vertex 30.2692 1.85089 0.103127
      vertex 30.3382 1.94076 0.16853
    endloop
  endfacet
  facet normal 0.0463524 0.706362 -0.706331
    outer loop
      vertex 30.0861 2.1537 0.248159
      vertex 30 2.15935 0.248159
      vertex 30 2.25184 0.340653
    endloop
  endfacet
  facet normal 0.864763 0.0568826 -0.498948
    outer loop
      vertex 30.8969 1.5 0.557711
      vertex 30.8244 1.60853 0.444429
      vertex 30.8892 1.61706 0.557711
    endloop
  endfacet
  facet normal 0.609384 0.694773 -0.382023
    outer loop
      vertex 30.6342 2.13418 0.557711
      vertex 30.546 2.21154 0.557711
      vertex 30.6696 2.16958 0.67856
    endloop
  endfacet
  facet normal 0.438705 -0.889113 -0.130443
    outer loop
      vertex 30.3819 -2.4219 0.934596
      vertex 30.3753 -2.40613 0.804909
      vertex 30.4989 -2.36417 0.934596
    endloop
  endfacet
  facet normal 0.874823 0.297599 -0.382257
    outer loop
      vertex 30.9147 1.74508 0.67856
      vertex 30.8663 1.73213 0.557711
      vertex 30.8748 1.86237 0.67856
    endloop
  endfacet
  facet normal -0.706382 -0.04607 -0.70633
    outer loop
      vertex 17.2546 -1.59813 0.340653
      vertex 17.2482 -1.5 0.340653
      vertex 17.3463 -1.58606 0.248159
    endloop
  endfacet
  facet normal -0.906384 -0.179814 -0.382275
    outer loop
      vertex 17.0853 -1.74508 0.67856
      vertex 17.0612 -1.6236 0.67856
      vertex 17.1337 -1.73213 0.557711
    endloop
  endfacet
  facet normal -0.745262 -0.653898 -0.130393
    outer loop
      vertex 17.2944 -2.20559 0.934596
      vertex 17.2083 -2.10746 0.934596
      vertex 17.3065 -2.19352 0.804909
    endloop
  endfacet
  facet normal -0.4384 -0.889316 -0.130086
    outer loop
      vertex 17.6247 -2.40613 0.804909
      vertex 17.5011 -2.36417 0.934596
      vertex 17.5096 -2.34939 0.804909
    endloop
  endfacet
  facet normal -0.438705 -0.889113 -0.130443
    outer loop
      vertex 17.6181 -2.4219 0.934596
      vertex 17.5011 -2.36417 0.934596
      vertex 17.6247 -2.40613 0.804909
    endloop
  endfacet
  facet normal -0.297 -0.875109 -0.382068
    outer loop
      vertex 17.7549 -2.41466 0.67856
      vertex 17.6376 -2.37485 0.67856
      vertex 17.7679 -2.36631 0.557711
    endloop
  endfacet
  facet normal -0.550549 -0.824571 -0.130303
    outer loop
      vertex 17.5011 -2.36417 0.934596
      vertex 17.3925 -2.29166 0.934596
      vertex 17.4029 -2.27811 0.804909
    endloop
  endfacet
  facet normal -0.383446 -0.777094 -0.499093
    outer loop
      vertex 17.6568 -2.3286 0.557711
      vertex 17.5843 -2.22007 0.444429
      vertex 17.6818 -2.26818 0.444429
    endloop
  endfacet
  facet normal -0.51341 -0.768399 -0.382065
    outer loop
      vertex 17.5265 -2.32007 0.67856
      vertex 17.4235 -2.25125 0.67856
      vertex 17.454 -2.21154 0.557711
    endloop
  endfacet
  facet normal -0.588639 -0.39305 -0.706411
    outer loop
      vertex 17.4035 -1.95769 0.340653
      vertex 17.3489 -1.87592 0.340653
      vertex 17.4769 -1.90138 0.248159
    endloop
  endfacet
  facet normal -0.37605 0.0748919 -0.923568
    outer loop
      vertex 17.6813 1.54196 0.0530691
      vertex 17.5615 1.55773 0.103127
      vertex 17.5728 1.61447 0.103127
    endloop
  endfacet
  facet normal -0.491194 -0.0978667 -0.865535
    outer loop
      vertex 17.4634 -1.64379 0.16853
      vertex 17.4492 -1.57252 0.16853
      vertex 17.5615 -1.55773 0.103127
    endloop
  endfacet
  facet normal -0.474399 -0.160615 -0.865534
    outer loop
      vertex 17.4867 -1.71261 0.16853
      vertex 17.4634 -1.64379 0.16853
      vertex 17.5728 -1.61447 0.103127
    endloop
  endfacet
  facet normal -0.382434 -0.0246085 -0.923655
    outer loop
      vertex 17.6813 -1.54196 0.0530691
      vertex 17.5577 -1.5 0.103127
      vertex 17.6786 -1.5 0.0530691
    endloop
  endfacet
  facet normal -0.938708 -0.319136 -0.130308
    outer loop
      vertex 17.0939 -1.87533 0.804909
      vertex 17.0361 -1.75827 0.934596
      vertex 17.0526 -1.75385 0.804909
    endloop
  endfacet
  facet normal -0.828708 -0.408762 -0.382304
    outer loop
      vertex 17.2233 -1.94844 0.557711
      vertex 17.1251 -1.86238 0.67856
      vertex 17.1714 -1.84322 0.557711
    endloop
  endfacet
  facet normal -0.706337 -0.0459619 -0.706382
    outer loop
      vertex 17.3463 -1.58606 0.248159
      vertex 17.2482 -1.5 0.340653
      vertex 17.3407 -1.5 0.248159
    endloop
  endfacet
  facet normal -0.751781 -0.255087 -0.608075
    outer loop
      vertex 17.3054 -1.78772 0.340653
      vertex 17.2318 -1.81819 0.444429
      vertex 17.2738 -1.69459 0.340653
    endloop
  endfacet
  facet normal -0.60826 -0.03958 -0.79275
    outer loop
      vertex 17.3463 -1.58606 0.248159
      vertex 17.3407 -1.5 0.248159
      vertex 17.4492 -1.57252 0.16853
    endloop
  endfacet
  facet normal -0.577209 -0.195772 -0.792782
    outer loop
      vertex 17.3908 -1.75232 0.248159
      vertex 17.3631 -1.67065 0.248159
      vertex 17.4867 -1.71261 0.16853
    endloop
  endfacet
  facet normal -0.11893 -0.597832 -0.79275
    outer loop
      vertex 17.9139 -2.15371 0.248159
      vertex 17.8293 -2.13688 0.248159
      vertex 17.8562 -2.03664 0.16853
    endloop
  endfacet
  facet normal -0.278199 -0.416346 -0.865599
    outer loop
      vertex 17.7789 -1.88303 0.103127
      vertex 17.6618 -1.94076 0.16853
      vertex 17.7308 -1.85089 0.103127
    endloop
  endfacet
  facet normal -0.751679 0.659529 0
    outer loop
      vertex 17.2083 2.10746 0.934596
      vertex 17.2944 2.20559 2.5
      vertex 17.2944 2.20559 0.934596
    endloop
  endfacet
  facet normal -0.751679 0.659529 0
    outer loop
      vertex 17.2944 2.20559 2.5
      vertex 17.2083 2.10746 0.934596
      vertex 17.2083 2.10746 2.5
    endloop
  endfacet
  facet normal -0.550773 -0.82446 -0.13006
    outer loop
      vertex 17.5011 -2.36417 0.934596
      vertex 17.4029 -2.27811 0.804909
      vertex 17.5096 -2.34939 0.804909
    endloop
  endfacet
  facet normal 0.0519301 -0.792277 -0.607947
    outer loop
      vertex 30.1085 -2.32436 0.444429
      vertex 30 -2.25184 0.340653
      vertex 30.0981 -2.24541 0.340653
    endloop
  endfacet
  facet normal 0.0255508 -0.128267 -0.99141
    outer loop
      vertex 30.0255 -1.69342 0.0192146
      vertex 30.0085 -1.56484 0.002141
      vertex 30.0505 -1.68844 0.0192146
    endloop
  endfacet
  facet normal -0.0169436 -0.258776 -0.965789
    outer loop
      vertex 18 -1.82144 0.0530691
      vertex 17.958 -1.81869 0.0530691
      vertex 18 -1.69509 0.0192146
    endloop
  endfacet
  facet normal 0.212904 -0.318992 -0.923535
    outer loop
      vertex 30.2692 -1.85089 0.103127
      vertex 30.1607 -1.77838 0.0530691
      vertex 30.1957 -1.75502 0.0530691
    endloop
  endfacet
  facet normal 0.474399 0.160615 -0.865534
    outer loop
      vertex 30.5366 1.64379 0.16853
      vertex 30.4272 1.61447 0.103127
      vertex 30.5133 1.71261 0.16853
    endloop
  endfacet
  facet normal -0.0327413 0.499736 -0.865559
    outer loop
      vertex 18 1.94229 0.103127
      vertex 17.9275 2.05082 0.16853
      vertex 18 2.05557 0.16853
    endloop
  endfacet
  facet normal -0.0979687 0.0867114 -0.991405
    outer loop
      vertex 17.9481 1.53981 0.002141
      vertex 17.8452 1.61876 0.0192146
      vertex 17.9538 1.54625 0.002141
    endloop
  endfacet
  facet normal -0.889311 0.438312 -0.130416
    outer loop
      vertex 17.0939 1.87533 0.804909
      vertex 17.0781 1.88186 0.934596
      vertex 17.1358 1.99893 0.934596
    endloop
  endfacet
  facet normal -0.123312 0.363004 -0.923592
    outer loop
      vertex 17.9168 1.81049 0.0530691
      vertex 17.877 1.79697 0.0530691
      vertex 17.8855 1.92722 0.103127
    endloop
  endfacet
  facet normal 1 -0 0
    outer loop
      vertex 30.9979 -1.5 2.5
      vertex 30.9979 1.5 0.934596
      vertex 30.9979 1.5 2.5
    endloop
  endfacet
  facet normal 1 0 0
    outer loop
      vertex 30.9979 1.5 0.934596
      vertex 30.9979 -1.5 2.5
      vertex 30.9979 -1.5 0.934596
    endloop
  endfacet
  facet normal 0.989301 -0.0653205 -0.130445
    outer loop
      vertex 30.9893 -1.63025 0.934596
      vertex 30.9808 -1.5 0.804909
      vertex 30.9979 -1.5 0.934596
    endloop
  endfacet
  facet normal 0 0.500004 -0.866023
    outer loop
      vertex 18 1.94229 0.103127
      vertex 30 2.05557 0.16853
      vertex 30 1.94229 0.103127
    endloop
  endfacet
  facet normal 0 0.500004 -0.866023
    outer loop
      vertex 30 2.05557 0.16853
      vertex 18 1.94229 0.103127
      vertex 18 2.05557 0.16853
    endloop
  endfacet
  facet normal -0.745262 0.653898 -0.130393
    outer loop
      vertex 17.3065 2.19352 0.804909
      vertex 17.2083 2.10746 0.934596
      vertex 17.2944 2.20559 0.934596
    endloop
  endfacet
  facet normal -0.195094 0.170962 -0.965769
    outer loop
      vertex 17.862 1.63795 0.0192146
      vertex 17.745 1.69568 0.0530691
      vertex 17.7727 1.72729 0.0530691
    endloop
  endfacet
  facet normal -0.278199 0.416346 -0.865599
    outer loop
      vertex 17.7308 1.85089 0.103127
      vertex 17.6618 1.94076 0.16853
      vertex 17.7789 1.88303 0.103127
    endloop
  endfacet
  facet normal -0.16902 0.849879 -0.499137
    outer loop
      vertex 17.7848 2.30314 0.444429
      vertex 17.7679 2.36631 0.557711
      vertex 17.8915 2.32436 0.444429
    endloop
  endfacet
  facet normal -0.194938 0.980816 0
    outer loop
      vertex 17.8698 2.48932 0.934596
      vertex 17.7417 2.46386 2.5
      vertex 17.8698 2.48932 2.5
    endloop
  endfacet
  facet normal -0.194938 0.980816 0
    outer loop
      vertex 17.7417 2.46386 2.5
      vertex 17.8698 2.48932 0.934596
      vertex 17.7417 2.46386 0.934596
    endloop
  endfacet
  facet normal -0.670495 0.227412 -0.706202
    outer loop
      vertex 17.3631 1.67065 0.248159
      vertex 17.2738 1.69459 0.340653
      vertex 17.3908 1.75232 0.248159
    endloop
  endfacet
  facet normal -0.768315 0.513254 -0.382442
    outer loop
      vertex 17.2885 2.04598 0.557711
      vertex 17.1799 1.97346 0.67856
      vertex 17.2487 2.07645 0.67856
    endloop
  endfacet
  facet normal -0.427245 0.866502 -0.258139
    outer loop
      vertex 17.6376 2.37485 0.67856
      vertex 17.5265 2.32007 0.67856
      vertex 17.6247 2.40613 0.804909
    endloop
  endfacet
  facet normal 0.318719 0.938839 -0.130383
    outer loop
      vertex 30.3753 2.40613 0.804909
      vertex 30.2583 2.46386 0.934596
      vertex 30.3819 2.4219 0.934596
    endloop
  endfacet
  facet normal -0.278512 -0.820557 -0.499116
    outer loop
      vertex 17.7848 -2.30314 0.444429
      vertex 17.6568 -2.3286 0.557711
      vertex 17.6818 -2.26818 0.444429
    endloop
  endfacet
  facet normal -0.255193 -0.751855 -0.60794
    outer loop
      vertex 17.7848 -2.30314 0.444429
      vertex 17.6818 -2.26818 0.444429
      vertex 17.8054 -2.22622 0.340653
    endloop
  endfacet
  facet normal 0.383234 -0.777105 -0.499239
    outer loop
      vertex 30.4484 -2.27672 0.557711
      vertex 30.3432 -2.3286 0.557711
      vertex 30.4157 -2.22007 0.444429
    endloop
  endfacet
  facet normal -0.193275 -0.972447 -0.130355
    outer loop
      vertex 17.8698 -2.48932 0.934596
      vertex 17.7417 -2.46386 0.934596
      vertex 17.7462 -2.44737 0.804909
    endloop
  endfacet
  facet normal -0.0976376 -0.491215 -0.865549
    outer loop
      vertex 17.9423 -1.93851 0.103127
      vertex 17.8562 -2.03664 0.16853
      vertex 17.8855 -1.92722 0.103127
    endloop
  endfacet
  facet normal -0.596996 -0.523475 -0.607922
    outer loop
      vertex 17.4121 -2.08794 0.444429
      vertex 17.3404 -2.00617 0.444429
      vertex 17.4684 -2.03163 0.340653
    endloop
  endfacet
  facet normal -0.651487 -0.571256 -0.499231
    outer loop
      vertex 17.4121 -2.08794 0.444429
      vertex 17.2885 -2.04598 0.557711
      vertex 17.3404 -2.00617 0.444429
    endloop
  endfacet
  facet normal -0.72028 -0.481886 -0.498981
    outer loop
      vertex 17.3404 -2.00617 0.444429
      vertex 17.2233 -1.94844 0.557711
      vertex 17.2799 -1.91574 0.444429
    endloop
  endfacet
  facet normal -0.980877 0.194628 0
    outer loop
      vertex 17.0107 1.63025 0.934596
      vertex 17.0361 1.75826 2.5
      vertex 17.0361 1.75826 0.934596
    endloop
  endfacet
  facet normal -0.980877 0.194628 0
    outer loop
      vertex 17.0361 1.75826 2.5
      vertex 17.0107 1.63025 0.934596
      vertex 17.0107 1.63025 2.5
    endloop
  endfacet
  facet normal -0.997827 0.0658834 0
    outer loop
      vertex 17.0021 1.5 0.934596
      vertex 17.0107 1.63025 2.5
      vertex 17.0107 1.63025 0.934596
    endloop
  endfacet
  facet normal -0.997827 0.0658834 0
    outer loop
      vertex 17.0107 1.63025 2.5
      vertex 17.0021 1.5 0.934596
      vertex 17.0021 1.5 2.5
    endloop
  endfacet
  facet normal 0.802893 0.537133 -0.258555
    outer loop
      vertex 30.8201 1.97346 0.67856
      vertex 30.7512 2.07645 0.67856
      vertex 30.7781 2.09706 0.804909
    endloop
  endfacet
  facet normal 0.0566602 -0.864645 -0.499177
    outer loop
      vertex 30.1085 -2.32436 0.444429
      vertex 30 -2.39687 0.557711
      vertex 30 -2.33147 0.444429
    endloop
  endfacet
  facet normal 0.330107 -0.376499 -0.865608
    outer loop
      vertex 30.3382 -1.94076 0.16853
      vertex 30.2692 -1.85089 0.103127
      vertex 30.3127 -1.81275 0.103127
    endloop
  endfacet
  facet normal 0.130479 -0.00870882 -0.991413
    outer loop
      vertex 30.1934 -1.52547 0.0192146
      vertex 30.0648 -1.50854 0.002141
      vertex 30.1951 -1.5 0.0192146
    endloop
  endfacet
  facet normal 0.86465 -0.0565651 -0.49918
    outer loop
      vertex 30.8969 -1.5 0.557711
      vertex 30.8244 -1.60853 0.444429
      vertex 30.8315 -1.5 0.444429
    endloop
  endfacet
  facet normal 0.255193 0.751855 -0.60794
    outer loop
      vertex 30.3182 2.26818 0.444429
      vertex 30.1946 2.22622 0.340653
      vertex 30.2152 2.30314 0.444429
    endloop
  endfacet
  facet normal 0.481119 0.720644 -0.499196
    outer loop
      vertex 30.5062 2.15965 0.444429
      vertex 30.4157 2.22007 0.444429
      vertex 30.4484 2.27671 0.557711
    endloop
  endfacet
  facet normal 0.123209 0.363002 -0.923606
    outer loop
      vertex 30.123 1.79697 0.0530691
      vertex 30.1145 1.92722 0.103127
      vertex 30.1693 1.90862 0.103127
    endloop
  endfacet
  facet normal 0.123312 0.363004 -0.923592
    outer loop
      vertex 30.123 1.79697 0.0530691
      vertex 30.0832 1.81049 0.0530691
      vertex 30.1145 1.92722 0.103127
    endloop
  endfacet
  facet normal 0.792116 0.0516615 -0.60818
    outer loop
      vertex 30.7518 1.5 0.340653
      vertex 30.7454 1.59813 0.340653
      vertex 30.8244 1.60853 0.444429
    endloop
  endfacet
  facet normal 0.849622 0.169654 -0.499359
    outer loop
      vertex 30.8244 1.60853 0.444429
      vertex 30.8031 1.7152 0.444429
      vertex 30.8663 1.73213 0.557711
    endloop
  endfacet
  facet normal 0.194986 0.170867 -0.965808
    outer loop
      vertex 30.255 1.69568 0.0530691
      vertex 30.1379 1.63795 0.0192146
      vertex 30.2273 1.72729 0.0530691
    endloop
  endfacet
  facet normal 0.408794 0.828774 -0.382127
    outer loop
      vertex 30.4484 2.27671 0.557711
      vertex 30.3432 2.3286 0.557711
      vertex 30.3624 2.37485 0.67856
    endloop
  endfacet
  facet normal 0.82073 0.278119 -0.49905
    outer loop
      vertex 30.8031 1.7152 0.444429
      vertex 30.7682 1.81819 0.444429
      vertex 30.8286 1.84322 0.557711
    endloop
  endfacet
  facet normal 0.778658 0.155483 -0.607879
    outer loop
      vertex 30.8244 1.60853 0.444429
      vertex 30.7262 1.69459 0.340653
      vertex 30.8031 1.7152 0.444429
    endloop
  endfacet
  facet normal -0.972517 -0.192954 -0.130309
    outer loop
      vertex 17.0361 -1.75827 0.934596
      vertex 17.0107 -1.63025 0.934596
      vertex 17.0526 -1.75385 0.804909
    endloop
  endfacet
  facet normal -0.991419 0 -0.130724
    outer loop
      vertex 17.0192 -1.5 0.804909
      vertex 17.0021 1.5 0.934596
      vertex 17.0192 1.5 0.804909
    endloop
  endfacet
  facet normal -0.991419 -0 -0.130724
    outer loop
      vertex 17.0021 1.5 0.934596
      vertex 17.0192 -1.5 0.804909
      vertex 17.0021 -1.5 0.934596
    endloop
  endfacet
  facet normal -0.653884 -0.745278 -0.130372
    outer loop
      vertex 17.3925 -2.29166 0.934596
      vertex 17.2944 -2.20559 0.934596
      vertex 17.3065 -2.19352 0.804909
    endloop
  endfacet
  facet normal -0.947599 -0.187991 -0.258294
    outer loop
      vertex 17.0853 -1.74508 0.67856
      vertex 17.0526 -1.75385 0.804909
      vertex 17.0612 -1.6236 0.67856
    endloop
  endfacet
  facet normal -0.86465 0.0565651 -0.49918
    outer loop
      vertex 17.1685 1.5 0.444429
      vertex 17.1031 1.5 0.557711
      vertex 17.1756 1.60853 0.444429
    endloop
  endfacet
  facet normal -0.536656 -0.803327 -0.258198
    outer loop
      vertex 17.5096 -2.34939 0.804909
      vertex 17.4029 -2.27811 0.804909
      vertex 17.5265 -2.32007 0.67856
    endloop
  endfacet
  facet normal -0.321463 -0.946922 0
    outer loop
      vertex 17.6181 -2.4219 0.934596
      vertex 17.7417 -2.46386 2.5
      vertex 17.6181 -2.4219 2.5
    endloop
  endfacet
  facet normal -0.321463 -0.946922 -0
    outer loop
      vertex 17.7417 -2.46386 2.5
      vertex 17.6181 -2.4219 0.934596
      vertex 17.7417 -2.46386 0.934596
    endloop
  endfacet
  facet normal -0.997827 -0.0658834 0
    outer loop
      vertex 17.0107 -1.63025 0.934596
      vertex 17.0021 -1.5 2.5
      vertex 17.0021 -1.5 0.934596
    endloop
  endfacet
  facet normal -0.997827 -0.0658834 0
    outer loop
      vertex 17.0021 -1.5 2.5
      vertex 17.0107 -1.63025 0.934596
      vertex 17.0107 -1.63025 2.5
    endloop
  endfacet
  facet normal -0.427162 -0.86652 -0.258217
    outer loop
      vertex 17.6247 -2.40613 0.804909
      vertex 17.5096 -2.34939 0.804909
      vertex 17.5265 -2.32007 0.67856
    endloop
  endfacet
  facet normal -0.651558 -0.571036 -0.49939
    outer loop
      vertex 17.3658 -2.13418 0.557711
      vertex 17.2885 -2.04598 0.557711
      vertex 17.4121 -2.08794 0.444429
    endloop
  endfacet
  facet normal -0.65394 -0.74524 -0.130306
    outer loop
      vertex 17.3925 -2.29166 0.934596
      vertex 17.3065 -2.19352 0.804909
      vertex 17.4029 -2.27811 0.804909
    endloop
  endfacet
  facet normal -0.402039 -0.458099 -0.792786
    outer loop
      vertex 17.5986 -2.0231 0.248159
      vertex 17.5338 -1.96623 0.248159
      vertex 17.6618 -1.94076 0.16853
    endloop
  endfacet
  facet normal -0.481235 -0.720597 -0.499152
    outer loop
      vertex 17.5516 -2.27672 0.557711
      vertex 17.454 -2.21154 0.557711
      vertex 17.4938 -2.15965 0.444429
    endloop
  endfacet
  facet normal 0 -0.130523 -0.991445
    outer loop
      vertex 18 -1.69509 0.0192146
      vertex 30 -1.5654 0.002141
      vertex 30 -1.69509 0.0192146
    endloop
  endfacet
  facet normal -0 -0.130523 -0.991445
    outer loop
      vertex 30 -1.5654 0.002141
      vertex 18 -1.69509 0.0192146
      vertex 18 -1.5654 0.002141
    endloop
  endfacet
  facet normal -0.382596 0.0251838 -0.923573
    outer loop
      vertex 17.6813 1.54196 0.0530691
      vertex 17.5577 1.5 0.103127
      vertex 17.5615 1.55773 0.103127
    endloop
  endfacet
  facet normal 0.376104 -0.0748012 -0.923553
    outer loop
      vertex 30.4272 -1.61447 0.103127
      vertex 30.3105 -1.58319 0.0530691
      vertex 30.3187 -1.54196 0.0530691
    endloop
  endfacet
  facet normal -0.232777 0.113947 -0.965832
    outer loop
      vertex 17.8198 1.57466 0.0192146
      vertex 17.703 1.62301 0.0530691
      vertex 17.831 1.59754 0.0192146
    endloop
  endfacet
  facet normal -0.707084 0 -0.70713
    outer loop
      vertex 17.3407 -1.5 0.248159
      vertex 17.2482 1.5 0.340653
      vertex 17.3407 1.5 0.248159
    endloop
  endfacet
  facet normal -0.707084 -0 -0.70713
    outer loop
      vertex 17.2482 1.5 0.340653
      vertex 17.3407 -1.5 0.248159
      vertex 17.2482 -1.5 0.340653
    endloop
  endfacet
  facet normal -0.670495 -0.227412 -0.706202
    outer loop
      vertex 17.3908 -1.75232 0.248159
      vertex 17.2738 -1.69459 0.340653
      vertex 17.3631 -1.67065 0.248159
    endloop
  endfacet
  facet normal -0.90647 -0.180412 -0.38179
    outer loop
      vertex 17.1337 -1.73213 0.557711
      vertex 17.0612 -1.6236 0.67856
      vertex 17.1108 -1.61707 0.557711
    endloop
  endfacet
  facet normal -0.972499 -0.193217 -0.130052
    outer loop
      vertex 17.0526 -1.75385 0.804909
      vertex 17.0107 -1.63025 0.934596
      vertex 17.0276 -1.62802 0.804909
    endloop
  endfacet
  facet normal -0.63501 -0.313185 -0.706171
    outer loop
      vertex 17.3489 -1.87592 0.340653
      vertex 17.3054 -1.78772 0.340653
      vertex 17.3908 -1.75232 0.248159
    endloop
  endfacet
  facet normal -0.712031 -0.351088 -0.60807
    outer loop
      vertex 17.2799 -1.91574 0.444429
      vertex 17.2318 -1.81819 0.444429
      vertex 17.3054 -1.78772 0.340653
    endloop
  endfacet
  facet normal -0.351212 -0.712113 -0.607902
    outer loop
      vertex 17.7123 -2.19461 0.340653
      vertex 17.5843 -2.22007 0.444429
      vertex 17.6241 -2.15111 0.340653
    endloop
  endfacet
  facet normal -0.33031 -0.376434 -0.865559
    outer loop
      vertex 17.6618 -1.94076 0.16853
      vertex 17.6072 -1.89285 0.16853
      vertex 17.6873 -1.81275 0.103127
    endloop
  endfacet
  facet normal -0.41661 -0.277878 -0.865575
    outer loop
      vertex 17.5592 -1.83821 0.16853
      vertex 17.5189 -1.77779 0.16853
      vertex 17.617 -1.72114 0.103127
    endloop
  endfacet
  facet normal -0.506985 -0.33865 -0.792643
    outer loop
      vertex 17.4769 -1.90138 0.248159
      vertex 17.429 -1.82967 0.248159
      vertex 17.5592 -1.83821 0.16853
    endloop
  endfacet
  facet normal -0.195969 -0.577168 -0.792763
    outer loop
      vertex 17.8293 -2.13688 0.248159
      vertex 17.7874 -2.01328 0.16853
      vertex 17.8562 -2.03664 0.16853
    endloop
  endfacet
  facet normal -0.196072 -0.577181 -0.792728
    outer loop
      vertex 17.8293 -2.13688 0.248159
      vertex 17.7477 -2.10916 0.248159
      vertex 17.7874 -2.01328 0.16853
    endloop
  endfacet
  facet normal -0.0976852 -0.491182 -0.865562
    outer loop
      vertex 17.9275 -2.05082 0.16853
      vertex 17.8562 -2.03664 0.16853
      vertex 17.9423 -1.93851 0.103127
    endloop
  endfacet
  facet normal 0.0462997 -0.706377 -0.70632
    outer loop
      vertex 30.0981 -2.24541 0.340653
      vertex 30 -2.25184 0.340653
      vertex 30.0861 -2.15371 0.248159
    endloop
  endfacet
  facet normal -0.946829 0.321738 0
    outer loop
      vertex 17.0361 1.75826 0.934596
      vertex 17.0781 1.88186 2.5
      vertex 17.0781 1.88186 0.934596
    endloop
  endfacet
  facet normal -0.946829 0.321738 0
    outer loop
      vertex 17.0781 1.88186 2.5
      vertex 17.0361 1.75826 0.934596
      vertex 17.0361 1.75826 2.5
    endloop
  endfacet
  facet normal 0.0462706 -0.706365 -0.706334
    outer loop
      vertex 30.0861 -2.15371 0.248159
      vertex 30 -2.25184 0.340653
      vertex 30 -2.15935 0.248159
    endloop
  endfacet
  facet normal 0.0748354 -0.376002 -0.923592
    outer loop
      vertex 30.1145 -1.92722 0.103127
      vertex 30.042 -1.81869 0.0530691
      vertex 30.0832 -1.81049 0.0530691
    endloop
  endfacet
  facet normal 0.670495 -0.227412 -0.706202
    outer loop
      vertex 30.7262 -1.69459 0.340653
      vertex 30.6092 -1.75232 0.248159
      vertex 30.6369 -1.67065 0.248159
    endloop
  endfacet
  facet normal 0.297 -0.875109 -0.382068
    outer loop
      vertex 30.2451 -2.41466 0.67856
      vertex 30.2321 -2.36631 0.557711
      vertex 30.3624 -2.37485 0.67856
    endloop
  endfacet
  facet normal 0.427245 -0.866502 -0.258139
    outer loop
      vertex 30.3753 -2.40613 0.804909
      vertex 30.3624 -2.37485 0.67856
      vertex 30.4735 -2.32007 0.67856
    endloop
  endfacet
  facet normal 0 -0.500004 -0.866023
    outer loop
      vertex 18 -2.05557 0.16853
      vertex 30 -1.94229 0.103127
      vertex 30 -2.05557 0.16853
    endloop
  endfacet
  facet normal -0 -0.500004 -0.866023
    outer loop
      vertex 30 -1.94229 0.103127
      vertex 18 -2.05557 0.16853
      vertex 18 -1.94229 0.103127
    endloop
  endfacet
  facet normal -0.0327413 -0.499736 -0.865559
    outer loop
      vertex 18 -2.05557 0.16853
      vertex 17.9275 -2.05082 0.16853
      vertex 18 -1.94229 0.103127
    endloop
  endfacet
  facet normal 0 -0.258813 -0.965928
    outer loop
      vertex 18 -1.82144 0.0530691
      vertex 30 -1.69509 0.0192146
      vertex 30 -1.82144 0.0530691
    endloop
  endfacet
  facet normal -0 -0.258813 -0.965928
    outer loop
      vertex 30 -1.69509 0.0192146
      vertex 18 -1.82144 0.0530691
      vertex 18 -1.69509 0.0192146
    endloop
  endfacet
  facet normal -0.161021 -0.47424 -0.865545
    outer loop
      vertex 17.8562 -2.03664 0.16853
      vertex 17.7874 -2.01328 0.16853
      vertex 17.8855 -1.92722 0.103127
    endloop
  endfacet
  facet normal 0.0506193 -0.254331 -0.965792
    outer loop
      vertex 30.0832 -1.81049 0.0530691
      vertex 30.042 -1.81869 0.0530691
      vertex 30.0505 -1.68844 0.0192146
    endloop
  endfacet
  facet normal 0.160978 -0.474279 -0.865532
    outer loop
      vertex 30.2126 -2.01328 0.16853
      vertex 30.1145 -1.92722 0.103127
      vertex 30.1693 -1.90862 0.103127
    endloop
  endfacet
  facet normal 0.577164 -0.195407 -0.792905
    outer loop
      vertex 30.6369 -1.67065 0.248159
      vertex 30.5133 -1.71261 0.16853
      vertex 30.5366 -1.64379 0.16853
    endloop
  endfacet
  facet normal 0.252925 -0.288223 -0.923557
    outer loop
      vertex 30.3127 -1.81275 0.103127
      vertex 30.1957 -1.75502 0.0530691
      vertex 30.2273 -1.72729 0.0530691
    endloop
  endfacet
  facet normal 0.726341 -0.637036 -0.258096
    outer loop
      vertex 30.6935 -2.19352 0.804909
      vertex 30.6696 -2.16958 0.67856
      vertex 30.7781 -2.09706 0.804909
    endloop
  endfacet
  facet normal -0.109143 0.0721477 -0.991404
    outer loop
      vertex 17.9434 1.5327 0.002141
      vertex 17.8452 1.61876 0.0192146
      vertex 17.9481 1.53981 0.002141
    endloop
  endfacet
  facet normal -0.169787 0.343688 -0.923608
    outer loop
      vertex 17.877 1.79697 0.0530691
      vertex 17.7789 1.88303 0.103127
      vertex 17.8307 1.90862 0.103127
    endloop
  endfacet
  facet normal -0.0328222 0.499695 -0.865579
    outer loop
      vertex 17.9423 1.9385 0.103127
      vertex 17.9275 2.05082 0.16853
      vertex 18 1.94229 0.103127
    endloop
  endfacet
  facet normal 0 0.130523 -0.991445
    outer loop
      vertex 18 1.5654 0.002141
      vertex 30 1.69509 0.0192146
      vertex 30 1.5654 0.002141
    endloop
  endfacet
  facet normal 0 0.130523 -0.991445
    outer loop
      vertex 30 1.69509 0.0192146
      vertex 18 1.5654 0.002141
      vertex 18 1.69509 0.0192146
    endloop
  endfacet
  facet normal -0.597796 0.119106 -0.792751
    outer loop
      vertex 17.4492 1.57252 0.16853
      vertex 17.3463 1.58606 0.248159
      vertex 17.4634 1.64379 0.16853
    endloop
  endfacet
  facet normal -0.188487 0.947506 -0.258275
    outer loop
      vertex 17.7549 2.41466 0.67856
      vertex 17.7462 2.44737 0.804909
      vertex 17.8764 2.43883 0.67856
    endloop
  endfacet
  facet normal 0.997827 0.0658834 0
    outer loop
      vertex 30.9979 1.5 2.5
      vertex 30.9893 1.63025 0.934596
      vertex 30.9893 1.63025 2.5
    endloop
  endfacet
  facet normal 0.997827 0.0658834 0
    outer loop
      vertex 30.9893 1.63025 0.934596
      vertex 30.9979 1.5 2.5
      vertex 30.9979 1.5 0.934596
    endloop
  endfacet
  facet normal 0.0398514 0.608258 -0.792739
    outer loop
      vertex 30.0725 2.05082 0.16853
      vertex 30 2.05557 0.16853
      vertex 30 2.15935 0.248159
    endloop
  endfacet
  facet normal 0.0462972 0.706339 -0.706358
    outer loop
      vertex 30.0861 2.1537 0.248159
      vertex 30 2.25184 0.340653
      vertex 30.0981 2.24541 0.340653
    endloop
  endfacet
  facet normal -0.60826 0.03958 -0.79275
    outer loop
      vertex 17.4492 1.57252 0.16853
      vertex 17.3407 1.5 0.248159
      vertex 17.3463 1.58606 0.248159
    endloop
  endfacet
  facet normal -0.922251 0.060664 -0.381802
    outer loop
      vertex 17.1031 1.5 0.557711
      vertex 17.0612 1.6236 0.67856
      vertex 17.1108 1.61706 0.557711
    endloop
  endfacet
  facet normal -0.15487 0.778728 -0.607945
    outer loop
      vertex 17.8054 2.22622 0.340653
      vertex 17.7848 2.30314 0.444429
      vertex 17.8915 2.32436 0.444429
    endloop
  endfacet
  facet normal 0 0.608741 -0.793369
    outer loop
      vertex 18 2.05557 0.16853
      vertex 30 2.15935 0.248159
      vertex 30 2.05557 0.16853
    endloop
  endfacet
  facet normal 0 0.608741 -0.793369
    outer loop
      vertex 30 2.15935 0.248159
      vertex 18 2.05557 0.16853
      vertex 18 2.15935 0.248159
    endloop
  endfacet
  facet normal -0.0631875 0.964005 -0.258265
    outer loop
      vertex 18 2.44693 0.67856
      vertex 17.872 2.47239 0.804909
      vertex 18 2.48078 0.804909
    endloop
  endfacet
  facet normal 0 0.923872 -0.382701
    outer loop
      vertex 30 2.39687 0.557711
      vertex 18 2.44693 0.67856
      vertex 30 2.44693 0.67856
    endloop
  endfacet
  facet normal 0 0.923872 -0.382701
    outer loop
      vertex 18 2.44693 0.67856
      vertex 30 2.39687 0.557711
      vertex 18 2.39687 0.557711
    endloop
  endfacet
  facet normal -0.0631754 0.964009 -0.258254
    outer loop
      vertex 17.8764 2.43883 0.67856
      vertex 17.872 2.47239 0.804909
      vertex 18 2.44693 0.67856
    endloop
  endfacet
  facet normal -0.297026 0.875088 -0.382094
    outer loop
      vertex 17.6568 2.3286 0.557711
      vertex 17.6376 2.37485 0.67856
      vertex 17.7679 2.36631 0.557711
    endloop
  endfacet
  facet normal -0.42723 0.866505 -0.258154
    outer loop
      vertex 17.5265 2.32007 0.67856
      vertex 17.5096 2.34938 0.804909
      vertex 17.6247 2.40613 0.804909
    endloop
  endfacet
  facet normal -0.866503 0.42744 -0.257814
    outer loop
      vertex 17.1251 1.86237 0.67856
      vertex 17.0939 1.87533 0.804909
      vertex 17.1799 1.97346 0.67856
    endloop
  endfacet
  facet normal 0.438705 0.889113 -0.130443
    outer loop
      vertex 30.4989 2.36417 0.934596
      vertex 30.3753 2.40613 0.804909
      vertex 30.3819 2.4219 0.934596
    endloop
  endfacet
  facet normal 0.65947 0.751731 -0
    outer loop
      vertex 30.7056 2.20559 0.934596
      vertex 30.6075 2.29165 2.5
      vertex 30.7056 2.20559 2.5
    endloop
  endfacet
  facet normal 0.65947 0.751731 0
    outer loop
      vertex 30.6075 2.29165 2.5
      vertex 30.7056 2.20559 0.934596
      vertex 30.6075 2.29165 0.934596
    endloop
  endfacet
  facet normal 0.972516 0.192968 -0.130294
    outer loop
      vertex 30.9893 1.63025 0.934596
      vertex 30.9474 1.75385 0.804909
      vertex 30.9639 1.75826 0.934596
    endloop
  endfacet
  facet normal 0.440876 0.660366 -0.607902
    outer loop
      vertex 30.5062 2.15965 0.444429
      vertex 30.3759 2.15111 0.340653
      vertex 30.4157 2.22007 0.444429
    endloop
  endfacet
  facet normal 0.0519301 0.792277 -0.607947
    outer loop
      vertex 30.0981 2.24541 0.340653
      vertex 30 2.25184 0.340653
      vertex 30.1085 2.32436 0.444429
    endloop
  endfacet
  facet normal -0.555336 0.831626 0
    outer loop
      vertex 17.5011 2.36417 0.934596
      vertex 17.3925 2.29165 2.5
      vertex 17.5011 2.36417 2.5
    endloop
  endfacet
  facet normal -0.555336 0.831626 0
    outer loop
      vertex 17.3925 2.29165 2.5
      vertex 17.5011 2.36417 0.934596
      vertex 17.3925 2.29165 0.934596
    endloop
  endfacet
  facet normal -0.0519183 -0.792284 -0.60794
    outer loop
      vertex 18 -2.33147 0.444429
      vertex 17.8915 -2.32436 0.444429
      vertex 18 -2.25184 0.340653
    endloop
  endfacet
  facet normal -0.193405 -0.972438 -0.130228
    outer loop
      vertex 17.8698 -2.48932 0.934596
      vertex 17.7462 -2.44737 0.804909
      vertex 17.872 -2.47239 0.804909
    endloop
  endfacet
  facet normal -0.278516 -0.820554 -0.49912
    outer loop
      vertex 17.7679 -2.36631 0.557711
      vertex 17.6568 -2.3286 0.557711
      vertex 17.7848 -2.30314 0.444429
    endloop
  endfacet
  facet normal -0.440876 -0.660366 -0.607902
    outer loop
      vertex 17.5843 -2.22007 0.444429
      vertex 17.4938 -2.15965 0.444429
      vertex 17.6241 -2.15111 0.340653
    endloop
  endfacet
  facet normal -0.46689 -0.532128 -0.706296
    outer loop
      vertex 17.5423 -2.09647 0.340653
      vertex 17.4684 -2.03163 0.340653
      vertex 17.5986 -2.0231 0.248159
    endloop
  endfacet
  facet normal -0.91478 0.311001 -0.257792
    outer loop
      vertex 17.1251 1.86237 0.67856
      vertex 17.0526 1.75385 0.804909
      vertex 17.0939 1.87533 0.804909
    endloop
  endfacet
  facet normal -0.989301 0.0653205 -0.130445
    outer loop
      vertex 17.0192 1.5 0.804909
      vertex 17.0021 1.5 0.934596
      vertex 17.0107 1.63025 0.934596
    endloop
  endfacet
  facet normal 0.93874 0.318989 -0.13043
    outer loop
      vertex 30.9639 1.75826 0.934596
      vertex 30.9061 1.87533 0.804909
      vertex 30.9219 1.88186 0.934596
    endloop
  endfacet
  facet normal 0.143736 0.215908 -0.965776
    outer loop
      vertex 30.1188 1.65477 0.0192146
      vertex 30.0975 1.66895 0.0192146
      vertex 30.1957 1.75501 0.0530691
    endloop
  endfacet
  facet normal 0.258872 0.0166577 -0.965768
    outer loop
      vertex 30.3214 1.5 0.0530691
      vertex 30.1951 1.5 0.0192146
      vertex 30.3187 1.54196 0.0530691
    endloop
  endfacet
  facet normal 0.25426 -0.0508114 -0.9658
    outer loop
      vertex 30.3187 -1.54196 0.0530691
      vertex 30.1884 -1.55049 0.0192146
      vertex 30.1934 -1.52547 0.0192146
    endloop
  endfacet
  facet normal 0.169787 0.343688 -0.923608
    outer loop
      vertex 30.2211 1.88303 0.103127
      vertex 30.123 1.79697 0.0530691
      vertex 30.1693 1.90862 0.103127
    endloop
  endfacet
  facet normal 0.546439 -0.26995 -0.7928
    outer loop
      vertex 30.571 -1.82967 0.248159
      vertex 30.4811 -1.77779 0.16853
      vertex 30.5133 -1.71261 0.16853
    endloop
  endfacet
  facet normal 0.457909 -0.402262 -0.792783
    outer loop
      vertex 30.4662 -1.96623 0.248159
      vertex 30.3928 -1.89285 0.16853
      vertex 30.4408 -1.83821 0.16853
    endloop
  endfacet
  facet normal 0.138121 -0.694296 -0.706311
    outer loop
      vertex 30.1946 -2.22622 0.340653
      vertex 30.0861 -2.15371 0.248159
      vertex 30.1707 -2.13688 0.248159
    endloop
  endfacet
  facet normal 0.457909 0.402262 -0.792783
    outer loop
      vertex 30.4408 1.83821 0.16853
      vertex 30.3928 1.89285 0.16853
      vertex 30.4662 1.96623 0.248159
    endloop
  endfacet
  facet normal 0.195969 0.577168 -0.792763
    outer loop
      vertex 30.2126 2.01328 0.16853
      vertex 30.1438 2.03664 0.16853
      vertex 30.1707 2.13688 0.248159
    endloop
  endfacet
  facet normal 0.0519183 0.792284 -0.60794
    outer loop
      vertex 30.1085 2.32436 0.444429
      vertex 30 2.25184 0.340653
      vertex 30 2.33147 0.444429
    endloop
  endfacet
  facet normal 0.0566602 0.864645 -0.499177
    outer loop
      vertex 30.1085 2.32436 0.444429
      vertex 30 2.33147 0.444429
      vertex 30 2.39687 0.557711
    endloop
  endfacet
  facet normal 0.706382 -0.04607 -0.70633
    outer loop
      vertex 30.7454 -1.59813 0.340653
      vertex 30.6537 -1.58606 0.248159
      vertex 30.7518 -1.5 0.340653
    endloop
  endfacet
  facet normal 0.777199 0.383261 -0.499072
    outer loop
      vertex 30.7682 1.81819 0.444429
      vertex 30.7201 1.91573 0.444429
      vertex 30.8286 1.84322 0.557711
    endloop
  endfacet
  facet normal 0.706382 0.04607 -0.70633
    outer loop
      vertex 30.7518 1.5 0.340653
      vertex 30.6537 1.58606 0.248159
      vertex 30.7454 1.59813 0.340653
    endloop
  endfacet
  facet normal 0.79203 0.0518144 -0.608279
    outer loop
      vertex 30.8315 1.5 0.444429
      vertex 30.7518 1.5 0.340653
      vertex 30.8244 1.60853 0.444429
    endloop
  endfacet
  facet normal 0.694466 0.137924 -0.706183
    outer loop
      vertex 30.6537 1.58606 0.248159
      vertex 30.6369 1.67065 0.248159
      vertex 30.7262 1.69459 0.340653
    endloop
  endfacet
  facet normal 0.448985 0.22184 -0.865563
    outer loop
      vertex 30.5133 1.71261 0.16853
      vertex 30.383 1.72114 0.103127
      vertex 30.4811 1.77778 0.16853
    endloop
  endfacet
  facet normal 0.532095 0.466865 -0.706337
    outer loop
      vertex 30.5231 1.90138 0.248159
      vertex 30.4662 1.96623 0.248159
      vertex 30.5316 2.03163 0.340653
    endloop
  endfacet
  facet normal 0.849969 0.169152 -0.498939
    outer loop
      vertex 30.8892 1.61706 0.557711
      vertex 30.8244 1.60853 0.444429
      vertex 30.8663 1.73213 0.557711
    endloop
  endfacet
  facet normal 0.96584 0 -0.259139
    outer loop
      vertex 30.9808 -1.5 0.804909
      vertex 30.9469 1.5 0.67856
      vertex 30.9808 1.5 0.804909
    endloop
  endfacet
  facet normal 0.96584 0 -0.259139
    outer loop
      vertex 30.9469 1.5 0.67856
      vertex 30.9808 -1.5 0.804909
      vertex 30.9469 -1.5 0.67856
    endloop
  endfacet
  facet normal -0.875051 -0.296906 -0.382274
    outer loop
      vertex 17.1251 -1.86238 0.67856
      vertex 17.0853 -1.74508 0.67856
      vertex 17.1337 -1.73213 0.557711
    endloop
  endfacet
  facet normal -0.875016 -0.296949 -0.382318
    outer loop
      vertex 17.1714 -1.84322 0.557711
      vertex 17.1251 -1.86238 0.67856
      vertex 17.1337 -1.73213 0.557711
    endloop
  endfacet
  facet normal -0.726341 -0.637036 -0.258096
    outer loop
      vertex 17.3065 -2.19352 0.804909
      vertex 17.2219 -2.09706 0.804909
      vertex 17.3304 -2.16958 0.67856
    endloop
  endfacet
  facet normal -0.831531 -0.555478 0
    outer loop
      vertex 17.2083 -2.10746 0.934596
      vertex 17.1358 -1.99893 2.5
      vertex 17.1358 -1.99893 0.934596
    endloop
  endfacet
  facet normal -0.831531 -0.555478 0
    outer loop
      vertex 17.1358 -1.99893 2.5
      vertex 17.2083 -2.10746 0.934596
      vertex 17.2083 -2.10746 2.5
    endloop
  endfacet
  facet normal -0.310516 -0.914833 -0.258187
    outer loop
      vertex 17.7462 -2.44737 0.804909
      vertex 17.6247 -2.40613 0.804909
      vertex 17.6376 -2.37485 0.67856
    endloop
  endfacet
  facet normal -0.318668 -0.938849 -0.130434
    outer loop
      vertex 17.7417 -2.46386 0.934596
      vertex 17.6247 -2.40613 0.804909
      vertex 17.7462 -2.44737 0.804909
    endloop
  endfacet
  facet normal -0.694554 -0.609375 -0.382436
    outer loop
      vertex 17.3304 -2.16958 0.67856
      vertex 17.2487 -2.07646 0.67856
      vertex 17.2885 -2.04598 0.557711
    endloop
  endfacet
  facet normal -0.536709 -0.803269 -0.258269
    outer loop
      vertex 17.5265 -2.32007 0.67856
      vertex 17.4029 -2.27811 0.804909
      vertex 17.4235 -2.25125 0.67856
    endloop
  endfacet
  facet normal -0.40873 -0.828805 -0.382128
    outer loop
      vertex 17.6376 -2.37485 0.67856
      vertex 17.5516 -2.27672 0.557711
      vertex 17.6568 -2.3286 0.557711
    endloop
  endfacet
  facet normal -0.427245 -0.866502 -0.258139
    outer loop
      vertex 17.6247 -2.40613 0.804909
      vertex 17.5265 -2.32007 0.67856
      vertex 17.6376 -2.37485 0.67856
    endloop
  endfacet
  facet normal -0.659513 -0.751693 0
    outer loop
      vertex 17.2944 -2.20559 0.934596
      vertex 17.3925 -2.29166 2.5
      vertex 17.2944 -2.20559 2.5
    endloop
  endfacet
  facet normal -0.659513 -0.751693 -0
    outer loop
      vertex 17.3925 -2.29166 2.5
      vertex 17.2944 -2.20559 0.934596
      vertex 17.3925 -2.29166 0.934596
    endloop
  endfacet
  facet normal -0.338785 -0.506751 -0.792735
    outer loop
      vertex 17.6703 -2.07101 0.248159
      vertex 17.6618 -1.94076 0.16853
      vertex 17.7222 -1.98114 0.16853
    endloop
  endfacet
  facet normal -0.338626 -0.506773 -0.792788
    outer loop
      vertex 17.6703 -2.07101 0.248159
      vertex 17.5986 -2.0231 0.248159
      vertex 17.6618 -1.94076 0.16853
    endloop
  endfacet
  facet normal -0.720349 -0.481513 -0.499242
    outer loop
      vertex 17.2885 -2.04598 0.557711
      vertex 17.2233 -1.94844 0.557711
      vertex 17.3404 -2.00617 0.444429
    endloop
  endfacet
  facet normal -0.637212 -0.726176 -0.258126
    outer loop
      vertex 17.4029 -2.27811 0.804909
      vertex 17.3065 -2.19352 0.804909
      vertex 17.3304 -2.16958 0.67856
    endloop
  endfacet
  facet normal -0.117231 0.0580807 -0.991405
    outer loop
      vertex 17.9396 1.52503 0.002141
      vertex 17.8198 1.57466 0.0192146
      vertex 17.9434 1.5327 0.002141
    endloop
  endfacet
  facet normal -0.123928 -0.0420442 -0.9914
    outer loop
      vertex 17.8198 -1.57466 0.0192146
      vertex 17.8116 -1.55049 0.0192146
      vertex 17.9368 -1.51693 0.002141
    endloop
  endfacet
  facet normal -0.115111 0.232466 -0.965769
    outer loop
      vertex 17.9025 1.66895 0.0192146
      vertex 17.877 1.79697 0.0530691
      vertex 17.9253 1.68024 0.0192146
    endloop
  endfacet
  facet normal -0.195153 -0.170848 -0.965778
    outer loop
      vertex 17.862 -1.63795 0.0192146
      vertex 17.745 -1.69568 0.0530691
      vertex 17.8452 -1.61876 0.0192146
    endloop
  endfacet
  facet normal -0.232615 -0.114735 -0.965777
    outer loop
      vertex 17.7216 -1.66072 0.0530691
      vertex 17.703 -1.62301 0.0530691
      vertex 17.831 -1.59755 0.0192146
    endloop
  endfacet
  facet normal 0.130508 -0.00916916 -0.991405
    outer loop
      vertex 30.1951 -1.5 0.0192146
      vertex 30.0648 -1.50854 0.002141
      vertex 30.0654 -1.5 0.002141
    endloop
  endfacet
  facet normal -0.0255039 0.128283 -0.99141
    outer loop
      vertex 17.9831 1.56317 0.002141
      vertex 17.9495 1.68844 0.0192146
      vertex 17.9915 1.56484 0.002141
    endloop
  endfacet
  facet normal -0.499755 -0.0328957 -0.865542
    outer loop
      vertex 17.5615 -1.55773 0.103127
      vertex 17.4492 -1.57252 0.16853
      vertex 17.5577 -1.5 0.103127
    endloop
  endfacet
  facet normal -0.694466 -0.137924 -0.706183
    outer loop
      vertex 17.3631 -1.67065 0.248159
      vertex 17.2738 -1.69459 0.340653
      vertex 17.3463 -1.58606 0.248159
    endloop
  endfacet
  facet normal -0.577164 -0.195407 -0.792905
    outer loop
      vertex 17.4867 -1.71261 0.16853
      vertex 17.3631 -1.67065 0.248159
      vertex 17.4634 -1.64379 0.16853
    endloop
  endfacet
  facet normal -0.499938 0 -0.866061
    outer loop
      vertex 17.4444 -1.5 0.16853
      vertex 17.5577 1.5 0.103127
      vertex 17.5577 -1.5 0.103127
    endloop
  endfacet
  facet normal -0.499938 0 -0.866061
    outer loop
      vertex 17.5577 1.5 0.103127
      vertex 17.4444 -1.5 0.16853
      vertex 17.4444 1.5 0.16853
    endloop
  endfacet
  facet normal -0.376236 0.330515 -0.865567
    outer loop
      vertex 17.6873 1.81275 0.103127
      vertex 17.5592 1.83821 0.16853
      vertex 17.6072 1.89285 0.16853
    endloop
  endfacet
  facet normal -0.849622 -0.169654 -0.499359
    outer loop
      vertex 17.1969 -1.7152 0.444429
      vertex 17.1337 -1.73213 0.557711
      vertex 17.1756 -1.60853 0.444429
    endloop
  endfacet
  facet normal -0.820449 -0.278431 -0.49934
    outer loop
      vertex 17.1714 -1.84322 0.557711
      vertex 17.1337 -1.73213 0.557711
      vertex 17.1969 -1.7152 0.444429
    endloop
  endfacet
  facet normal -0.507048 -0.3382 -0.792794
    outer loop
      vertex 17.5592 -1.83821 0.16853
      vertex 17.429 -1.82967 0.248159
      vertex 17.5189 -1.77779 0.16853
    endloop
  endfacet
  facet normal -0.343968 -0.169658 -0.923527
    outer loop
      vertex 17.7216 -1.66072 0.0530691
      vertex 17.617 -1.72114 0.103127
      vertex 17.703 -1.62301 0.0530691
    endloop
  endfacet
  facet normal -0.402016 -0.458153 -0.792767
    outer loop
      vertex 17.6618 -1.94076 0.16853
      vertex 17.5338 -1.96623 0.248159
      vertex 17.6072 -1.89285 0.16853
    endloop
  endfacet
  facet normal -0.457909 -0.402262 -0.792783
    outer loop
      vertex 17.6072 -1.89285 0.16853
      vertex 17.5338 -1.96623 0.248159
      vertex 17.5592 -1.83821 0.16853
    endloop
  endfacet
  facet normal -0.634675 -0.31344 -0.70636
    outer loop
      vertex 17.429 -1.82967 0.248159
      vertex 17.3489 -1.87592 0.340653
      vertex 17.3908 -1.75232 0.248159
    endloop
  endfacet
  facet normal -0.588622 -0.393181 -0.706351
    outer loop
      vertex 17.4769 -1.90138 0.248159
      vertex 17.3489 -1.87592 0.340653
      vertex 17.429 -1.82967 0.248159
    endloop
  endfacet
  facet normal -0.546439 -0.26995 -0.7928
    outer loop
      vertex 17.5189 -1.77779 0.16853
      vertex 17.429 -1.82967 0.248159
      vertex 17.4867 -1.71261 0.16853
    endloop
  endfacet
  facet normal -0.448987 -0.221807 -0.865571
    outer loop
      vertex 17.5189 -1.77779 0.16853
      vertex 17.4867 -1.71261 0.16853
      vertex 17.617 -1.72114 0.103127
    endloop
  endfacet
  facet normal -0.269501 -0.546772 -0.792723
    outer loop
      vertex 17.7477 -2.10916 0.248159
      vertex 17.6703 -2.07101 0.248159
      vertex 17.7874 -2.01328 0.16853
    endloop
  endfacet
  facet normal -0.393337 -0.588651 -0.706241
    outer loop
      vertex 17.6241 -2.15111 0.340653
      vertex 17.5986 -2.0231 0.248159
      vertex 17.6703 -2.07101 0.248159
    endloop
  endfacet
  facet normal 0.11893 -0.597832 -0.79275
    outer loop
      vertex 30.1707 -2.13688 0.248159
      vertex 30.0861 -2.15371 0.248159
      vertex 30.1438 -2.03664 0.16853
    endloop
  endfacet
  facet normal 0.338785 -0.506751 -0.792735
    outer loop
      vertex 30.3297 -2.07101 0.248159
      vertex 30.2778 -1.98114 0.16853
      vertex 30.3382 -1.94076 0.16853
    endloop
  endfacet
  facet normal 0.0398514 -0.608258 -0.792739
    outer loop
      vertex 30.0725 -2.05082 0.16853
      vertex 30 -2.15935 0.248159
      vertex 30 -2.05557 0.16853
    endloop
  endfacet
  facet normal 0.82073 -0.278119 -0.49905
    outer loop
      vertex 30.8286 -1.84322 0.557711
      vertex 30.7682 -1.81819 0.444429
      vertex 30.8031 -1.7152 0.444429
    endloop
  endfacet
  facet normal 0.318668 -0.938849 -0.130434
    outer loop
      vertex 30.2583 -2.46386 0.934596
      vertex 30.2538 -2.44737 0.804909
      vertex 30.3753 -2.40613 0.804909
    endloop
  endfacet
  facet normal 0.550549 -0.824571 -0.130303
    outer loop
      vertex 30.6075 -2.29166 0.934596
      vertex 30.4989 -2.36417 0.934596
      vertex 30.5971 -2.27811 0.804909
    endloop
  endfacet
  facet normal 0.0648934 -0.989359 -0.130224
    outer loop
      vertex 30.1302 -2.48932 0.934596
      vertex 30 -2.49786 0.934596
      vertex 30 -2.48079 0.804909
    endloop
  endfacet
  facet normal 0 -0.866037 -0.499981
    outer loop
      vertex 18 -2.33147 0.444429
      vertex 30 -2.39687 0.557711
      vertex 18 -2.39687 0.557711
    endloop
  endfacet
  facet normal 0 -0.866037 -0.499981
    outer loop
      vertex 30 -2.39687 0.557711
      vertex 18 -2.33147 0.444429
      vertex 30 -2.33147 0.444429
    endloop
  endfacet
  facet normal 0.351317 -0.71198 -0.607997
    outer loop
      vertex 30.3182 -2.26818 0.444429
      vertex 30.2877 -2.19461 0.340653
      vertex 30.4157 -2.22007 0.444429
    endloop
  endfacet
  facet normal -0.0327385 -0.499738 -0.865558
    outer loop
      vertex 18 -1.94229 0.103127
      vertex 17.9275 -2.05082 0.16853
      vertex 17.9423 -1.93851 0.103127
    endloop
  endfacet
  facet normal -0.0398514 -0.608258 -0.792739
    outer loop
      vertex 18 -2.15935 0.248159
      vertex 17.9275 -2.05082 0.16853
      vertex 18 -2.05557 0.16853
    endloop
  endfacet
  facet normal -0.213033 -0.31882 -0.923564
    outer loop
      vertex 17.7789 -1.88303 0.103127
      vertex 17.7308 -1.85089 0.103127
      vertex 17.8393 -1.77838 0.0530691
    endloop
  endfacet
  facet normal -0.0250489 -0.382565 -0.923589
    outer loop
      vertex 18 -1.94229 0.103127
      vertex 17.958 -1.81869 0.0530691
      vertex 18 -1.82144 0.0530691
    endloop
  endfacet
  facet normal 0.0169436 -0.258776 -0.965789
    outer loop
      vertex 30.042 -1.81869 0.0530691
      vertex 30 -1.82144 0.0530691
      vertex 30 -1.69509 0.0192146
    endloop
  endfacet
  facet normal -0.0169472 -0.258774 -0.965789
    outer loop
      vertex 18 -1.69509 0.0192146
      vertex 17.958 -1.81869 0.0530691
      vertex 17.9745 -1.69342 0.0192146
    endloop
  endfacet
  facet normal 0.128251 -0.0256296 -0.991411
    outer loop
      vertex 30.1884 -1.55049 0.0192146
      vertex 30.0648 -1.50854 0.002141
      vertex 30.1934 -1.52547 0.0192146
    endloop
  endfacet
  facet normal 0.171002 -0.194867 -0.965808
    outer loop
      vertex 30.1957 -1.75502 0.0530691
      vertex 30.1379 -1.63795 0.0192146
      vertex 30.2273 -1.72729 0.0530691
    endloop
  endfacet
  facet normal 0.212892 0.318973 -0.923544
    outer loop
      vertex 30.1957 1.75501 0.0530691
      vertex 30.1607 1.77837 0.0530691
      vertex 30.2692 1.85089 0.103127
    endloop
  endfacet
  facet normal 0.108634 -0.0727303 -0.991418
    outer loop
      vertex 30.1548 -1.61876 0.0192146
      vertex 30.0566 -1.5327 0.002141
      vertex 30.169 -1.59755 0.0192146
    endloop
  endfacet
  facet normal 0.0085982 -0.130508 -0.99141
    outer loop
      vertex 30.0255 -1.69342 0.0192146
      vertex 30 -1.5654 0.002141
      vertex 30.0085 -1.56484 0.002141
    endloop
  endfacet
  facet normal 0.0864642 -0.0981263 -0.991411
    outer loop
      vertex 30.1188 -1.65478 0.0192146
      vertex 30.0462 -1.54625 0.002141
      vertex 30.1379 -1.63795 0.0192146
    endloop
  endfacet
  facet normal 0.793095 0 -0.609097
    outer loop
      vertex 30.8315 -1.5 0.444429
      vertex 30.7518 1.5 0.340653
      vertex 30.8315 1.5 0.444429
    endloop
  endfacet
  facet normal 0.793095 0 -0.609097
    outer loop
      vertex 30.7518 1.5 0.340653
      vertex 30.8315 -1.5 0.444429
      vertex 30.7518 -1.5 0.340653
    endloop
  endfacet
  facet normal 0.25284 -0.288373 -0.923533
    outer loop
      vertex 30.2692 -1.85089 0.103127
      vertex 30.1957 -1.75502 0.0530691
      vertex 30.3127 -1.81275 0.103127
    endloop
  endfacet
  facet normal 0.889347 -0.438258 -0.130353
    outer loop
      vertex 30.8642 -1.99893 0.934596
      vertex 30.8494 -1.99039 0.804909
      vertex 30.9061 -1.87533 0.804909
    endloop
  endfacet
  facet normal 0.536709 -0.803269 -0.258269
    outer loop
      vertex 30.5971 -2.27811 0.804909
      vertex 30.4735 -2.32007 0.67856
      vertex 30.5765 -2.25125 0.67856
    endloop
  endfacet
  facet normal 0.0746882 0.37609 -0.923568
    outer loop
      vertex 30.1145 1.92722 0.103127
      vertex 30.042 1.81869 0.0530691
      vertex 30.0577 1.9385 0.103127
    endloop
  endfacet
  facet normal 0.0419712 0.123866 -0.991411
    outer loop
      vertex 30.0747 1.68024 0.0192146
      vertex 30.0169 1.56317 0.002141
      vertex 30.0505 1.68844 0.0192146
    endloop
  endfacet
  facet normal -0.123209 0.363002 -0.923606
    outer loop
      vertex 17.877 1.79697 0.0530691
      vertex 17.8307 1.90862 0.103127
      vertex 17.8855 1.92722 0.103127
    endloop
  endfacet
  facet normal -0.0398514 0.608258 -0.792739
    outer loop
      vertex 18 2.05557 0.16853
      vertex 17.9275 2.05082 0.16853
      vertex 18 2.15935 0.248159
    endloop
  endfacet
  facet normal -0.0250489 0.382565 -0.923589
    outer loop
      vertex 18 1.82144 0.0530691
      vertex 17.958 1.81869 0.0530691
      vertex 18 1.94229 0.103127
    endloop
  endfacet
  facet normal -0.0169436 0.258776 -0.965789
    outer loop
      vertex 18 1.69509 0.0192146
      vertex 17.958 1.81869 0.0530691
      vertex 18 1.82144 0.0530691
    endloop
  endfacet
  facet normal -0.376266 0.330422 -0.86559
    outer loop
      vertex 17.6491 1.76925 0.103127
      vertex 17.5592 1.83821 0.16853
      vertex 17.6873 1.81275 0.103127
    endloop
  endfacet
  facet normal -0.0462972 0.706339 -0.706358
    outer loop
      vertex 17.9139 2.1537 0.248159
      vertex 17.9019 2.24541 0.340653
      vertex 18 2.25184 0.340653
    endloop
  endfacet
  facet normal -0.82073 0.278119 -0.49905
    outer loop
      vertex 17.1969 1.7152 0.444429
      vertex 17.1714 1.84322 0.557711
      vertex 17.2318 1.81819 0.444429
    endloop
  endfacet
  facet normal -0.474099 0.160946 -0.865636
    outer loop
      vertex 17.5728 1.61447 0.103127
      vertex 17.4867 1.71261 0.16853
      vertex 17.5914 1.66926 0.103127
    endloop
  endfacet
  facet normal -0.363157 0.123284 -0.923535
    outer loop
      vertex 17.703 1.62301 0.0530691
      vertex 17.5728 1.61447 0.103127
      vertex 17.5914 1.66926 0.103127
    endloop
  endfacet
  facet normal -0.96584 0 -0.259139
    outer loop
      vertex 17.0531 -1.5 0.67856
      vertex 17.0192 1.5 0.804909
      vertex 17.0531 1.5 0.67856
    endloop
  endfacet
  facet normal -0.96584 -0 -0.259139
    outer loop
      vertex 17.0192 1.5 0.804909
      vertex 17.0531 -1.5 0.67856
      vertex 17.0192 -1.5 0.804909
    endloop
  endfacet
  facet normal -0.609419 0.69471 -0.382082
    outer loop
      vertex 17.454 2.21154 0.557711
      vertex 17.3304 2.16958 0.67856
      vertex 17.4235 2.25125 0.67856
    endloop
  endfacet
  facet normal 0 0.793354 -0.608761
    outer loop
      vertex 30 2.25184 0.340653
      vertex 18 2.33147 0.444429
      vertex 30 2.33147 0.444429
    endloop
  endfacet
  facet normal 0 0.793354 -0.608761
    outer loop
      vertex 18 2.33147 0.444429
      vertex 30 2.25184 0.340653
      vertex 18 2.25184 0.340653
    endloop
  endfacet
  facet normal -0.255193 0.751855 -0.60794
    outer loop
      vertex 17.8054 2.22622 0.340653
      vertex 17.6818 2.26818 0.444429
      vertex 17.7848 2.30314 0.444429
    endloop
  endfacet
  facet normal -0.318668 0.938849 -0.130434
    outer loop
      vertex 17.7462 2.44737 0.804909
      vertex 17.6247 2.40613 0.804909
      vertex 17.7417 2.46386 0.934596
    endloop
  endfacet
  facet normal -0.0604344 0.922184 -0.382002
    outer loop
      vertex 18 2.39687 0.557711
      vertex 17.8764 2.43883 0.67856
      vertex 18 2.44693 0.67856
    endloop
  endfacet
  facet normal -0.193405 0.972438 -0.130228
    outer loop
      vertex 17.872 2.47239 0.804909
      vertex 17.7462 2.44737 0.804909
      vertex 17.8698 2.48932 0.934596
    endloop
  endfacet
  facet normal -0.438458 0.889278 -0.130154
    outer loop
      vertex 17.5096 2.34938 0.804909
      vertex 17.5011 2.36417 0.934596
      vertex 17.6247 2.40613 0.804909
    endloop
  endfacet
  facet normal -0.824285 0.550966 -0.13035
    outer loop
      vertex 17.1506 1.99039 0.804909
      vertex 17.1358 1.99893 0.934596
      vertex 17.2219 2.09706 0.804909
    endloop
  endfacet
  facet normal -0.889347 0.438258 -0.130353
    outer loop
      vertex 17.1506 1.99039 0.804909
      vertex 17.0939 1.87533 0.804909
      vertex 17.1358 1.99893 0.934596
    endloop
  endfacet
  facet normal 0.803189 0.536865 -0.258194
    outer loop
      vertex 30.8201 1.97346 0.67856
      vertex 30.7781 2.09706 0.804909
      vertex 30.8494 1.99039 0.804909
    endloop
  endfacet
  facet normal 0 1 -0
    outer loop
      vertex 30 2.49786 0.934596
      vertex 18 2.49786 2.5
      vertex 30 2.49786 2.5
    endloop
  endfacet
  facet normal 0 1 0
    outer loop
      vertex 18 2.49786 2.5
      vertex 30 2.49786 0.934596
      vertex 18 2.49786 0.934596
    endloop
  endfacet
  facet normal 0.427245 0.866502 -0.258139
    outer loop
      vertex 30.4735 2.32007 0.67856
      vertex 30.3624 2.37485 0.67856
      vertex 30.3753 2.40613 0.804909
    endloop
  endfacet
  facet normal 0.318668 0.938849 -0.130434
    outer loop
      vertex 30.3753 2.40613 0.804909
      vertex 30.2538 2.44737 0.804909
      vertex 30.2583 2.46386 0.934596
    endloop
  endfacet
  facet normal 0.51341 0.768399 -0.382065
    outer loop
      vertex 30.546 2.21154 0.557711
      vertex 30.4735 2.32007 0.67856
      vertex 30.5765 2.25125 0.67856
    endloop
  endfacet
  facet normal 0.536612 0.803375 -0.258139
    outer loop
      vertex 30.5971 2.27811 0.804909
      vertex 30.4735 2.32007 0.67856
      vertex 30.4904 2.34938 0.804909
    endloop
  endfacet
  facet normal 0.536709 0.803269 -0.258269
    outer loop
      vertex 30.5765 2.25125 0.67856
      vertex 30.4735 2.32007 0.67856
      vertex 30.5971 2.27811 0.804909
    endloop
  endfacet
  facet normal 0.69501 0.609119 -0.382015
    outer loop
      vertex 30.7115 2.04598 0.557711
      vertex 30.6342 2.13418 0.557711
      vertex 30.6696 2.16958 0.67856
    endloop
  endfacet
  facet normal -0.310516 0.914833 -0.258187
    outer loop
      vertex 17.6376 2.37485 0.67856
      vertex 17.6247 2.40613 0.804909
      vertex 17.7462 2.44737 0.804909
    endloop
  endfacet
  facet normal -0.442486 0.896775 0
    outer loop
      vertex 17.6181 2.4219 0.934596
      vertex 17.5011 2.36417 2.5
      vertex 17.6181 2.4219 2.5
    endloop
  endfacet
  facet normal -0.442486 0.896775 0
    outer loop
      vertex 17.5011 2.36417 2.5
      vertex 17.6181 2.4219 0.934596
      vertex 17.5011 2.36417 0.934596
    endloop
  endfacet
  facet normal -0.154857 -0.778725 -0.607952
    outer loop
      vertex 17.8915 -2.32436 0.444429
      vertex 17.8054 -2.22622 0.340653
      vertex 17.9019 -2.24541 0.340653
    endloop
  endfacet
  facet normal -0.0519301 -0.792277 -0.607947
    outer loop
      vertex 18 -2.25184 0.340653
      vertex 17.8915 -2.32436 0.444429
      vertex 17.9019 -2.24541 0.340653
    endloop
  endfacet
  facet normal -0.188487 -0.947506 -0.258275
    outer loop
      vertex 17.8764 -2.43883 0.67856
      vertex 17.7462 -2.44737 0.804909
      vertex 17.7549 -2.41466 0.67856
    endloop
  endfacet
  facet normal -0.310483 -0.914836 -0.258217
    outer loop
      vertex 17.7462 -2.44737 0.804909
      vertex 17.6376 -2.37485 0.67856
      vertex 17.7549 -2.41466 0.67856
    endloop
  endfacet
  facet normal -0.0604035 -0.922197 -0.381975
    outer loop
      vertex 18 -2.39687 0.557711
      vertex 17.8764 -2.43883 0.67856
      vertex 17.8829 -2.3892 0.557711
    endloop
  endfacet
  facet normal -0.0566602 -0.864645 -0.499177
    outer loop
      vertex 18 -2.39687 0.557711
      vertex 17.8915 -2.32436 0.444429
      vertex 18 -2.33147 0.444429
    endloop
  endfacet
  facet normal -0.393212 -0.588666 -0.706298
    outer loop
      vertex 17.6241 -2.15111 0.340653
      vertex 17.5423 -2.09647 0.340653
      vertex 17.5986 -2.0231 0.248159
    endloop
  endfacet
  facet normal -0.440983 -0.660184 -0.608022
    outer loop
      vertex 17.6241 -2.15111 0.340653
      vertex 17.4938 -2.15965 0.444429
      vertex 17.5423 -2.09647 0.340653
    endloop
  endfacet
  facet normal 0.889311 -0.438312 -0.130416
    outer loop
      vertex 30.9219 -1.88186 0.934596
      vertex 30.8642 -1.99893 0.934596
      vertex 30.9061 -1.87533 0.804909
    endloop
  endfacet
  facet normal 0.751679 -0.659529 0
    outer loop
      vertex 30.7056 -2.20559 2.5
      vertex 30.7917 -2.10746 0.934596
      vertex 30.7917 -2.10746 2.5
    endloop
  endfacet
  facet normal 0.751679 -0.659529 0
    outer loop
      vertex 30.7917 -2.10746 0.934596
      vertex 30.7056 -2.20559 2.5
      vertex 30.7056 -2.20559 0.934596
    endloop
  endfacet
  facet normal 0.980877 0.194628 0
    outer loop
      vertex 30.9893 1.63025 2.5
      vertex 30.9639 1.75826 0.934596
      vertex 30.9639 1.75826 2.5
    endloop
  endfacet
  facet normal 0.980877 0.194628 0
    outer loop
      vertex 30.9639 1.75826 0.934596
      vertex 30.9893 1.63025 2.5
      vertex 30.9893 1.63025 0.934596
    endloop
  endfacet
  facet normal -0.0654508 -0.997856 0
    outer loop
      vertex 17.8698 -2.48932 0.934596
      vertex 18 -2.49786 2.5
      vertex 17.8698 -2.48932 2.5
    endloop
  endfacet
  facet normal -0.0654508 -0.997856 -0
    outer loop
      vertex 18 -2.49786 2.5
      vertex 17.8698 -2.48932 0.934596
      vertex 18 -2.49786 0.934596
    endloop
  endfacet
  facet normal -0.0861808 -0.0983168 -0.991416
    outer loop
      vertex 17.8812 -1.65478 0.0192146
      vertex 17.862 -1.63795 0.0192146
      vertex 17.9538 -1.54625 0.002141
    endloop
  endfacet
  facet normal -0.0576185 -0.117371 -0.991415
    outer loop
      vertex 17.975 -1.56042 0.002141
      vertex 17.9253 -1.68024 0.0192146
      vertex 17.9673 -1.55664 0.002141
    endloop
  endfacet
  facet normal -0.0421756 -0.123776 -0.991413
    outer loop
      vertex 17.9831 -1.56318 0.002141
      vertex 17.9253 -1.68024 0.0192146
      vertex 17.975 -1.56042 0.002141
    endloop
  endfacet
  facet normal 0.499938 0 -0.866061
    outer loop
      vertex 30.4423 -1.5 0.103127
      vertex 30.5556 1.5 0.16853
      vertex 30.5556 -1.5 0.16853
    endloop
  endfacet
  facet normal 0.499938 0 -0.866061
    outer loop
      vertex 30.5556 1.5 0.16853
      vertex 30.4423 -1.5 0.103127
      vertex 30.4423 1.5 0.103127
    endloop
  endfacet
  facet normal 0.382596 0.0251838 -0.923573
    outer loop
      vertex 30.4423 1.5 0.103127
      vertex 30.3187 1.54196 0.0530691
      vertex 30.4385 1.55773 0.103127
    endloop
  endfacet
  facet normal 0.577209 0.195772 -0.792782
    outer loop
      vertex 30.6369 1.67065 0.248159
      vertex 30.5133 1.71261 0.16853
      vertex 30.6092 1.75232 0.248159
    endloop
  endfacet
  facet normal 0.402016 0.458153 -0.792767
    outer loop
      vertex 30.3928 1.89285 0.16853
      vertex 30.3382 1.94076 0.16853
      vertex 30.4662 1.96623 0.248159
    endloop
  endfacet
  facet normal 0.79203 -0.0518144 -0.608279
    outer loop
      vertex 30.8244 -1.60853 0.444429
      vertex 30.7518 -1.5 0.340653
      vertex 30.8315 -1.5 0.444429
    endloop
  endfacet
  facet normal 0.258908 0 -0.965902
    outer loop
      vertex 30.1951 -1.5 0.0192146
      vertex 30.3214 1.5 0.0530691
      vertex 30.3214 -1.5 0.0530691
    endloop
  endfacet
  facet normal 0.258908 0 -0.965902
    outer loop
      vertex 30.3214 1.5 0.0530691
      vertex 30.1951 -1.5 0.0192146
      vertex 30.1951 1.5 0.0192146
    endloop
  endfacet
  facet normal 0.820449 -0.278431 -0.49934
    outer loop
      vertex 30.8286 -1.84322 0.557711
      vertex 30.8031 -1.7152 0.444429
      vertex 30.8663 -1.73213 0.557711
    endloop
  endfacet
  facet normal 0.989301 0.0653205 -0.130445
    outer loop
      vertex 30.9979 1.5 0.934596
      vertex 30.9808 1.5 0.804909
      vertex 30.9893 1.63025 0.934596
    endloop
  endfacet
  facet normal 0.866037 0 -0.499981
    outer loop
      vertex 30.8969 -1.5 0.557711
      vertex 30.8315 1.5 0.444429
      vertex 30.8969 1.5 0.557711
    endloop
  endfacet
  facet normal 0.866037 0 -0.499981
    outer loop
      vertex 30.8315 1.5 0.444429
      vertex 30.8969 -1.5 0.557711
      vertex 30.8315 -1.5 0.444429
    endloop
  endfacet
  facet normal 0.946821 -0.321761 0
    outer loop
      vertex 30.9219 -1.88186 2.5
      vertex 30.9639 -1.75827 0.934596
      vertex 30.9639 -1.75827 2.5
    endloop
  endfacet
  facet normal 0.946821 -0.321761 0
    outer loop
      vertex 30.9639 -1.75827 0.934596
      vertex 30.9219 -1.88186 2.5
      vertex 30.9219 -1.88186 0.934596
    endloop
  endfacet
  facet normal 0.720349 -0.481513 -0.499242
    outer loop
      vertex 30.7115 -2.04598 0.557711
      vertex 30.6596 -2.00617 0.444429
      vertex 30.7767 -1.94844 0.557711
    endloop
  endfacet
  facet normal 0.828925 -0.408869 -0.381718
    outer loop
      vertex 30.8748 -1.86238 0.67856
      vertex 30.7767 -1.94844 0.557711
      vertex 30.8286 -1.84322 0.557711
    endloop
  endfacet
  facet normal 0.513195 -0.768454 -0.382243
    outer loop
      vertex 30.4735 -2.32007 0.67856
      vertex 30.4484 -2.27672 0.557711
      vertex 30.546 -2.21154 0.557711
    endloop
  endfacet
  facet normal 0.402039 -0.458099 -0.792786
    outer loop
      vertex 30.4014 -2.0231 0.248159
      vertex 30.3382 -1.94076 0.16853
      vertex 30.4662 -1.96623 0.248159
    endloop
  endfacet
  facet normal 0.138042 0.694315 -0.706308
    outer loop
      vertex 30.1707 2.13688 0.248159
      vertex 30.0861 2.1537 0.248159
      vertex 30.1946 2.22622 0.340653
    endloop
  endfacet
  facet normal 0.118863 0.597848 -0.792748
    outer loop
      vertex 30.1438 2.03664 0.16853
      vertex 30.0861 2.1537 0.248159
      vertex 30.1707 2.13688 0.248159
    endloop
  endfacet
  facet normal 0.513128 0.768471 -0.382299
    outer loop
      vertex 30.546 2.21154 0.557711
      vertex 30.4484 2.27671 0.557711
      vertex 30.4735 2.32007 0.67856
    endloop
  endfacet
  facet normal 0.829016 0.408202 -0.382234
    outer loop
      vertex 30.8748 1.86237 0.67856
      vertex 30.7767 1.94844 0.557711
      vertex 30.8201 1.97346 0.67856
    endloop
  endfacet
  facet normal 0.383306 0.777101 -0.499189
    outer loop
      vertex 30.4157 2.22007 0.444429
      vertex 30.3432 2.3286 0.557711
      vertex 30.4484 2.27671 0.557711
    endloop
  endfacet
  facet normal 0.255255 0.751794 -0.60799
    outer loop
      vertex 30.2877 2.19461 0.340653
      vertex 30.1946 2.22622 0.340653
      vertex 30.3182 2.26818 0.444429
    endloop
  endfacet
  facet normal 0.86465 0.0565651 -0.49918
    outer loop
      vertex 30.8315 1.5 0.444429
      vertex 30.8244 1.60853 0.444429
      vertex 30.8969 1.5 0.557711
    endloop
  endfacet
  facet normal 0.466882 0.532078 -0.706338
    outer loop
      vertex 30.4662 1.96623 0.248159
      vertex 30.4014 2.02309 0.248159
      vertex 30.5316 2.03163 0.340653
    endloop
  endfacet
  facet normal 0.768152 0.513891 -0.381914
    outer loop
      vertex 30.8201 1.97346 0.67856
      vertex 30.7115 2.04598 0.557711
      vertex 30.7512 2.07645 0.67856
    endloop
  endfacet
  facet normal 0.651487 0.571256 -0.499231
    outer loop
      vertex 30.6596 2.00617 0.444429
      vertex 30.5879 2.08794 0.444429
      vertex 30.7115 2.04598 0.557711
    endloop
  endfacet
  facet normal 0.751781 0.255087 -0.608075
    outer loop
      vertex 30.7262 1.69459 0.340653
      vertex 30.6946 1.78772 0.340653
      vertex 30.7682 1.81819 0.444429
    endloop
  endfacet
  facet normal 0.402016 0.458154 -0.792766
    outer loop
      vertex 30.4662 1.96623 0.248159
      vertex 30.3382 1.94076 0.16853
      vertex 30.4014 2.02309 0.248159
    endloop
  endfacet
  facet normal 0.376266 0.330422 -0.86559
    outer loop
      vertex 30.3509 1.76925 0.103127
      vertex 30.3127 1.81275 0.103127
      vertex 30.4408 1.83821 0.16853
    endloop
  endfacet
  facet normal 0.706337 0.0459619 -0.706382
    outer loop
      vertex 30.6593 1.5 0.248159
      vertex 30.6537 1.58606 0.248159
      vertex 30.7518 1.5 0.340653
    endloop
  endfacet
  facet normal 0.778523 0.154962 -0.608184
    outer loop
      vertex 30.7454 1.59813 0.340653
      vertex 30.7262 1.69459 0.340653
      vertex 30.8244 1.60853 0.444429
    endloop
  endfacet
  facet normal 0.752026 0.254838 -0.607877
    outer loop
      vertex 30.8031 1.7152 0.444429
      vertex 30.7262 1.69459 0.340653
      vertex 30.7682 1.81819 0.444429
    endloop
  endfacet
  facet normal 0.768245 0.513528 -0.382215
    outer loop
      vertex 30.7767 1.94844 0.557711
      vertex 30.7115 2.04598 0.557711
      vertex 30.8201 1.97346 0.67856
    endloop
  endfacet
  facet normal 0.745262 0.653898 -0.130393
    outer loop
      vertex 30.7917 2.10746 0.934596
      vertex 30.6935 2.19352 0.804909
      vertex 30.7056 2.20559 0.934596
    endloop
  endfacet
  facet normal 0.963906 0.0632465 -0.25862
    outer loop
      vertex 30.9808 1.5 0.804909
      vertex 30.9469 1.5 0.67856
      vertex 30.9724 1.62802 0.804909
    endloop
  endfacet
  facet normal 0.637212 0.726176 -0.258126
    outer loop
      vertex 30.6696 2.16958 0.67856
      vertex 30.5971 2.27811 0.804909
      vertex 30.6935 2.19352 0.804909
    endloop
  endfacet
  facet normal 0.991419 0 -0.130724
    outer loop
      vertex 30.9979 -1.5 0.934596
      vertex 30.9808 1.5 0.804909
      vertex 30.9979 1.5 0.934596
    endloop
  endfacet
  facet normal 0.991419 0 -0.130724
    outer loop
      vertex 30.9808 1.5 0.804909
      vertex 30.9979 -1.5 0.934596
      vertex 30.9808 -1.5 0.804909
    endloop
  endfacet
  facet normal -0.768302 -0.513246 -0.382479
    outer loop
      vertex 17.2487 -2.07646 0.67856
      vertex 17.1799 -1.97347 0.67856
      vertex 17.2885 -2.04598 0.557711
    endloop
  endfacet
  facet normal -0.768232 -0.51352 -0.382251
    outer loop
      vertex 17.2885 -2.04598 0.557711
      vertex 17.1799 -1.97347 0.67856
      vertex 17.2233 -1.94844 0.557711
    endloop
  endfacet
  facet normal -0.609419 -0.69471 -0.382082
    outer loop
      vertex 17.4235 -2.25125 0.67856
      vertex 17.3304 -2.16958 0.67856
      vertex 17.454 -2.21154 0.557711
    endloop
  endfacet
  facet normal -0.745375 -0.653729 -0.13059
    outer loop
      vertex 17.3065 -2.19352 0.804909
      vertex 17.2083 -2.10746 0.934596
      vertex 17.2219 -2.09706 0.804909
    endloop
  endfacet
  facet normal -0.481104 -0.720621 -0.499243
    outer loop
      vertex 17.5516 -2.27672 0.557711
      vertex 17.4938 -2.15965 0.444429
      vertex 17.5843 -2.22007 0.444429
    endloop
  endfacet
  facet normal -0.383234 -0.777105 -0.499239
    outer loop
      vertex 17.6568 -2.3286 0.557711
      vertex 17.5516 -2.27672 0.557711
      vertex 17.5843 -2.22007 0.444429
    endloop
  endfacet
  facet normal -0.596877 -0.523902 -0.607671
    outer loop
      vertex 17.4684 -2.03163 0.340653
      vertex 17.3404 -2.00617 0.444429
      vertex 17.4035 -1.95769 0.340653
    endloop
  endfacet
  facet normal -0.571613 -0.651245 -0.499138
    outer loop
      vertex 17.454 -2.21154 0.557711
      vertex 17.4121 -2.08794 0.444429
      vertex 17.4938 -2.15965 0.444429
    endloop
  endfacet
  facet normal -0.117435 0.0574855 -0.991415
    outer loop
      vertex 17.9434 1.5327 0.002141
      vertex 17.8198 1.57466 0.0192146
      vertex 17.831 1.59754 0.0192146
    endloop
  endfacet
  facet normal -0.252827 0.288358 -0.923541
    outer loop
      vertex 17.8043 1.75501 0.0530691
      vertex 17.6873 1.81275 0.103127
      vertex 17.7308 1.85089 0.103127
    endloop
  endfacet
  facet normal -0.128622 -0.0245286 -0.99139
    outer loop
      vertex 17.9368 -1.51693 0.002141
      vertex 17.8116 -1.55049 0.0192146
      vertex 17.9352 -1.50854 0.002141
    endloop
  endfacet
  facet normal -0.258677 -0.0172655 -0.965809
    outer loop
      vertex 17.8066 -1.52547 0.0192146
      vertex 17.6813 -1.54196 0.0530691
      vertex 17.8049 -1.5 0.0192146
    endloop
  endfacet
  facet normal -0.258872 -0.0166577 -0.965768
    outer loop
      vertex 17.6813 -1.54196 0.0530691
      vertex 17.6786 -1.5 0.0530691
      vertex 17.8049 -1.5 0.0192146
    endloop
  endfacet
  facet normal -0.382596 -0.0251838 -0.923573
    outer loop
      vertex 17.5615 -1.55773 0.103127
      vertex 17.5577 -1.5 0.103127
      vertex 17.6813 -1.54196 0.0530691
    endloop
  endfacet
  facet normal -0.258908 0 -0.965902
    outer loop
      vertex 17.6786 -1.5 0.0530691
      vertex 17.8049 1.5 0.0192146
      vertex 17.8049 -1.5 0.0192146
    endloop
  endfacet
  facet normal -0.258908 0 -0.965902
    outer loop
      vertex 17.8049 1.5 0.0192146
      vertex 17.6786 -1.5 0.0530691
      vertex 17.6786 1.5 0.0530691
    endloop
  endfacet
  facet normal -0.0250625 -0.382568 -0.923587
    outer loop
      vertex 18 -1.94229 0.103127
      vertex 17.9423 -1.93851 0.103127
      vertex 17.958 -1.81869 0.0530691
    endloop
  endfacet
  facet normal 0.0832389 -0.245656 -0.965777
    outer loop
      vertex 30.123 -1.79697 0.0530691
      vertex 30.0505 -1.68844 0.0192146
      vertex 30.0747 -1.68024 0.0192146
    endloop
  endfacet
  facet normal -0.0506193 -0.254331 -0.965792
    outer loop
      vertex 17.958 -1.81869 0.0530691
      vertex 17.9168 -1.81049 0.0530691
      vertex 17.9495 -1.68844 0.0192146
    endloop
  endfacet
  facet normal 0.123928 0.0420442 -0.9914
    outer loop
      vertex 30.1884 1.55049 0.0192146
      vertex 30.0632 1.51693 0.002141
      vertex 30.1802 1.57466 0.0192146
    endloop
  endfacet
  facet normal -0.25284 -0.288373 -0.923533
    outer loop
      vertex 17.7308 -1.85089 0.103127
      vertex 17.6873 -1.81275 0.103127
      vertex 17.8043 -1.75502 0.0530691
    endloop
  endfacet
  facet normal -0.215555 -0.144279 -0.965774
    outer loop
      vertex 17.745 -1.69568 0.0530691
      vertex 17.7216 -1.66072 0.0530691
      vertex 17.831 -1.59755 0.0192146
    endloop
  endfacet
  facet normal -0.597692 -0.118705 -0.792889
    outer loop
      vertex 17.3631 -1.67065 0.248159
      vertex 17.3463 -1.58606 0.248159
      vertex 17.4634 -1.64379 0.16853
    endloop
  endfacet
  facet normal -0.597796 -0.119106 -0.792751
    outer loop
      vertex 17.4634 -1.64379 0.16853
      vertex 17.3463 -1.58606 0.248159
      vertex 17.4492 -1.57252 0.16853
    endloop
  endfacet
  facet normal -0.694466 0.137924 -0.706183
    outer loop
      vertex 17.3463 1.58606 0.248159
      vertex 17.2738 1.69459 0.340653
      vertex 17.3631 1.67065 0.248159
    endloop
  endfacet
  facet normal -0.499665 0.0330721 -0.865587
    outer loop
      vertex 17.5577 1.5 0.103127
      vertex 17.4444 1.5 0.16853
      vertex 17.4492 1.57252 0.16853
    endloop
  endfacet
  facet normal -0.474399 0.160615 -0.865534
    outer loop
      vertex 17.5728 1.61447 0.103127
      vertex 17.4634 1.64379 0.16853
      vertex 17.4867 1.71261 0.16853
    endloop
  endfacet
  facet normal -0.86465 -0.0565651 -0.49918
    outer loop
      vertex 17.1756 -1.60853 0.444429
      vertex 17.1031 -1.5 0.557711
      vertex 17.1685 -1.5 0.444429
    endloop
  endfacet
  facet normal -0.752026 -0.254838 -0.607877
    outer loop
      vertex 17.2318 -1.81819 0.444429
      vertex 17.1969 -1.7152 0.444429
      vertex 17.2738 -1.69459 0.340653
    endloop
  endfacet
  facet normal -0.922345 -0.0604449 -0.38161
    outer loop
      vertex 17.0612 -1.6236 0.67856
      vertex 17.0531 -1.5 0.67856
      vertex 17.1031 -1.5 0.557711
    endloop
  endfacet
  facet normal -0.84996 -0.169165 -0.49895
    outer loop
      vertex 17.1337 -1.73213 0.557711
      vertex 17.1108 -1.61707 0.557711
      vertex 17.1756 -1.60853 0.444429
    endloop
  endfacet
  facet normal -0.123209 -0.363002 -0.923606
    outer loop
      vertex 17.8855 -1.92722 0.103127
      vertex 17.8307 -1.90862 0.103127
      vertex 17.877 -1.79697 0.0530691
    endloop
  endfacet
  facet normal -0.269518 -0.546751 -0.792732
    outer loop
      vertex 17.7874 -2.01328 0.16853
      vertex 17.6703 -2.07101 0.248159
      vertex 17.7222 -1.98114 0.16853
    endloop
  endfacet
  facet normal 0.481235 -0.720597 -0.499152
    outer loop
      vertex 30.546 -2.21154 0.557711
      vertex 30.4484 -2.27672 0.557711
      vertex 30.5062 -2.15965 0.444429
    endloop
  endfacet
  facet normal 0.0398439 -0.608255 -0.792741
    outer loop
      vertex 30.0861 -2.15371 0.248159
      vertex 30 -2.15935 0.248159
      vertex 30.0725 -2.05082 0.16853
    endloop
  endfacet
  facet normal 0.269501 -0.546772 -0.792723
    outer loop
      vertex 30.2523 -2.10916 0.248159
      vertex 30.2126 -2.01328 0.16853
      vertex 30.3297 -2.07101 0.248159
    endloop
  endfacet
  facet normal 0.227707 -0.670305 -0.706286
    outer loop
      vertex 30.1946 -2.22622 0.340653
      vertex 30.1707 -2.13688 0.248159
      vertex 30.2523 -2.10916 0.248159
    endloop
  endfacet
  facet normal 0.0519183 -0.792284 -0.60794
    outer loop
      vertex 30.1085 -2.32436 0.444429
      vertex 30 -2.33147 0.444429
      vertex 30 -2.25184 0.340653
    endloop
  endfacet
  facet normal 0.745262 -0.653898 -0.130393
    outer loop
      vertex 30.7056 -2.20559 0.934596
      vertex 30.6935 -2.19352 0.804909
      vertex 30.7917 -2.10746 0.934596
    endloop
  endfacet
  facet normal -0.0604344 -0.922184 -0.382002
    outer loop
      vertex 18 -2.44693 0.67856
      vertex 17.8764 -2.43883 0.67856
      vertex 18 -2.39687 0.557711
    endloop
  endfacet
  facet normal 0.310516 -0.914833 -0.258187
    outer loop
      vertex 30.3753 -2.40613 0.804909
      vertex 30.2538 -2.44737 0.804909
      vertex 30.3624 -2.37485 0.67856
    endloop
  endfacet
  facet normal -0.0632613 -0.963982 -0.258335
    outer loop
      vertex 18 -2.48079 0.804909
      vertex 17.872 -2.47239 0.804909
      vertex 18 -2.44693 0.67856
    endloop
  endfacet
  facet normal 0.318719 -0.938839 -0.130383
    outer loop
      vertex 30.3819 -2.4219 0.934596
      vertex 30.2583 -2.46386 0.934596
      vertex 30.3753 -2.40613 0.804909
    endloop
  endfacet
  facet normal 0.0654508 -0.997856 0
    outer loop
      vertex 30 -2.49786 0.934596
      vertex 30.1302 -2.48932 2.5
      vertex 30 -2.49786 2.5
    endloop
  endfacet
  facet normal 0.0654508 -0.997856 0
    outer loop
      vertex 30.1302 -2.48932 2.5
      vertex 30 -2.49786 0.934596
      vertex 30.1302 -2.48932 0.934596
    endloop
  endfacet
  facet normal 0.0632613 -0.963982 -0.258335
    outer loop
      vertex 30.128 -2.47239 0.804909
      vertex 30 -2.48079 0.804909
      vertex 30 -2.44693 0.67856
    endloop
  endfacet
  facet normal -0.221853 -0.44908 -0.86551
    outer loop
      vertex 17.7874 -2.01328 0.16853
      vertex 17.7789 -1.88303 0.103127
      vertex 17.8307 -1.90862 0.103127
    endloop
  endfacet
  facet normal -0.143938 -0.215661 -0.965801
    outer loop
      vertex 17.8393 -1.77838 0.0530691
      vertex 17.8043 -1.75502 0.0530691
      vertex 17.9025 -1.66895 0.0192146
    endloop
  endfacet
  facet normal 0.169787 -0.343688 -0.923608
    outer loop
      vertex 30.1693 -1.90862 0.103127
      vertex 30.123 -1.79697 0.0530691
      vertex 30.2211 -1.88303 0.103127
    endloop
  endfacet
  facet normal 0.123209 -0.363002 -0.923606
    outer loop
      vertex 30.1693 -1.90862 0.103127
      vertex 30.1145 -1.92722 0.103127
      vertex 30.123 -1.79697 0.0530691
    endloop
  endfacet
  facet normal 0.0250489 -0.382565 -0.923589
    outer loop
      vertex 30.042 -1.81869 0.0530691
      vertex 30 -1.94229 0.103127
      vertex 30 -1.82144 0.0530691
    endloop
  endfacet
  facet normal 0 -0.382685 -0.923879
    outer loop
      vertex 18 -1.94229 0.103127
      vertex 30 -1.82144 0.0530691
      vertex 30 -1.94229 0.103127
    endloop
  endfacet
  facet normal -0 -0.382685 -0.923879
    outer loop
      vertex 30 -1.82144 0.0530691
      vertex 18 -1.94229 0.103127
      vertex 18 -1.82144 0.0530691
    endloop
  endfacet
  facet normal 0.213033 -0.31882 -0.923564
    outer loop
      vertex 30.2211 -1.88303 0.103127
      vertex 30.1607 -1.77838 0.0530691
      vertex 30.2692 -1.85089 0.103127
    endloop
  endfacet
  facet normal 0.278199 -0.416346 -0.865599
    outer loop
      vertex 30.3382 -1.94076 0.16853
      vertex 30.2211 -1.88303 0.103127
      vertex 30.2692 -1.85089 0.103127
    endloop
  endfacet
  facet normal 0.227581 -0.670288 -0.706343
    outer loop
      vertex 30.2877 -2.19461 0.340653
      vertex 30.1946 -2.22622 0.340653
      vertex 30.2523 -2.10916 0.248159
    endloop
  endfacet
  facet normal 0.634675 -0.31344 -0.70636
    outer loop
      vertex 30.6511 -1.87592 0.340653
      vertex 30.571 -1.82967 0.248159
      vertex 30.6092 -1.75232 0.248159
    endloop
  endfacet
  facet normal -0.0580467 0.117224 -0.991408
    outer loop
      vertex 17.9673 1.55664 0.002141
      vertex 17.9025 1.66895 0.0192146
      vertex 17.9253 1.68024 0.0192146
    endloop
  endfacet
  facet normal -0.0506193 0.254331 -0.965792
    outer loop
      vertex 17.9495 1.68844 0.0192146
      vertex 17.9168 1.81049 0.0530691
      vertex 17.958 1.81869 0.0530691
    endloop
  endfacet
  facet normal 0.31902 -0.212857 -0.923536
    outer loop
      vertex 30.3509 -1.76925 0.103127
      vertex 30.2784 -1.66072 0.0530691
      vertex 30.383 -1.72114 0.103127
    endloop
  endfacet
  facet normal 0.448987 -0.221807 -0.865571
    outer loop
      vertex 30.4811 -1.77779 0.16853
      vertex 30.383 -1.72114 0.103127
      vertex 30.5133 -1.71261 0.16853
    endloop
  endfacet
  facet normal 0.143947 0.215674 -0.965797
    outer loop
      vertex 30.1957 1.75501 0.0530691
      vertex 30.0975 1.66895 0.0192146
      vertex 30.1607 1.77837 0.0530691
    endloop
  endfacet
  facet normal 0.38255 0 -0.923935
    outer loop
      vertex 30.3214 -1.5 0.0530691
      vertex 30.4423 1.5 0.103127
      vertex 30.4423 -1.5 0.103127
    endloop
  endfacet
  facet normal 0.38255 0 -0.923935
    outer loop
      vertex 30.4423 1.5 0.103127
      vertex 30.3214 -1.5 0.0530691
      vertex 30.3214 1.5 0.0530691
    endloop
  endfacet
  facet normal 0.608542 -0.0402786 -0.792498
    outer loop
      vertex 30.6593 -1.5 0.248159
      vertex 30.5508 -1.57252 0.16853
      vertex 30.5556 -1.5 0.16853
    endloop
  endfacet
  facet normal 0.597796 0.119106 -0.792751
    outer loop
      vertex 30.5508 1.57252 0.16853
      vertex 30.5366 1.64379 0.16853
      vertex 30.6537 1.58606 0.248159
    endloop
  endfacet
  facet normal 0.161021 0.47424 -0.865545
    outer loop
      vertex 30.2126 2.01328 0.16853
      vertex 30.1145 1.92722 0.103127
      vertex 30.1438 2.03664 0.16853
    endloop
  endfacet
  facet normal 0.160978 0.474279 -0.865532
    outer loop
      vertex 30.1693 1.90862 0.103127
      vertex 30.1145 1.92722 0.103127
      vertex 30.2126 2.01328 0.16853
    endloop
  endfacet
  facet normal 0.232777 0.113947 -0.965832
    outer loop
      vertex 30.1802 1.57466 0.0192146
      vertex 30.169 1.59754 0.0192146
      vertex 30.297 1.62301 0.0530691
    endloop
  endfacet
  facet normal 0.0169436 0.258776 -0.965789
    outer loop
      vertex 30.042 1.81869 0.0530691
      vertex 30 1.69509 0.0192146
      vertex 30 1.82144 0.0530691
    endloop
  endfacet
  facet normal -0.0463524 0.706362 -0.706331
    outer loop
      vertex 18 2.15935 0.248159
      vertex 17.9139 2.1537 0.248159
      vertex 18 2.25184 0.340653
    endloop
  endfacet
  facet normal -0.0399164 0.608284 -0.792715
    outer loop
      vertex 17.9275 2.05082 0.16853
      vertex 17.9139 2.1537 0.248159
      vertex 18 2.15935 0.248159
    endloop
  endfacet
  facet normal -0.0975552 0.491235 -0.865547
    outer loop
      vertex 17.8855 1.92722 0.103127
      vertex 17.8562 2.03664 0.16853
      vertex 17.9423 1.9385 0.103127
    endloop
  endfacet
  facet normal -0.0834113 0.245545 -0.96579
    outer loop
      vertex 17.9495 1.68844 0.0192146
      vertex 17.877 1.79697 0.0530691
      vertex 17.9168 1.81049 0.0530691
    endloop
  endfacet
  facet normal -0.338691 0.506764 -0.792766
    outer loop
      vertex 17.6618 1.94076 0.16853
      vertex 17.5986 2.02309 0.248159
      vertex 17.6703 2.07101 0.248159
    endloop
  endfacet
  facet normal -0.118901 0.597858 -0.792735
    outer loop
      vertex 17.9275 2.05082 0.16853
      vertex 17.8562 2.03664 0.16853
      vertex 17.9139 2.1537 0.248159
    endloop
  endfacet
  facet normal -0.212892 0.318973 -0.923544
    outer loop
      vertex 17.8043 1.75501 0.0530691
      vertex 17.7308 1.85089 0.103127
      vertex 17.8393 1.77837 0.0530691
    endloop
  endfacet
  facet normal -0.288421 0.252745 -0.923544
    outer loop
      vertex 17.745 1.69568 0.0530691
      vertex 17.6873 1.81275 0.103127
      vertex 17.7727 1.72729 0.0530691
    endloop
  endfacet
  facet normal -0.609037 0 -0.793142
    outer loop
      vertex 17.3407 -1.5 0.248159
      vertex 17.4444 1.5 0.16853
      vertex 17.4444 -1.5 0.16853
    endloop
  endfacet
  facet normal -0.609037 0 -0.793142
    outer loop
      vertex 17.4444 1.5 0.16853
      vertex 17.3407 -1.5 0.248159
      vertex 17.3407 1.5 0.248159
    endloop
  endfacet
  facet normal -0.523762 0.596727 -0.607939
    outer loop
      vertex 17.4684 2.03163 0.340653
      vertex 17.4121 2.08794 0.444429
      vertex 17.4938 2.15965 0.444429
    endloop
  endfacet
  facet normal -0.440876 0.660366 -0.607902
    outer loop
      vertex 17.6241 2.15111 0.340653
      vertex 17.4938 2.15965 0.444429
      vertex 17.5843 2.22007 0.444429
    endloop
  endfacet
  facet normal -0.491221 0.0978286 -0.865524
    outer loop
      vertex 17.5615 1.55773 0.103127
      vertex 17.4634 1.64379 0.16853
      vertex 17.5728 1.61447 0.103127
    endloop
  endfacet
  facet normal -0.491194 0.0978667 -0.865535
    outer loop
      vertex 17.5615 1.55773 0.103127
      vertex 17.4492 1.57252 0.16853
      vertex 17.4634 1.64379 0.16853
    endloop
  endfacet
  facet normal -0.513128 0.768471 -0.382299
    outer loop
      vertex 17.5516 2.27671 0.557711
      vertex 17.454 2.21154 0.557711
      vertex 17.5265 2.32007 0.67856
    endloop
  endfacet
  facet normal -0.849622 0.169654 -0.499359
    outer loop
      vertex 17.1756 1.60853 0.444429
      vertex 17.1337 1.73213 0.557711
      vertex 17.1969 1.7152 0.444429
    endloop
  endfacet
  facet normal -0.777199 0.383261 -0.499072
    outer loop
      vertex 17.2318 1.81819 0.444429
      vertex 17.1714 1.84322 0.557711
      vertex 17.2799 1.91573 0.444429
    endloop
  endfacet
  facet normal -0.972499 0.193217 -0.130052
    outer loop
      vertex 17.0276 1.62802 0.804909
      vertex 17.0107 1.63025 0.934596
      vertex 17.0526 1.75385 0.804909
    endloop
  endfacet
  facet normal -0.93874 0.318989 -0.13043
    outer loop
      vertex 17.0939 1.87533 0.804909
      vertex 17.0361 1.75826 0.934596
      vertex 17.0781 1.88186 0.934596
    endloop
  endfacet
  facet normal -0.0566602 0.864645 -0.499177
    outer loop
      vertex 18 2.33147 0.444429
      vertex 17.8915 2.32436 0.444429
      vertex 18 2.39687 0.557711
    endloop
  endfacet
  facet normal -0.0519183 0.792284 -0.60794
    outer loop
      vertex 18 2.25184 0.340653
      vertex 17.8915 2.32436 0.444429
      vertex 18 2.33147 0.444429
    endloop
  endfacet
  facet normal -0.169146 0.849792 -0.499242
    outer loop
      vertex 17.8915 2.32436 0.444429
      vertex 17.7679 2.36631 0.557711
      vertex 17.8829 2.3892 0.557711
    endloop
  endfacet
  facet normal -0.180414 0.906405 -0.381944
    outer loop
      vertex 17.8829 2.3892 0.557711
      vertex 17.7679 2.36631 0.557711
      vertex 17.8764 2.43883 0.67856
    endloop
  endfacet
  facet normal -0.481184 0.720632 -0.49915
    outer loop
      vertex 17.4938 2.15965 0.444429
      vertex 17.454 2.21154 0.557711
      vertex 17.5516 2.27671 0.557711
    endloop
  endfacet
  facet normal -0.866589 0.427043 -0.258181
    outer loop
      vertex 17.1799 1.97346 0.67856
      vertex 17.0939 1.87533 0.804909
      vertex 17.1506 1.99039 0.804909
    endloop
  endfacet
  facet normal -0.653945 0.745245 -0.130249
    outer loop
      vertex 17.4029 2.27811 0.804909
      vertex 17.3065 2.19352 0.804909
      vertex 17.3925 2.29165 0.934596
    endloop
  endfacet
  facet normal -0.550715 0.824488 -0.130123
    outer loop
      vertex 17.5096 2.34938 0.804909
      vertex 17.4029 2.27811 0.804909
      vertex 17.5011 2.36417 0.934596
    endloop
  endfacet
  facet normal -0.571296 0.651348 -0.499367
    outer loop
      vertex 17.4121 2.08794 0.444429
      vertex 17.3658 2.13418 0.557711
      vertex 17.454 2.21154 0.557711
    endloop
  endfacet
  facet normal -0.609384 0.694773 -0.382023
    outer loop
      vertex 17.3658 2.13418 0.557711
      vertex 17.3304 2.16958 0.67856
      vertex 17.454 2.21154 0.557711
    endloop
  endfacet
  facet normal 0.193275 0.972447 -0.130355
    outer loop
      vertex 30.2538 2.44737 0.804909
      vertex 30.1302 2.48932 0.934596
      vertex 30.2583 2.46386 0.934596
    endloop
  endfacet
  facet normal 0.193405 0.972438 -0.130228
    outer loop
      vertex 30.2538 2.44737 0.804909
      vertex 30.128 2.47239 0.804909
      vertex 30.1302 2.48932 0.934596
    endloop
  endfacet
  facet normal 0.42723 0.866505 -0.258154
    outer loop
      vertex 30.4735 2.32007 0.67856
      vertex 30.3753 2.40613 0.804909
      vertex 30.4904 2.34938 0.804909
    endloop
  endfacet
  facet normal 0.16902 0.849879 -0.499137
    outer loop
      vertex 30.2152 2.30314 0.444429
      vertex 30.1085 2.32436 0.444429
      vertex 30.2321 2.36631 0.557711
    endloop
  endfacet
  facet normal 0.550606 0.824542 -0.130241
    outer loop
      vertex 30.5971 2.27811 0.804909
      vertex 30.4989 2.36417 0.934596
      vertex 30.6075 2.29165 0.934596
    endloop
  endfacet
  facet normal 0.726561 0.636609 -0.25853
    outer loop
      vertex 30.7512 2.07645 0.67856
      vertex 30.6696 2.16958 0.67856
      vertex 30.7781 2.09706 0.804909
    endloop
  endfacet
  facet normal 0.458284 0.402103 -0.792647
    outer loop
      vertex 30.5231 1.90138 0.248159
      vertex 30.4408 1.83821 0.16853
      vertex 30.4662 1.96623 0.248159
    endloop
  endfacet
  facet normal 0.481184 0.720632 -0.49915
    outer loop
      vertex 30.5062 2.15965 0.444429
      vertex 30.4484 2.27671 0.557711
      vertex 30.546 2.21154 0.557711
    endloop
  endfacet
  facet normal 0.571613 0.651245 -0.499138
    outer loop
      vertex 30.5879 2.08794 0.444429
      vertex 30.5062 2.15965 0.444429
      vertex 30.546 2.21154 0.557711
    endloop
  endfacet
  facet normal 0.278512 0.820557 -0.499116
    outer loop
      vertex 30.3182 2.26818 0.444429
      vertex 30.2152 2.30314 0.444429
      vertex 30.3432 2.3286 0.557711
    endloop
  endfacet
  facet normal -0.318719 0.938839 -0.130383
    outer loop
      vertex 17.6247 2.40613 0.804909
      vertex 17.6181 2.4219 0.934596
      vertex 17.7417 2.46386 0.934596
    endloop
  endfacet
  facet normal -0.438705 0.889113 -0.130443
    outer loop
      vertex 17.6247 2.40613 0.804909
      vertex 17.5011 2.36417 0.934596
      vertex 17.6181 2.4219 0.934596
    endloop
  endfacet
  facet normal -0.18845 0.947523 -0.258238
    outer loop
      vertex 17.8764 2.43883 0.67856
      vertex 17.7462 2.44737 0.804909
      vertex 17.872 2.47239 0.804909
    endloop
  endfacet
  facet normal -0.310483 0.914836 -0.258217
    outer loop
      vertex 17.7549 2.41466 0.67856
      vertex 17.6376 2.37485 0.67856
      vertex 17.7462 2.44737 0.804909
    endloop
  endfacet
  facet normal -0.831531 0.555478 0
    outer loop
      vertex 17.1358 1.99893 0.934596
      vertex 17.2083 2.10746 2.5
      vertex 17.2083 2.10746 0.934596
    endloop
  endfacet
  facet normal -0.831531 0.555478 0
    outer loop
      vertex 17.2083 2.10746 2.5
      vertex 17.1358 1.99893 0.934596
      vertex 17.1358 1.99893 2.5
    endloop
  endfacet
  facet normal -0.896972 0.442088 0
    outer loop
      vertex 17.0781 1.88186 0.934596
      vertex 17.1358 1.99893 2.5
      vertex 17.1358 1.99893 0.934596
    endloop
  endfacet
  facet normal -0.896972 0.442088 0
    outer loop
      vertex 17.1358 1.99893 2.5
      vertex 17.0781 1.88186 0.934596
      vertex 17.0781 1.88186 2.5
    endloop
  endfacet
  facet normal -0.0462997 -0.706377 -0.70632
    outer loop
      vertex 18 -2.25184 0.340653
      vertex 17.9019 -2.24541 0.340653
      vertex 17.9139 -2.15371 0.248159
    endloop
  endfacet
  facet normal -0.0462706 -0.706365 -0.706334
    outer loop
      vertex 18 -2.25184 0.340653
      vertex 17.9139 -2.15371 0.248159
      vertex 18 -2.15935 0.248159
    endloop
  endfacet
  facet normal -0.16902 -0.849879 -0.499137
    outer loop
      vertex 17.8915 -2.32436 0.444429
      vertex 17.7679 -2.36631 0.557711
      vertex 17.7848 -2.30314 0.444429
    endloop
  endfacet
  facet normal -0.15487 -0.778728 -0.607945
    outer loop
      vertex 17.8915 -2.32436 0.444429
      vertex 17.7848 -2.30314 0.444429
      vertex 17.8054 -2.22622 0.340653
    endloop
  endfacet
  facet normal -0.180414 -0.906405 -0.381944
    outer loop
      vertex 17.8764 -2.43883 0.67856
      vertex 17.7679 -2.36631 0.557711
      vertex 17.8829 -2.3892 0.557711
    endloop
  endfacet
  facet normal -0.180308 -0.90639 -0.38203
    outer loop
      vertex 17.8764 -2.43883 0.67856
      vertex 17.7549 -2.41466 0.67856
      vertex 17.7679 -2.36631 0.557711
    endloop
  endfacet
  facet normal -0.312992 -0.63501 -0.706257
    outer loop
      vertex 17.7477 -2.10916 0.248159
      vertex 17.6241 -2.15111 0.340653
      vertex 17.6703 -2.07101 0.248159
    endloop
  endfacet
  facet normal -0.313109 -0.634856 -0.706343
    outer loop
      vertex 17.7123 -2.19461 0.340653
      vertex 17.6241 -2.15111 0.340653
      vertex 17.7477 -2.10916 0.248159
    endloop
  endfacet
  facet normal -1 0 0
    outer loop
      vertex 17.0021 -1.5 0.934596
      vertex 17.0021 1.5 2.5
      vertex 17.0021 1.5 0.934596
    endloop
  endfacet
  facet normal -1 -0 0
    outer loop
      vertex 17.0021 1.5 2.5
      vertex 17.0021 -1.5 0.934596
      vertex 17.0021 -1.5 2.5
    endloop
  endfacet
  facet normal 0.922253 -0.060659 -0.381798
    outer loop
      vertex 30.9388 -1.6236 0.67856
      vertex 30.8892 -1.61707 0.557711
      vertex 30.8969 -1.5 0.557711
    endloop
  endfacet
  facet normal 0.997827 -0.0658834 0
    outer loop
      vertex 30.9893 -1.63025 2.5
      vertex 30.9979 -1.5 0.934596
      vertex 30.9979 -1.5 2.5
    endloop
  endfacet
  facet normal 0.997827 -0.0658834 0
    outer loop
      vertex 30.9979 -1.5 0.934596
      vertex 30.9893 -1.63025 2.5
      vertex 30.9893 -1.63025 0.934596
    endloop
  endfacet
  facet normal 0.947479 0.188246 -0.258548
    outer loop
      vertex 30.9724 1.62802 0.804909
      vertex 30.9388 1.6236 0.67856
      vertex 30.9474 1.75385 0.804909
    endloop
  endfacet
  facet normal 0.889311 0.438312 -0.130416
    outer loop
      vertex 30.9061 1.87533 0.804909
      vertex 30.8642 1.99893 0.934596
      vertex 30.9219 1.88186 0.934596
    endloop
  endfacet
  facet normal 0.321463 -0.946922 0
    outer loop
      vertex 30.2583 -2.46386 0.934596
      vertex 30.3819 -2.4219 2.5
      vertex 30.2583 -2.46386 2.5
    endloop
  endfacet
  facet normal 0.321463 -0.946922 0
    outer loop
      vertex 30.3819 -2.4219 2.5
      vertex 30.2583 -2.46386 0.934596
      vertex 30.3819 -2.4219 0.934596
    endloop
  endfacet
  facet normal 0.896972 -0.442088 0
    outer loop
      vertex 30.8642 -1.99893 2.5
      vertex 30.9219 -1.88186 0.934596
      vertex 30.9219 -1.88186 2.5
    endloop
  endfacet
  facet normal 0.896972 -0.442088 0
    outer loop
      vertex 30.9219 -1.88186 0.934596
      vertex 30.8642 -1.99893 2.5
      vertex 30.8642 -1.99893 0.934596
    endloop
  endfacet
  facet normal 0.831531 -0.555478 0
    outer loop
      vertex 30.7917 -2.10746 2.5
      vertex 30.8642 -1.99893 0.934596
      vertex 30.8642 -1.99893 2.5
    endloop
  endfacet
  facet normal 0.831531 -0.555478 0
    outer loop
      vertex 30.8642 -1.99893 0.934596
      vertex 30.7917 -2.10746 2.5
      vertex 30.7917 -2.10746 0.934596
    endloop
  endfacet
  facet normal -0.0580467 -0.117224 -0.991408
    outer loop
      vertex 17.9253 -1.68024 0.0192146
      vertex 17.9025 -1.66895 0.0192146
      vertex 17.9673 -1.55664 0.002141
    endloop
  endfacet
  facet normal 0.0420416 0.123832 -0.991412
    outer loop
      vertex 30.025 1.56042 0.002141
      vertex 30.0169 1.56317 0.002141
      vertex 30.0747 1.68024 0.0192146
    endloop
  endfacet
  facet normal 0.114732 0.232548 -0.965794
    outer loop
      vertex 30.1607 1.77837 0.0530691
      vertex 30.0975 1.66895 0.0192146
      vertex 30.123 1.79697 0.0530691
    endloop
  endfacet
  facet normal 0.258677 -0.0172655 -0.965809
    outer loop
      vertex 30.3187 -1.54196 0.0530691
      vertex 30.1934 -1.52547 0.0192146
      vertex 30.1951 -1.5 0.0192146
    endloop
  endfacet
  facet normal 0.382434 0.0246085 -0.923655
    outer loop
      vertex 30.3214 1.5 0.0530691
      vertex 30.3187 1.54196 0.0530691
      vertex 30.4423 1.5 0.103127
    endloop
  endfacet
  facet normal 0.128622 -0.0245286 -0.99139
    outer loop
      vertex 30.1884 -1.55049 0.0192146
      vertex 30.0632 -1.51693 0.002141
      vertex 30.0648 -1.50854 0.002141
    endloop
  endfacet
  facet normal 0.0085982 0.130508 -0.99141
    outer loop
      vertex 30.0085 1.56484 0.002141
      vertex 30 1.5654 0.002141
      vertex 30.0255 1.69342 0.0192146
    endloop
  endfacet
  facet normal 0.254248 0.050566 -0.965816
    outer loop
      vertex 30.3187 1.54196 0.0530691
      vertex 30.1884 1.55049 0.0192146
      vertex 30.3105 1.58319 0.0530691
    endloop
  endfacet
  facet normal 0.343919 0.169706 -0.923536
    outer loop
      vertex 30.4086 1.66926 0.103127
      vertex 30.297 1.62301 0.0530691
      vertex 30.383 1.72114 0.103127
    endloop
  endfacet
  facet normal 0.448999 0.221557 -0.865628
    outer loop
      vertex 30.4086 1.66926 0.103127
      vertex 30.383 1.72114 0.103127
      vertex 30.5133 1.71261 0.16853
    endloop
  endfacet
  facet normal 0.768232 -0.51352 -0.382251
    outer loop
      vertex 30.8201 -1.97347 0.67856
      vertex 30.7115 -2.04598 0.557711
      vertex 30.7767 -1.94844 0.557711
    endloop
  endfacet
  facet normal 0.922345 -0.0604449 -0.38161
    outer loop
      vertex 30.9388 -1.6236 0.67856
      vertex 30.8969 -1.5 0.557711
      vertex 30.9469 -1.5 0.67856
    endloop
  endfacet
  facet normal 0.707084 0 -0.70713
    outer loop
      vertex 30.7518 -1.5 0.340653
      vertex 30.6593 1.5 0.248159
      vertex 30.7518 1.5 0.340653
    endloop
  endfacet
  facet normal 0.707084 0 -0.70713
    outer loop
      vertex 30.6593 1.5 0.248159
      vertex 30.7518 -1.5 0.340653
      vertex 30.6593 -1.5 0.248159
    endloop
  endfacet
  facet normal 0.864761 -0.0568776 -0.498952
    outer loop
      vertex 30.8892 -1.61707 0.557711
      vertex 30.8244 -1.60853 0.444429
      vertex 30.8969 -1.5 0.557711
    endloop
  endfacet
  facet normal 0.924034 0 -0.382309
    outer loop
      vertex 30.9469 -1.5 0.67856
      vertex 30.8969 1.5 0.557711
      vertex 30.9469 1.5 0.67856
    endloop
  endfacet
  facet normal 0.924034 0 -0.382309
    outer loop
      vertex 30.8969 1.5 0.557711
      vertex 30.9469 -1.5 0.67856
      vertex 30.8969 -1.5 0.557711
    endloop
  endfacet
  facet normal 0.87483 -0.297576 -0.382257
    outer loop
      vertex 30.8748 -1.86238 0.67856
      vertex 30.8663 -1.73213 0.557711
      vertex 30.9147 -1.74508 0.67856
    endloop
  endfacet
  facet normal 0.824407 -0.550719 -0.130618
    outer loop
      vertex 30.7917 -2.10746 0.934596
      vertex 30.7781 -2.09706 0.804909
      vertex 30.8642 -1.99893 0.934596
    endloop
  endfacet
  facet normal 0.802902 -0.537139 -0.258515
    outer loop
      vertex 30.7781 -2.09706 0.804909
      vertex 30.7512 -2.07646 0.67856
      vertex 30.8201 -1.97347 0.67856
    endloop
  endfacet
  facet normal 0.829006 -0.408197 -0.382262
    outer loop
      vertex 30.8201 -1.97347 0.67856
      vertex 30.7767 -1.94844 0.557711
      vertex 30.8748 -1.86238 0.67856
    endloop
  endfacet
  facet normal 0.609384 -0.694773 -0.382023
    outer loop
      vertex 30.6696 -2.16958 0.67856
      vertex 30.546 -2.21154 0.557711
      vertex 30.6342 -2.13418 0.557711
    endloop
  endfacet
  facet normal 0.51341 -0.768399 -0.382065
    outer loop
      vertex 30.5765 -2.25125 0.67856
      vertex 30.4735 -2.32007 0.67856
      vertex 30.546 -2.21154 0.557711
    endloop
  endfacet
  facet normal 0.154857 0.778725 -0.607952
    outer loop
      vertex 30.1946 2.22622 0.340653
      vertex 30.0981 2.24541 0.340653
      vertex 30.1085 2.32436 0.444429
    endloop
  endfacet
  facet normal 0.138068 0.694295 -0.706323
    outer loop
      vertex 30.1946 2.22622 0.340653
      vertex 30.0861 2.1537 0.248159
      vertex 30.0981 2.24541 0.340653
    endloop
  endfacet
  facet normal 0.351317 0.71198 -0.607997
    outer loop
      vertex 30.4157 2.22007 0.444429
      vertex 30.2877 2.19461 0.340653
      vertex 30.3182 2.26818 0.444429
    endloop
  endfacet
  facet normal 0.351212 0.712113 -0.607902
    outer loop
      vertex 30.3759 2.15111 0.340653
      vertex 30.2877 2.19461 0.340653
      vertex 30.4157 2.22007 0.444429
    endloop
  endfacet
  facet normal 0.383446 0.777094 -0.499093
    outer loop
      vertex 30.4157 2.22007 0.444429
      vertex 30.3182 2.26818 0.444429
      vertex 30.3432 2.3286 0.557711
    endloop
  endfacet
  facet normal 0.297 0.875109 -0.382068
    outer loop
      vertex 30.3624 2.37485 0.67856
      vertex 30.2321 2.36631 0.557711
      vertex 30.2451 2.41466 0.67856
    endloop
  endfacet
  facet normal 0.922345 0.0604449 -0.38161
    outer loop
      vertex 30.9469 1.5 0.67856
      vertex 30.8969 1.5 0.557711
      vertex 30.9388 1.6236 0.67856
    endloop
  endfacet
  facet normal 0.922251 0.060664 -0.381802
    outer loop
      vertex 30.8969 1.5 0.557711
      vertex 30.8892 1.61706 0.557711
      vertex 30.9388 1.6236 0.67856
    endloop
  endfacet
  facet normal 0.634675 0.31344 -0.70636
    outer loop
      vertex 30.6092 1.75232 0.248159
      vertex 30.571 1.82967 0.248159
      vertex 30.6511 1.87592 0.340653
    endloop
  endfacet
  facet normal 0.546506 0.269897 -0.792771
    outer loop
      vertex 30.6092 1.75232 0.248159
      vertex 30.5133 1.71261 0.16853
      vertex 30.571 1.82967 0.248159
    endloop
  endfacet
  facet normal 0.670508 0.227511 -0.706157
    outer loop
      vertex 30.7262 1.69459 0.340653
      vertex 30.6092 1.75232 0.248159
      vertex 30.6946 1.78772 0.340653
    endloop
  endfacet
  facet normal 0.63501 0.313185 -0.706171
    outer loop
      vertex 30.6946 1.78772 0.340653
      vertex 30.6092 1.75232 0.248159
      vertex 30.6511 1.87592 0.340653
    endloop
  endfacet
  facet normal 0.588622 0.393181 -0.706351
    outer loop
      vertex 30.571 1.82967 0.248159
      vertex 30.5231 1.90138 0.248159
      vertex 30.6511 1.87592 0.340653
    endloop
  endfacet
  facet normal 0.416645 0.277855 -0.865565
    outer loop
      vertex 30.4811 1.77778 0.16853
      vertex 30.383 1.72114 0.103127
      vertex 30.4408 1.83821 0.16853
    endloop
  endfacet
  facet normal 0.21302 0.318801 -0.923574
    outer loop
      vertex 30.2692 1.85089 0.103127
      vertex 30.1607 1.77837 0.0530691
      vertex 30.2211 1.88303 0.103127
    endloop
  endfacet
  facet normal 0.169639 0.343839 -0.923579
    outer loop
      vertex 30.1607 1.77837 0.0530691
      vertex 30.123 1.79697 0.0530691
      vertex 30.2211 1.88303 0.103127
    endloop
  endfacet
  facet normal 0.269501 0.546772 -0.792723
    outer loop
      vertex 30.3297 2.07101 0.248159
      vertex 30.2126 2.01328 0.16853
      vertex 30.2523 2.10916 0.248159
    endloop
  endfacet
  facet normal 0.196072 0.577181 -0.792728
    outer loop
      vertex 30.2126 2.01328 0.16853
      vertex 30.1707 2.13688 0.248159
      vertex 30.2523 2.10916 0.248159
    endloop
  endfacet
  facet normal 0.670495 0.227412 -0.706202
    outer loop
      vertex 30.6369 1.67065 0.248159
      vertex 30.6092 1.75232 0.248159
      vertex 30.7262 1.69459 0.340653
    endloop
  endfacet
  facet normal 0.69426 0.13819 -0.706333
    outer loop
      vertex 30.7454 1.59813 0.340653
      vertex 30.6537 1.58606 0.248159
      vertex 30.7262 1.69459 0.340653
    endloop
  endfacet
  facet normal 0.914609 0.310943 -0.258467
    outer loop
      vertex 30.9474 1.75385 0.804909
      vertex 30.8748 1.86237 0.67856
      vertex 30.9061 1.87533 0.804909
    endloop
  endfacet
  facet normal 0.906468 0.180395 -0.381804
    outer loop
      vertex 30.8892 1.61706 0.557711
      vertex 30.8663 1.73213 0.557711
      vertex 30.9388 1.6236 0.67856
    endloop
  endfacet
  facet normal 0.712017 0.351118 -0.608069
    outer loop
      vertex 30.7682 1.81819 0.444429
      vertex 30.6946 1.78772 0.340653
      vertex 30.7201 1.91573 0.444429
    endloop
  endfacet
  facet normal 0.71198 0.351147 -0.608096
    outer loop
      vertex 30.6946 1.78772 0.340653
      vertex 30.6511 1.87592 0.340653
      vertex 30.7201 1.91573 0.444429
    endloop
  endfacet
  facet normal 0.866656 0.426736 -0.258465
    outer loop
      vertex 30.8748 1.86237 0.67856
      vertex 30.8201 1.97346 0.67856
      vertex 30.9061 1.87533 0.804909
    endloop
  endfacet
  facet normal 0.777194 0.383353 -0.499008
    outer loop
      vertex 30.8286 1.84322 0.557711
      vertex 30.7201 1.91573 0.444429
      vertex 30.7767 1.94844 0.557711
    endloop
  endfacet
  facet normal 0.896972 0.442088 0
    outer loop
      vertex 30.9219 1.88186 2.5
      vertex 30.8642 1.99893 0.934596
      vertex 30.8642 1.99893 2.5
    endloop
  endfacet
  facet normal 0.896972 0.442088 0
    outer loop
      vertex 30.8642 1.99893 0.934596
      vertex 30.9219 1.88186 2.5
      vertex 30.9219 1.88186 0.934596
    endloop
  endfacet
  facet normal 0.938711 0.319137 -0.130284
    outer loop
      vertex 30.9474 1.75385 0.804909
      vertex 30.9061 1.87533 0.804909
      vertex 30.9639 1.75826 0.934596
    endloop
  endfacet
  facet normal -0.946821 -0.321761 0
    outer loop
      vertex 17.0781 -1.88186 0.934596
      vertex 17.0361 -1.75827 2.5
      vertex 17.0361 -1.75827 0.934596
    endloop
  endfacet
  facet normal -0.946821 -0.321761 0
    outer loop
      vertex 17.0361 -1.75827 2.5
      vertex 17.0781 -1.88186 0.934596
      vertex 17.0781 -1.88186 2.5
    endloop
  endfacet
  facet normal -0.938733 -0.319013 -0.13043
    outer loop
      vertex 17.0781 -1.88186 0.934596
      vertex 17.0361 -1.75827 0.934596
      vertex 17.0939 -1.87533 0.804909
    endloop
  endfacet
  facet normal -0.828704 -0.408795 -0.382278
    outer loop
      vertex 17.1799 -1.97347 0.67856
      vertex 17.1251 -1.86238 0.67856
      vertex 17.2233 -1.94844 0.557711
    endloop
  endfacet
  facet normal -0.86651 -0.427444 -0.257782
    outer loop
      vertex 17.1799 -1.97347 0.67856
      vertex 17.0939 -1.87533 0.804909
      vertex 17.1251 -1.86238 0.67856
    endloop
  endfacet
  facet normal -0.866597 -0.427047 -0.258149
    outer loop
      vertex 17.1506 -1.99039 0.804909
      vertex 17.0939 -1.87533 0.804909
      vertex 17.1799 -1.97347 0.67856
    endloop
  endfacet
  facet normal -0.803396 -0.53669 -0.257911
    outer loop
      vertex 17.2219 -2.09706 0.804909
      vertex 17.1799 -1.97347 0.67856
      vertex 17.2487 -2.07646 0.67856
    endloop
  endfacet
  facet normal -0.896972 -0.442088 0
    outer loop
      vertex 17.1358 -1.99893 0.934596
      vertex 17.0781 -1.88186 2.5
      vertex 17.0781 -1.88186 0.934596
    endloop
  endfacet
  facet normal -0.896972 -0.442088 0
    outer loop
      vertex 17.0781 -1.88186 2.5
      vertex 17.1358 -1.99893 0.934596
      vertex 17.1358 -1.99893 2.5
    endloop
  endfacet
  facet normal -0.889311 -0.438312 -0.130416
    outer loop
      vertex 17.1358 -1.99893 0.934596
      vertex 17.0781 -1.88186 0.934596
      vertex 17.0939 -1.87533 0.804909
    endloop
  endfacet
  facet normal -0.408662 -0.828813 -0.382183
    outer loop
      vertex 17.6376 -2.37485 0.67856
      vertex 17.5265 -2.32007 0.67856
      vertex 17.5516 -2.27672 0.557711
    endloop
  endfacet
  facet normal -0.513195 -0.768454 -0.382243
    outer loop
      vertex 17.5265 -2.32007 0.67856
      vertex 17.454 -2.21154 0.557711
      vertex 17.5516 -2.27672 0.557711
    endloop
  endfacet
  facet normal -0.660499 -0.441033 -0.607643
    outer loop
      vertex 17.4035 -1.95769 0.340653
      vertex 17.3404 -2.00617 0.444429
      vertex 17.3489 -1.87592 0.340653
    endloop
  endfacet
  facet normal -0.531958 -0.466921 -0.706403
    outer loop
      vertex 17.4684 -2.03163 0.340653
      vertex 17.4035 -1.95769 0.340653
      vertex 17.4769 -1.90138 0.248159
    endloop
  endfacet
  facet normal -0.523607 -0.59677 -0.60803
    outer loop
      vertex 17.4938 -2.15965 0.444429
      vertex 17.4684 -2.03163 0.340653
      vertex 17.5423 -2.09647 0.340653
    endloop
  endfacet
  facet normal -0.523762 -0.596727 -0.607939
    outer loop
      vertex 17.4938 -2.15965 0.444429
      vertex 17.4121 -2.08794 0.444429
      vertex 17.4684 -2.03163 0.340653
    endloop
  endfacet
  facet normal 0.0506632 -0.254333 -0.965789
    outer loop
      vertex 30.042 -1.81869 0.0530691
      vertex 30.0255 -1.69342 0.0192146
      vertex 30.0505 -1.68844 0.0192146
    endloop
  endfacet
  facet normal -0.258872 0.0166577 -0.965768
    outer loop
      vertex 17.8049 1.5 0.0192146
      vertex 17.6786 1.5 0.0530691
      vertex 17.6813 1.54196 0.0530691
    endloop
  endfacet
  facet normal -0.343968 0.169658 -0.923527
    outer loop
      vertex 17.703 1.62301 0.0530691
      vertex 17.617 1.72114 0.103127
      vertex 17.7216 1.66072 0.0530691
    endloop
  endfacet
  facet normal -0.21302 0.318801 -0.923574
    outer loop
      vertex 17.8393 1.77837 0.0530691
      vertex 17.7308 1.85089 0.103127
      vertex 17.7789 1.88303 0.103127
    endloop
  endfacet
  facet normal -0.0832389 0.245656 -0.965777
    outer loop
      vertex 17.9253 1.68024 0.0192146
      vertex 17.877 1.79697 0.0530691
      vertex 17.9495 1.68844 0.0192146
    endloop
  endfacet
  facet normal 0.0576185 0.117371 -0.991415
    outer loop
      vertex 30.0327 1.55664 0.002141
      vertex 30.025 1.56042 0.002141
      vertex 30.0747 1.68024 0.0192146
    endloop
  endfacet
  facet normal -0.0576185 0.117371 -0.991415
    outer loop
      vertex 17.9673 1.55664 0.002141
      vertex 17.9253 1.68024 0.0192146
      vertex 17.975 1.56042 0.002141
    endloop
  endfacet
  facet normal -0.0169472 0.258774 -0.965789
    outer loop
      vertex 17.9745 1.69342 0.0192146
      vertex 17.958 1.81869 0.0530691
      vertex 18 1.69509 0.0192146
    endloop
  endfacet
  facet normal 0.0748354 0.376002 -0.923592
    outer loop
      vertex 30.0832 1.81049 0.0530691
      vertex 30.042 1.81869 0.0530691
      vertex 30.1145 1.92722 0.103127
    endloop
  endfacet
  facet normal -0.130508 0.00871422 -0.991409
    outer loop
      vertex 17.9346 1.5 0.002141
      vertex 17.8049 1.5 0.0192146
      vertex 17.8066 1.52546 0.0192146
    endloop
  endfacet
  facet normal -0.376104 0.0748012 -0.923553
    outer loop
      vertex 17.6813 1.54196 0.0530691
      vertex 17.5728 1.61447 0.103127
      vertex 17.6895 1.58319 0.0530691
    endloop
  endfacet
  facet normal -0.0983678 -0.0861166 -0.991417
    outer loop
      vertex 17.862 -1.63795 0.0192146
      vertex 17.8452 -1.61876 0.0192146
      vertex 17.9538 -1.54625 0.002141
    endloop
  endfacet
  facet normal -0.38255 0 -0.923935
    outer loop
      vertex 17.5577 -1.5 0.103127
      vertex 17.6786 1.5 0.0530691
      vertex 17.6786 -1.5 0.0530691
    endloop
  endfacet
  facet normal -0.38255 0 -0.923935
    outer loop
      vertex 17.6786 1.5 0.0530691
      vertex 17.5577 -1.5 0.103127
      vertex 17.5577 1.5 0.103127
    endloop
  endfacet
  facet normal -0.491221 -0.0978286 -0.865524
    outer loop
      vertex 17.5728 -1.61447 0.103127
      vertex 17.4634 -1.64379 0.16853
      vertex 17.5615 -1.55773 0.103127
    endloop
  endfacet
  facet normal -0.37605 -0.0748919 -0.923568
    outer loop
      vertex 17.5728 -1.61447 0.103127
      vertex 17.5615 -1.55773 0.103127
      vertex 17.6813 -1.54196 0.0530691
    endloop
  endfacet
  facet normal -0.117442 -0.057464 -0.991416
    outer loop
      vertex 17.831 -1.59755 0.0192146
      vertex 17.8198 -1.57466 0.0192146
      vertex 17.9434 -1.5327 0.002141
    endloop
  endfacet
  facet normal -0.376104 -0.0748012 -0.923553
    outer loop
      vertex 17.6895 -1.58319 0.0530691
      vertex 17.5728 -1.61447 0.103127
      vertex 17.6813 -1.54196 0.0530691
    endloop
  endfacet
  facet normal -0.114676 -0.23256 -0.965798
    outer loop
      vertex 17.877 -1.79697 0.0530691
      vertex 17.8393 -1.77838 0.0530691
      vertex 17.9025 -1.66895 0.0192146
    endloop
  endfacet
  facet normal -0.215533 -0.144299 -0.965776
    outer loop
      vertex 17.8452 -1.61876 0.0192146
      vertex 17.745 -1.69568 0.0530691
      vertex 17.831 -1.59755 0.0192146
    endloop
  endfacet
  facet normal 0.130513 0 -0.991447
    outer loop
      vertex 30.0654 -1.5 0.002141
      vertex 30.1951 1.5 0.0192146
      vertex 30.1951 -1.5 0.0192146
    endloop
  endfacet
  facet normal 0.130513 0 -0.991447
    outer loop
      vertex 30.1951 1.5 0.0192146
      vertex 30.0654 -1.5 0.002141
      vertex 30.0654 1.5 0.002141
    endloop
  endfacet
  facet normal -0.0864752 0.0981278 -0.99141
    outer loop
      vertex 17.9538 1.54625 0.002141
      vertex 17.8812 1.65477 0.0192146
      vertex 17.9602 1.55189 0.002141
    endloop
  endfacet
  facet normal 0.117435 0.0574855 -0.991415
    outer loop
      vertex 30.1802 1.57466 0.0192146
      vertex 30.0566 1.5327 0.002141
      vertex 30.169 1.59754 0.0192146
    endloop
  endfacet
  facet normal -0.31902 -0.212857 -0.923536
    outer loop
      vertex 17.6491 -1.76925 0.103127
      vertex 17.617 -1.72114 0.103127
      vertex 17.7216 -1.66072 0.0530691
    endloop
  endfacet
  facet normal -0.318543 -0.213213 -0.923618
    outer loop
      vertex 17.745 -1.69568 0.0530691
      vertex 17.6491 -1.76925 0.103127
      vertex 17.7216 -1.66072 0.0530691
    endloop
  endfacet
  facet normal -0.792116 -0.0516615 -0.60818
    outer loop
      vertex 17.2546 -1.59813 0.340653
      vertex 17.1756 -1.60853 0.444429
      vertex 17.2482 -1.5 0.340653
    endloop
  endfacet
  facet normal -0.778658 -0.155483 -0.607879
    outer loop
      vertex 17.1969 -1.7152 0.444429
      vertex 17.1756 -1.60853 0.444429
      vertex 17.2738 -1.69459 0.340653
    endloop
  endfacet
  facet normal -0.914836 -0.310405 -0.258311
    outer loop
      vertex 17.1251 -1.86238 0.67856
      vertex 17.0526 -1.75385 0.804909
      vertex 17.0853 -1.74508 0.67856
    endloop
  endfacet
  facet normal -0.914786 -0.311003 -0.257769
    outer loop
      vertex 17.0939 -1.87533 0.804909
      vertex 17.0526 -1.75385 0.804909
      vertex 17.1251 -1.86238 0.67856
    endloop
  endfacet
  facet normal -0.922253 -0.060659 -0.381798
    outer loop
      vertex 17.1108 -1.61707 0.557711
      vertex 17.0612 -1.6236 0.67856
      vertex 17.1031 -1.5 0.557711
    endloop
  endfacet
  facet normal -0.864761 -0.0568776 -0.498952
    outer loop
      vertex 17.1108 -1.61707 0.557711
      vertex 17.1031 -1.5 0.557711
      vertex 17.1756 -1.60853 0.444429
    endloop
  endfacet
  facet normal 0.0250625 -0.382568 -0.923587
    outer loop
      vertex 30.0577 -1.93851 0.103127
      vertex 30 -1.94229 0.103127
      vertex 30.042 -1.81869 0.0530691
    endloop
  endfacet
  facet normal 0.0747474 -0.376054 -0.923578
    outer loop
      vertex 30.0577 -1.93851 0.103127
      vertex 30.042 -1.81869 0.0530691
      vertex 30.1145 -1.92722 0.103127
    endloop
  endfacet
  facet normal 0.278512 -0.820557 -0.499116
    outer loop
      vertex 30.3432 -2.3286 0.557711
      vertex 30.2152 -2.30314 0.444429
      vertex 30.3182 -2.26818 0.444429
    endloop
  endfacet
  facet normal 0.138075 -0.694332 -0.706285
    outer loop
      vertex 30.0981 -2.24541 0.340653
      vertex 30.0861 -2.15371 0.248159
      vertex 30.1946 -2.22622 0.340653
    endloop
  endfacet
  facet normal 0.313109 -0.634856 -0.706343
    outer loop
      vertex 30.2877 -2.19461 0.340653
      vertex 30.2523 -2.10916 0.248159
      vertex 30.3759 -2.15111 0.340653
    endloop
  endfacet
  facet normal 0.312992 -0.63501 -0.706257
    outer loop
      vertex 30.3759 -2.15111 0.340653
      vertex 30.2523 -2.10916 0.248159
      vertex 30.3297 -2.07101 0.248159
    endloop
  endfacet
  facet normal 0.0604344 -0.922184 -0.382002
    outer loop
      vertex 30.1236 -2.43883 0.67856
      vertex 30 -2.44693 0.67856
      vertex 30 -2.39687 0.557711
    endloop
  endfacet
  facet normal 0 -0.923872 -0.382701
    outer loop
      vertex 18 -2.39687 0.557711
      vertex 30 -2.44693 0.67856
      vertex 18 -2.44693 0.67856
    endloop
  endfacet
  facet normal 0 -0.923872 -0.382701
    outer loop
      vertex 30 -2.44693 0.67856
      vertex 18 -2.39687 0.557711
      vertex 30 -2.39687 0.557711
    endloop
  endfacet
  facet normal 0.154857 -0.778725 -0.607952
    outer loop
      vertex 30.1085 -2.32436 0.444429
      vertex 30.0981 -2.24541 0.340653
      vertex 30.1946 -2.22622 0.340653
    endloop
  endfacet
  facet normal 0.169146 -0.849792 -0.499242
    outer loop
      vertex 30.1171 -2.3892 0.557711
      vertex 30.1085 -2.32436 0.444429
      vertex 30.2321 -2.36631 0.557711
    endloop
  endfacet
  facet normal 0.15487 -0.778728 -0.607945
    outer loop
      vertex 30.2152 -2.30314 0.444429
      vertex 30.1085 -2.32436 0.444429
      vertex 30.1946 -2.22622 0.340653
    endloop
  endfacet
  facet normal 0.0566333 -0.864636 -0.499197
    outer loop
      vertex 30.1171 -2.3892 0.557711
      vertex 30 -2.39687 0.557711
      vertex 30.1085 -2.32436 0.444429
    endloop
  endfacet
  facet normal 0.310483 -0.914836 -0.258217
    outer loop
      vertex 30.2538 -2.44737 0.804909
      vertex 30.2451 -2.41466 0.67856
      vertex 30.3624 -2.37485 0.67856
    endloop
  endfacet
  facet normal 0.188487 -0.947506 -0.258275
    outer loop
      vertex 30.2538 -2.44737 0.804909
      vertex 30.1236 -2.43883 0.67856
      vertex 30.2451 -2.41466 0.67856
    endloop
  endfacet
  facet normal 0.653884 -0.745278 -0.130372
    outer loop
      vertex 30.7056 -2.20559 0.934596
      vertex 30.6075 -2.29166 0.934596
      vertex 30.6935 -2.19352 0.804909
    endloop
  endfacet
  facet normal 0.637082 -0.726243 -0.258259
    outer loop
      vertex 30.5971 -2.27811 0.804909
      vertex 30.5765 -2.25125 0.67856
      vertex 30.6696 -2.16958 0.67856
    endloop
  endfacet
  facet normal 0.408662 -0.828813 -0.382183
    outer loop
      vertex 30.4735 -2.32007 0.67856
      vertex 30.3624 -2.37485 0.67856
      vertex 30.4484 -2.27672 0.557711
    endloop
  endfacet
  facet normal -0.171085 -0.194962 -0.965774
    outer loop
      vertex 17.8043 -1.75502 0.0530691
      vertex 17.7727 -1.72729 0.0530691
      vertex 17.862 -1.63795 0.0192146
    endloop
  endfacet
  facet normal -0.252925 -0.288223 -0.923557
    outer loop
      vertex 17.8043 -1.75502 0.0530691
      vertex 17.6873 -1.81275 0.103127
      vertex 17.7727 -1.72729 0.0530691
    endloop
  endfacet
  facet normal -0.160978 -0.474279 -0.865532
    outer loop
      vertex 17.8855 -1.92722 0.103127
      vertex 17.7874 -2.01328 0.16853
      vertex 17.8307 -1.90862 0.103127
    endloop
  endfacet
  facet normal -0.278271 -0.416235 -0.865629
    outer loop
      vertex 17.7222 -1.98114 0.16853
      vertex 17.6618 -1.94076 0.16853
      vertex 17.7789 -1.88303 0.103127
    endloop
  endfacet
  facet normal 0.108653 0.0727086 -0.991417
    outer loop
      vertex 30.169 1.59754 0.0192146
      vertex 30.0566 1.5327 0.002141
      vertex 30.1548 1.61876 0.0192146
    endloop
  endfacet
  facet normal 0.123312 -0.363004 -0.923592
    outer loop
      vertex 30.1145 -1.92722 0.103127
      vertex 30.0832 -1.81049 0.0530691
      vertex 30.123 -1.79697 0.0530691
    endloop
  endfacet
  facet normal 0.143938 -0.215661 -0.965801
    outer loop
      vertex 30.1607 -1.77838 0.0530691
      vertex 30.0975 -1.66895 0.0192146
      vertex 30.1957 -1.75502 0.0530691
    endloop
  endfacet
  facet normal 0.215533 -0.144299 -0.965776
    outer loop
      vertex 30.255 -1.69568 0.0530691
      vertex 30.1548 -1.61876 0.0192146
      vertex 30.169 -1.59755 0.0192146
    endloop
  endfacet
  facet normal 0.792116 -0.0516615 -0.60818
    outer loop
      vertex 30.8244 -1.60853 0.444429
      vertex 30.7454 -1.59813 0.340653
      vertex 30.7518 -1.5 0.340653
    endloop
  endfacet
  facet normal 0.72028 -0.481886 -0.498981
    outer loop
      vertex 30.7767 -1.94844 0.557711
      vertex 30.6596 -2.00617 0.444429
      vertex 30.7201 -1.91574 0.444429
    endloop
  endfacet
  facet normal 0.596996 -0.523475 -0.607922
    outer loop
      vertex 30.5879 -2.08794 0.444429
      vertex 30.5316 -2.03163 0.340653
      vertex 30.6596 -2.00617 0.444429
    endloop
  endfacet
  facet normal 0.351212 -0.712113 -0.607902
    outer loop
      vertex 30.4157 -2.22007 0.444429
      vertex 30.2877 -2.19461 0.340653
      vertex 30.3759 -2.15111 0.340653
    endloop
  endfacet
  facet normal 0.115111 -0.232466 -0.965769
    outer loop
      vertex 30.123 -1.79697 0.0530691
      vertex 30.0747 -1.68024 0.0192146
      vertex 30.0975 -1.66895 0.0192146
    endloop
  endfacet
  facet normal -0.128622 0.0245286 -0.99139
    outer loop
      vertex 17.9352 1.50854 0.002141
      vertex 17.8116 1.55049 0.0192146
      vertex 17.9368 1.51693 0.002141
    endloop
  endfacet
  facet normal 0.123594 0.0427239 -0.991413
    outer loop
      vertex 30.0632 1.51693 0.002141
      vertex 30.0604 1.52503 0.002141
      vertex 30.1802 1.57466 0.0192146
    endloop
  endfacet
  facet normal 0.376236 -0.330515 -0.865567
    outer loop
      vertex 30.3928 -1.89285 0.16853
      vertex 30.3127 -1.81275 0.103127
      vertex 30.4408 -1.83821 0.16853
    endloop
  endfacet
  facet normal 0.33031 -0.376434 -0.865559
    outer loop
      vertex 30.3382 -1.94076 0.16853
      vertex 30.3127 -1.81275 0.103127
      vertex 30.3928 -1.89285 0.16853
    endloop
  endfacet
  facet normal 0.318543 -0.213213 -0.923618
    outer loop
      vertex 30.3509 -1.76925 0.103127
      vertex 30.255 -1.69568 0.0530691
      vertex 30.2784 -1.66072 0.0530691
    endloop
  endfacet
  facet normal 0.288049 -0.252953 -0.923603
    outer loop
      vertex 30.3127 -1.81275 0.103127
      vertex 30.255 -1.69568 0.0530691
      vertex 30.3509 -1.76925 0.103127
    endloop
  endfacet
  facet normal 0.382596 -0.0251838 -0.923573
    outer loop
      vertex 30.4385 -1.55773 0.103127
      vertex 30.3187 -1.54196 0.0530691
      vertex 30.4423 -1.5 0.103127
    endloop
  endfacet
  facet normal 0.0580467 0.117224 -0.991408
    outer loop
      vertex 30.0975 1.66895 0.0192146
      vertex 30.0327 1.55664 0.002141
      vertex 30.0747 1.68024 0.0192146
    endloop
  endfacet
  facet normal 0.597796 -0.119106 -0.792751
    outer loop
      vertex 30.6537 -1.58606 0.248159
      vertex 30.5366 -1.64379 0.16853
      vertex 30.5508 -1.57252 0.16853
    endloop
  endfacet
  facet normal 0.60826 0.03958 -0.79275
    outer loop
      vertex 30.6593 1.5 0.248159
      vertex 30.5508 1.57252 0.16853
      vertex 30.6537 1.58606 0.248159
    endloop
  endfacet
  facet normal 0.0976789 0.49115 -0.865581
    outer loop
      vertex 30.1438 2.03664 0.16853
      vertex 30.0577 1.9385 0.103127
      vertex 30.0725 2.05082 0.16853
    endloop
  endfacet
  facet normal 0.0975552 0.491235 -0.865547
    outer loop
      vertex 30.1145 1.92722 0.103127
      vertex 30.0577 1.9385 0.103127
      vertex 30.1438 2.03664 0.16853
    endloop
  endfacet
  facet normal 0.288049 0.252953 -0.923603
    outer loop
      vertex 30.3509 1.76925 0.103127
      vertex 30.255 1.69568 0.0530691
      vertex 30.3127 1.81275 0.103127
    endloop
  endfacet
  facet normal 0.31902 0.212857 -0.923536
    outer loop
      vertex 30.383 1.72114 0.103127
      vertex 30.2784 1.66072 0.0530691
      vertex 30.3509 1.76925 0.103127
    endloop
  endfacet
  facet normal -0.481119 0.720644 -0.499196
    outer loop
      vertex 17.5843 2.22007 0.444429
      vertex 17.4938 2.15965 0.444429
      vertex 17.5516 2.27671 0.557711
    endloop
  endfacet
  facet normal -0.154857 0.778725 -0.607952
    outer loop
      vertex 17.9019 2.24541 0.340653
      vertex 17.8054 2.22622 0.340653
      vertex 17.8915 2.32436 0.444429
    endloop
  endfacet
  facet normal -0.0746882 0.37609 -0.923568
    outer loop
      vertex 17.958 1.81869 0.0530691
      vertex 17.8855 1.92722 0.103127
      vertex 17.9423 1.9385 0.103127
    endloop
  endfacet
  facet normal -0.0748354 0.376002 -0.923592
    outer loop
      vertex 17.9168 1.81049 0.0530691
      vertex 17.8855 1.92722 0.103127
      vertex 17.958 1.81869 0.0530691
    endloop
  endfacet
  facet normal -0.0983678 0.0861166 -0.991417
    outer loop
      vertex 17.9538 1.54625 0.002141
      vertex 17.8452 1.61876 0.0192146
      vertex 17.862 1.63795 0.0192146
    endloop
  endfacet
  facet normal -0.195153 0.170848 -0.965778
    outer loop
      vertex 17.8452 1.61876 0.0192146
      vertex 17.745 1.69568 0.0530691
      vertex 17.862 1.63795 0.0192146
    endloop
  endfacet
  facet normal -0.221383 0.449104 -0.865618
    outer loop
      vertex 17.7789 1.88303 0.103127
      vertex 17.7222 1.98114 0.16853
      vertex 17.7874 2.01328 0.16853
    endloop
  endfacet
  facet normal -0.196072 0.577181 -0.792728
    outer loop
      vertex 17.7874 2.01328 0.16853
      vertex 17.7477 2.10916 0.248159
      vertex 17.8293 2.13688 0.248159
    endloop
  endfacet
  facet normal -0.499665 -0.0330721 -0.865587
    outer loop
      vertex 17.4492 -1.57252 0.16853
      vertex 17.4444 -1.5 0.16853
      vertex 17.5577 -1.5 0.103127
    endloop
  endfacet
  facet normal -0.608542 -0.0402786 -0.792498
    outer loop
      vertex 17.4492 -1.57252 0.16853
      vertex 17.3407 -1.5 0.248159
      vertex 17.4444 -1.5 0.16853
    endloop
  endfacet
  facet normal -0.448999 0.221557 -0.865628
    outer loop
      vertex 17.5914 1.66926 0.103127
      vertex 17.4867 1.71261 0.16853
      vertex 17.617 1.72114 0.103127
    endloop
  endfacet
  facet normal -0.546506 0.269897 -0.792771
    outer loop
      vertex 17.4867 1.71261 0.16853
      vertex 17.3908 1.75232 0.248159
      vertex 17.429 1.82967 0.248159
    endloop
  endfacet
  facet normal -0.499755 0.0328957 -0.865542
    outer loop
      vertex 17.5577 1.5 0.103127
      vertex 17.4492 1.57252 0.16853
      vertex 17.5615 1.55773 0.103127
    endloop
  endfacet
  facet normal -0.531958 0.466921 -0.706403
    outer loop
      vertex 17.4769 1.90138 0.248159
      vertex 17.4035 1.95769 0.340653
      vertex 17.4684 2.03163 0.340653
    endloop
  endfacet
  facet normal -0.694599 0.60935 -0.382394
    outer loop
      vertex 17.2885 2.04598 0.557711
      vertex 17.2487 2.07645 0.67856
      vertex 17.3304 2.16958 0.67856
    endloop
  endfacet
  facet normal -0.706337 0.0459619 -0.706382
    outer loop
      vertex 17.3407 1.5 0.248159
      vertex 17.2482 1.5 0.340653
      vertex 17.3463 1.58606 0.248159
    endloop
  endfacet
  facet normal -0.0604035 0.922197 -0.381975
    outer loop
      vertex 17.8829 2.3892 0.557711
      vertex 17.8764 2.43883 0.67856
      vertex 18 2.39687 0.557711
    endloop
  endfacet
  facet normal -0.0566333 0.864636 -0.499197
    outer loop
      vertex 17.8915 2.32436 0.444429
      vertex 17.8829 2.3892 0.557711
      vertex 18 2.39687 0.557711
    endloop
  endfacet
  facet normal -0.720289 0.481839 -0.499014
    outer loop
      vertex 17.2799 1.91573 0.444429
      vertex 17.2233 1.94844 0.557711
      vertex 17.3404 2.00617 0.444429
    endloop
  endfacet
  facet normal -0.69501 0.609119 -0.382015
    outer loop
      vertex 17.3658 2.13418 0.557711
      vertex 17.2885 2.04598 0.557711
      vertex 17.3304 2.16958 0.67856
    endloop
  endfacet
  facet normal -0.550606 0.824542 -0.130241
    outer loop
      vertex 17.4029 2.27811 0.804909
      vertex 17.3925 2.29165 0.934596
      vertex 17.5011 2.36417 0.934596
    endloop
  endfacet
  facet normal -0.637212 0.726176 -0.258126
    outer loop
      vertex 17.3304 2.16958 0.67856
      vertex 17.3065 2.19352 0.804909
      vertex 17.4029 2.27811 0.804909
    endloop
  endfacet
  facet normal -0.51341 0.768399 -0.382065
    outer loop
      vertex 17.454 2.21154 0.557711
      vertex 17.4235 2.25125 0.67856
      vertex 17.5265 2.32007 0.67856
    endloop
  endfacet
  facet normal -0.536612 0.803375 -0.258139
    outer loop
      vertex 17.5265 2.32007 0.67856
      vertex 17.4029 2.27811 0.804909
      vertex 17.5096 2.34938 0.804909
    endloop
  endfacet
  facet normal -0.571613 0.651245 -0.499138
    outer loop
      vertex 17.4938 2.15965 0.444429
      vertex 17.4121 2.08794 0.444429
      vertex 17.454 2.21154 0.557711
    endloop
  endfacet
  facet normal -0.777194 0.383353 -0.499008
    outer loop
      vertex 17.2799 1.91573 0.444429
      vertex 17.1714 1.84322 0.557711
      vertex 17.2233 1.94844 0.557711
    endloop
  endfacet
  facet normal 0 0.991439 -0.130574
    outer loop
      vertex 30 2.48078 0.804909
      vertex 18 2.49786 0.934596
      vertex 30 2.49786 0.934596
    endloop
  endfacet
  facet normal 0 0.991439 -0.130574
    outer loop
      vertex 18 2.49786 0.934596
      vertex 30 2.48078 0.804909
      vertex 18 2.48078 0.804909
    endloop
  endfacet
  facet normal 0.0648928 0.989349 -0.130299
    outer loop
      vertex 30.1302 2.48932 0.934596
      vertex 30 2.48078 0.804909
      vertex 30 2.49786 0.934596
    endloop
  endfacet
  facet normal 0.0648493 0.989357 -0.130256
    outer loop
      vertex 30.128 2.47239 0.804909
      vertex 30 2.48078 0.804909
      vertex 30.1302 2.48932 0.934596
    endloop
  endfacet
  facet normal 0.408652 0.828791 -0.382242
    outer loop
      vertex 30.4484 2.27671 0.557711
      vertex 30.3624 2.37485 0.67856
      vertex 30.4735 2.32007 0.67856
    endloop
  endfacet
  facet normal 0.169146 0.849792 -0.499242
    outer loop
      vertex 30.2321 2.36631 0.557711
      vertex 30.1085 2.32436 0.444429
      vertex 30.1171 2.3892 0.557711
    endloop
  endfacet
  facet normal 0.637082 0.726243 -0.258259
    outer loop
      vertex 30.6696 2.16958 0.67856
      vertex 30.5765 2.25125 0.67856
      vertex 30.5971 2.27811 0.804909
    endloop
  endfacet
  facet normal 0.609419 0.69471 -0.382082
    outer loop
      vertex 30.6696 2.16958 0.67856
      vertex 30.546 2.21154 0.557711
      vertex 30.5765 2.25125 0.67856
    endloop
  endfacet
  facet normal 0.523762 0.596727 -0.607939
    outer loop
      vertex 30.5316 2.03163 0.340653
      vertex 30.5062 2.15965 0.444429
      vertex 30.5879 2.08794 0.444429
    endloop
  endfacet
  facet normal 0.338691 0.506764 -0.792766
    outer loop
      vertex 30.3382 1.94076 0.16853
      vertex 30.3297 2.07101 0.248159
      vertex 30.4014 2.02309 0.248159
    endloop
  endfacet
  facet normal 0.651558 0.571036 -0.49939
    outer loop
      vertex 30.7115 2.04598 0.557711
      vertex 30.5879 2.08794 0.444429
      vertex 30.6342 2.13418 0.557711
    endloop
  endfacet
  facet normal 0.571296 0.651348 -0.499367
    outer loop
      vertex 30.5879 2.08794 0.444429
      vertex 30.546 2.21154 0.557711
      vertex 30.6342 2.13418 0.557711
    endloop
  endfacet
  facet normal -0.408794 0.828774 -0.382127
    outer loop
      vertex 17.6568 2.3286 0.557711
      vertex 17.5516 2.27671 0.557711
      vertex 17.6376 2.37485 0.67856
    endloop
  endfacet
  facet normal -0.408652 0.828791 -0.382242
    outer loop
      vertex 17.5516 2.27671 0.557711
      vertex 17.5265 2.32007 0.67856
      vertex 17.6376 2.37485 0.67856
    endloop
  endfacet
  facet normal 0 -0.793354 -0.608761
    outer loop
      vertex 18 -2.25184 0.340653
      vertex 30 -2.33147 0.444429
      vertex 18 -2.33147 0.444429
    endloop
  endfacet
  facet normal 0 -0.793354 -0.608761
    outer loop
      vertex 30 -2.33147 0.444429
      vertex 18 -2.25184 0.340653
      vertex 30 -2.25184 0.340653
    endloop
  endfacet
  facet normal 0 -0.707122 -0.707091
    outer loop
      vertex 18 -2.15935 0.248159
      vertex 30 -2.25184 0.340653
      vertex 18 -2.25184 0.340653
    endloop
  endfacet
  facet normal 0 -0.707122 -0.707091
    outer loop
      vertex 30 -2.25184 0.340653
      vertex 18 -2.15935 0.248159
      vertex 30 -2.15935 0.248159
    endloop
  endfacet
  facet normal -0.169146 -0.849792 -0.499242
    outer loop
      vertex 17.8829 -2.3892 0.557711
      vertex 17.7679 -2.36631 0.557711
      vertex 17.8915 -2.32436 0.444429
    endloop
  endfacet
  facet normal -0.0566333 -0.864636 -0.499197
    outer loop
      vertex 18 -2.39687 0.557711
      vertex 17.8829 -2.3892 0.557711
      vertex 17.8915 -2.32436 0.444429
    endloop
  endfacet
  facet normal -0.989301 -0.0653205 -0.130445
    outer loop
      vertex 17.0107 -1.63025 0.934596
      vertex 17.0021 -1.5 0.934596
      vertex 17.0192 -1.5 0.804909
    endloop
  endfacet
  facet normal 0.751679 0.659529 0
    outer loop
      vertex 30.7917 2.10746 2.5
      vertex 30.7056 2.20559 0.934596
      vertex 30.7056 2.20559 2.5
    endloop
  endfacet
  facet normal 0.751679 0.659529 0
    outer loop
      vertex 30.7056 2.20559 0.934596
      vertex 30.7917 2.10746 2.5
      vertex 30.7917 2.10746 0.934596
    endloop
  endfacet
  facet normal 0.194938 -0.980816 0
    outer loop
      vertex 30.1302 -2.48932 0.934596
      vertex 30.2583 -2.46386 2.5
      vertex 30.1302 -2.48932 2.5
    endloop
  endfacet
  facet normal 0.194938 -0.980816 0
    outer loop
      vertex 30.2583 -2.46386 2.5
      vertex 30.1302 -2.48932 0.934596
      vertex 30.2583 -2.46386 0.934596
    endloop
  endfacet
  facet normal 0.442486 -0.896775 0
    outer loop
      vertex 30.3819 -2.4219 0.934596
      vertex 30.4989 -2.36417 2.5
      vertex 30.3819 -2.4219 2.5
    endloop
  endfacet
  facet normal 0.442486 -0.896775 0
    outer loop
      vertex 30.4989 -2.36417 2.5
      vertex 30.3819 -2.4219 0.934596
      vertex 30.4989 -2.36417 0.934596
    endloop
  endfacet
  facet normal 0.555283 -0.831661 0
    outer loop
      vertex 30.4989 -2.36417 0.934596
      vertex 30.6075 -2.29166 2.5
      vertex 30.4989 -2.36417 2.5
    endloop
  endfacet
  facet normal 0.555283 -0.831661 0
    outer loop
      vertex 30.6075 -2.29166 2.5
      vertex 30.4989 -2.36417 0.934596
      vertex 30.6075 -2.29166 0.934596
    endloop
  endfacet
  facet normal 0.0832389 0.245656 -0.965777
    outer loop
      vertex 30.0747 1.68024 0.0192146
      vertex 30.0505 1.68844 0.0192146
      vertex 30.123 1.79697 0.0530691
    endloop
  endfacet
  facet normal 0.13042 0.009163 -0.991416
    outer loop
      vertex 30.0654 1.5 0.002141
      vertex 30.0648 1.50854 0.002141
      vertex 30.1934 1.52546 0.0192146
    endloop
  endfacet
  facet normal 0.0251301 0.382587 -0.923577
    outer loop
      vertex 30.042 1.81869 0.0530691
      vertex 30 1.94229 0.103127
      vertex 30.0577 1.9385 0.103127
    endloop
  endfacet
  facet normal 0.0250489 0.382565 -0.923589
    outer loop
      vertex 30.042 1.81869 0.0530691
      vertex 30 1.82144 0.0530691
      vertex 30 1.94229 0.103127
    endloop
  endfacet
  facet normal 0.128622 0.0245286 -0.99139
    outer loop
      vertex 30.0648 1.50854 0.002141
      vertex 30.0632 1.51693 0.002141
      vertex 30.1884 1.55049 0.0192146
    endloop
  endfacet
  facet normal 0.0864702 -0.0981223 -0.991411
    outer loop
      vertex 30.1188 -1.65478 0.0192146
      vertex 30.0398 -1.55189 0.002141
      vertex 30.0462 -1.54625 0.002141
    endloop
  endfacet
  facet normal 0.258675 0.0172721 -0.96581
    outer loop
      vertex 30.1951 1.5 0.0192146
      vertex 30.1934 1.52546 0.0192146
      vertex 30.3187 1.54196 0.0530691
    endloop
  endfacet
  facet normal 0.130508 0.00871422 -0.991409
    outer loop
      vertex 30.1951 1.5 0.0192146
      vertex 30.0654 1.5 0.002141
      vertex 30.1934 1.52546 0.0192146
    endloop
  endfacet
  facet normal 0.382434 -0.0246085 -0.923655
    outer loop
      vertex 30.4423 -1.5 0.103127
      vertex 30.3187 -1.54196 0.0530691
      vertex 30.3214 -1.5 0.0530691
    endloop
  endfacet
  facet normal 0.258872 -0.0166577 -0.965768
    outer loop
      vertex 30.3187 -1.54196 0.0530691
      vertex 30.1951 -1.5 0.0192146
      vertex 30.3214 -1.5 0.0530691
    endloop
  endfacet
  facet normal -0.123594 -0.0427239 -0.991413
    outer loop
      vertex 17.9396 -1.52503 0.002141
      vertex 17.8198 -1.57466 0.0192146
      vertex 17.9368 -1.51693 0.002141
    endloop
  endfacet
  facet normal 0.0864368 0.0981536 -0.99141
    outer loop
      vertex 30.1379 1.63795 0.0192146
      vertex 30.0462 1.54625 0.002141
      vertex 30.1188 1.65477 0.0192146
    endloop
  endfacet
  facet normal 0.491221 0.0978286 -0.865524
    outer loop
      vertex 30.4385 1.55773 0.103127
      vertex 30.4272 1.61447 0.103127
      vertex 30.5366 1.64379 0.16853
    endloop
  endfacet
  facet normal 0.37605 0.0748919 -0.923568
    outer loop
      vertex 30.4385 1.55773 0.103127
      vertex 30.3187 1.54196 0.0530691
      vertex 30.4272 1.61447 0.103127
    endloop
  endfacet
  facet normal 0.609037 0 -0.793142
    outer loop
      vertex 30.5556 -1.5 0.16853
      vertex 30.6593 1.5 0.248159
      vertex 30.6593 -1.5 0.248159
    endloop
  endfacet
  facet normal 0.609037 0 -0.793142
    outer loop
      vertex 30.6593 1.5 0.248159
      vertex 30.5556 -1.5 0.16853
      vertex 30.5556 1.5 0.16853
    endloop
  endfacet
  facet normal 0.98088 -0.194613 0
    outer loop
      vertex 30.9639 -1.75827 2.5
      vertex 30.9893 -1.63025 0.934596
      vertex 30.9893 -1.63025 2.5
    endloop
  endfacet
  facet normal 0.98088 -0.194613 0
    outer loop
      vertex 30.9893 -1.63025 0.934596
      vertex 30.9639 -1.75827 2.5
      vertex 30.9639 -1.75827 0.934596
    endloop
  endfacet
  facet normal 0.98938 -0.0649179 -0.130046
    outer loop
      vertex 30.9893 -1.63025 0.934596
      vertex 30.9724 -1.62802 0.804909
      vertex 30.9808 -1.5 0.804909
    endloop
  endfacet
  facet normal 0.972517 -0.192954 -0.130309
    outer loop
      vertex 30.9639 -1.75827 0.934596
      vertex 30.9474 -1.75385 0.804909
      vertex 30.9893 -1.63025 0.934596
    endloop
  endfacet
  facet normal 0.972499 -0.193217 -0.130052
    outer loop
      vertex 30.9893 -1.63025 0.934596
      vertex 30.9474 -1.75385 0.804909
      vertex 30.9724 -1.62802 0.804909
    endloop
  endfacet
  facet normal 0.376266 -0.330422 -0.86559
    outer loop
      vertex 30.4408 -1.83821 0.16853
      vertex 30.3127 -1.81275 0.103127
      vertex 30.3509 -1.76925 0.103127
    endloop
  endfacet
  facet normal 0.531958 -0.466921 -0.706403
    outer loop
      vertex 30.5316 -2.03163 0.340653
      vertex 30.5231 -1.90138 0.248159
      vertex 30.5965 -1.95769 0.340653
    endloop
  endfacet
  facet normal 0.76814 -0.513883 -0.38195
    outer loop
      vertex 30.7512 -2.07646 0.67856
      vertex 30.7115 -2.04598 0.557711
      vertex 30.8201 -1.97347 0.67856
    endloop
  endfacet
  facet normal 0.726537 -0.636656 -0.258482
    outer loop
      vertex 30.7781 -2.09706 0.804909
      vertex 30.6696 -2.16958 0.67856
      vertex 30.7512 -2.07646 0.67856
    endloop
  endfacet
  facet normal 0.383446 -0.777094 -0.499093
    outer loop
      vertex 30.3432 -2.3286 0.557711
      vertex 30.3182 -2.26818 0.444429
      vertex 30.4157 -2.22007 0.444429
    endloop
  endfacet
  facet normal 0.609419 -0.69471 -0.382082
    outer loop
      vertex 30.5765 -2.25125 0.67856
      vertex 30.546 -2.21154 0.557711
      vertex 30.6696 -2.16958 0.67856
    endloop
  endfacet
  facet normal 0.0566333 0.864636 -0.499197
    outer loop
      vertex 30.1085 2.32436 0.444429
      vertex 30 2.39687 0.557711
      vertex 30.1171 2.3892 0.557711
    endloop
  endfacet
  facet normal 0.0604035 0.922197 -0.381975
    outer loop
      vertex 30.1171 2.3892 0.557711
      vertex 30 2.39687 0.557711
      vertex 30.1236 2.43883 0.67856
    endloop
  endfacet
  facet normal 0.963931 0.0631702 -0.258548
    outer loop
      vertex 30.9469 1.5 0.67856
      vertex 30.9388 1.6236 0.67856
      vertex 30.9724 1.62802 0.804909
    endloop
  endfacet
  facet normal 0.507055 0.338149 -0.792812
    outer loop
      vertex 30.4811 1.77778 0.16853
      vertex 30.4408 1.83821 0.16853
      vertex 30.571 1.82967 0.248159
    endloop
  endfacet
  facet normal 0.546406 0.269975 -0.792814
    outer loop
      vertex 30.5133 1.71261 0.16853
      vertex 30.4811 1.77778 0.16853
      vertex 30.571 1.82967 0.248159
    endloop
  endfacet
  facet normal 0.376236 0.330515 -0.865567
    outer loop
      vertex 30.4408 1.83821 0.16853
      vertex 30.3127 1.81275 0.103127
      vertex 30.3928 1.89285 0.16853
    endloop
  endfacet
  facet normal 0.33031 0.376434 -0.865559
    outer loop
      vertex 30.3928 1.89285 0.16853
      vertex 30.3127 1.81275 0.103127
      vertex 30.3382 1.94076 0.16853
    endloop
  endfacet
  facet normal 0.720349 0.481513 -0.499242
    outer loop
      vertex 30.7767 1.94844 0.557711
      vertex 30.6596 2.00617 0.444429
      vertex 30.7115 2.04598 0.557711
    endloop
  endfacet
  facet normal 0.588639 0.39305 -0.706411
    outer loop
      vertex 30.6511 1.87592 0.340653
      vertex 30.5231 1.90138 0.248159
      vertex 30.5965 1.95769 0.340653
    endloop
  endfacet
  facet normal 0.221853 0.44908 -0.86551
    outer loop
      vertex 30.2211 1.88303 0.103127
      vertex 30.1693 1.90862 0.103127
      vertex 30.2126 2.01328 0.16853
    endloop
  endfacet
  facet normal 0.278271 0.416235 -0.865629
    outer loop
      vertex 30.3382 1.94076 0.16853
      vertex 30.2211 1.88303 0.103127
      vertex 30.2778 1.98114 0.16853
    endloop
  endfacet
  facet normal 0.393395 0.588615 -0.706239
    outer loop
      vertex 30.4014 2.02309 0.248159
      vertex 30.3297 2.07101 0.248159
      vertex 30.3759 2.15111 0.340653
    endloop
  endfacet
  facet normal 0.531958 0.466921 -0.706403
    outer loop
      vertex 30.5965 1.95769 0.340653
      vertex 30.5231 1.90138 0.248159
      vertex 30.5316 2.03163 0.340653
    endloop
  endfacet
  facet normal 0.227581 0.670288 -0.706343
    outer loop
      vertex 30.2523 2.10916 0.248159
      vertex 30.1946 2.22622 0.340653
      vertex 30.2877 2.19461 0.340653
    endloop
  endfacet
  facet normal 0.313109 0.634856 -0.706343
    outer loop
      vertex 30.3759 2.15111 0.340653
      vertex 30.2523 2.10916 0.248159
      vertex 30.2877 2.19461 0.340653
    endloop
  endfacet
  facet normal 0.597692 0.118705 -0.792889
    outer loop
      vertex 30.6537 1.58606 0.248159
      vertex 30.5366 1.64379 0.16853
      vertex 30.6369 1.67065 0.248159
    endloop
  endfacet
  facet normal 0.577164 0.195407 -0.792905
    outer loop
      vertex 30.5366 1.64379 0.16853
      vertex 30.5133 1.71261 0.16853
      vertex 30.6369 1.67065 0.248159
    endloop
  endfacet
  facet normal 0.906384 0.179814 -0.382275
    outer loop
      vertex 30.9388 1.6236 0.67856
      vertex 30.8663 1.73213 0.557711
      vertex 30.9147 1.74508 0.67856
    endloop
  endfacet
  facet normal 0.820449 0.278431 -0.49934
    outer loop
      vertex 30.8663 1.73213 0.557711
      vertex 30.8031 1.7152 0.444429
      vertex 30.8286 1.84322 0.557711
    endloop
  endfacet
  facet normal 0.720289 0.481839 -0.499014
    outer loop
      vertex 30.7201 1.91573 0.444429
      vertex 30.6596 2.00617 0.444429
      vertex 30.7767 1.94844 0.557711
    endloop
  endfacet
  facet normal 0.659856 0.441412 -0.608066
    outer loop
      vertex 30.7201 1.91573 0.444429
      vertex 30.6511 1.87592 0.340653
      vertex 30.6596 2.00617 0.444429
    endloop
  endfacet
  facet normal 0.695117 0.609058 -0.381916
    outer loop
      vertex 30.7115 2.04598 0.557711
      vertex 30.6696 2.16958 0.67856
      vertex 30.7512 2.07645 0.67856
    endloop
  endfacet
  facet normal 0.824407 0.550719 -0.130618
    outer loop
      vertex 30.8642 1.99893 0.934596
      vertex 30.7781 2.09706 0.804909
      vertex 30.7917 2.10746 0.934596
    endloop
  endfacet
  facet normal -0.69501 -0.609119 -0.382015
    outer loop
      vertex 17.3304 -2.16958 0.67856
      vertex 17.2885 -2.04598 0.557711
      vertex 17.3658 -2.13418 0.557711
    endloop
  endfacet
  facet normal -0.609384 -0.694773 -0.382023
    outer loop
      vertex 17.454 -2.21154 0.557711
      vertex 17.3304 -2.16958 0.67856
      vertex 17.3658 -2.13418 0.557711
    endloop
  endfacet
  facet normal -0.824407 -0.550719 -0.130618
    outer loop
      vertex 17.2083 -2.10746 0.934596
      vertex 17.1358 -1.99893 0.934596
      vertex 17.2219 -2.09706 0.804909
    endloop
  endfacet
  facet normal -0.803198 -0.536871 -0.258154
    outer loop
      vertex 17.2219 -2.09706 0.804909
      vertex 17.1506 -1.99039 0.804909
      vertex 17.1799 -1.97347 0.67856
    endloop
  endfacet
  facet normal -0.363155 0.123119 -0.923558
    outer loop
      vertex 17.6895 1.58319 0.0530691
      vertex 17.5728 1.61447 0.103127
      vertex 17.703 1.62301 0.0530691
    endloop
  endfacet
  facet normal -0.254248 0.050566 -0.965816
    outer loop
      vertex 17.8116 1.55049 0.0192146
      vertex 17.6813 1.54196 0.0530691
      vertex 17.6895 1.58319 0.0530691
    endloop
  endfacet
  facet normal -0.108653 0.0727086 -0.991417
    outer loop
      vertex 17.9434 1.5327 0.002141
      vertex 17.831 1.59754 0.0192146
      vertex 17.8452 1.61876 0.0192146
    endloop
  endfacet
  facet normal -0.215567 0.144253 -0.965775
    outer loop
      vertex 17.831 1.59754 0.0192146
      vertex 17.745 1.69568 0.0530691
      vertex 17.8452 1.61876 0.0192146
    endloop
  endfacet
  facet normal -0.0506632 0.254333 -0.965789
    outer loop
      vertex 17.9745 1.69342 0.0192146
      vertex 17.9495 1.68844 0.0192146
      vertex 17.958 1.81869 0.0530691
    endloop
  endfacet
  facet normal 0.123928 -0.0420442 -0.9914
    outer loop
      vertex 30.1802 -1.57466 0.0192146
      vertex 30.0632 -1.51693 0.002141
      vertex 30.1884 -1.55049 0.0192146
    endloop
  endfacet
  facet normal 0.0419742 -0.123875 -0.99141
    outer loop
      vertex 30.0505 -1.68844 0.0192146
      vertex 30.0169 -1.56318 0.002141
      vertex 30.0747 -1.68024 0.0192146
    endloop
  endfacet
  facet normal 0 0.258813 -0.965928
    outer loop
      vertex 18 1.69509 0.0192146
      vertex 30 1.82144 0.0530691
      vertex 30 1.69509 0.0192146
    endloop
  endfacet
  facet normal 0 0.258813 -0.965928
    outer loop
      vertex 30 1.82144 0.0530691
      vertex 18 1.69509 0.0192146
      vertex 18 1.82144 0.0530691
    endloop
  endfacet
  facet normal -0.123928 0.0420442 -0.9914
    outer loop
      vertex 17.9368 1.51693 0.002141
      vertex 17.8116 1.55049 0.0192146
      vertex 17.8198 1.57466 0.0192146
    endloop
  endfacet
  facet normal -0.13042 0.009163 -0.991416
    outer loop
      vertex 17.9346 1.5 0.002141
      vertex 17.8066 1.52546 0.0192146
      vertex 17.9352 1.50854 0.002141
    endloop
  endfacet
  facet normal -0.130513 0 -0.991447
    outer loop
      vertex 17.8049 -1.5 0.0192146
      vertex 17.9346 1.5 0.002141
      vertex 17.9346 -1.5 0.002141
    endloop
  endfacet
  facet normal -0.130513 0 -0.991447
    outer loop
      vertex 17.9346 1.5 0.002141
      vertex 17.8049 -1.5 0.0192146
      vertex 17.8049 1.5 0.0192146
    endloop
  endfacet
  facet normal -0.448999 -0.221557 -0.865628
    outer loop
      vertex 17.617 -1.72114 0.103127
      vertex 17.4867 -1.71261 0.16853
      vertex 17.5914 -1.66926 0.103127
    endloop
  endfacet
  facet normal -0.474099 -0.160946 -0.865636
    outer loop
      vertex 17.5914 -1.66926 0.103127
      vertex 17.4867 -1.71261 0.16853
      vertex 17.5728 -1.61447 0.103127
    endloop
  endfacet
  facet normal -0.0864702 -0.0981223 -0.991411
    outer loop
      vertex 17.9602 -1.55189 0.002141
      vertex 17.8812 -1.65478 0.0192146
      vertex 17.9538 -1.54625 0.002141
    endloop
  endfacet
  facet normal -0.254248 -0.050566 -0.965816
    outer loop
      vertex 17.6895 -1.58319 0.0530691
      vertex 17.6813 -1.54196 0.0530691
      vertex 17.8116 -1.55049 0.0192146
    endloop
  endfacet
  facet normal -0.24547 -0.0832789 -0.965821
    outer loop
      vertex 17.8198 -1.57466 0.0192146
      vertex 17.703 -1.62301 0.0530691
      vertex 17.8116 -1.55049 0.0192146
    endloop
  endfacet
  facet normal -0.108634 -0.0727303 -0.991418
    outer loop
      vertex 17.8452 -1.61876 0.0192146
      vertex 17.831 -1.59755 0.0192146
      vertex 17.9434 -1.5327 0.002141
    endloop
  endfacet
  facet normal -0.0832389 -0.245656 -0.965777
    outer loop
      vertex 17.9495 -1.68844 0.0192146
      vertex 17.877 -1.79697 0.0530691
      vertex 17.9253 -1.68024 0.0192146
    endloop
  endfacet
  facet normal -0.115111 -0.232466 -0.965769
    outer loop
      vertex 17.9253 -1.68024 0.0192146
      vertex 17.877 -1.79697 0.0530691
      vertex 17.9025 -1.66895 0.0192146
    endloop
  endfacet
  facet normal -0.0834113 -0.245545 -0.96579
    outer loop
      vertex 17.9168 -1.81049 0.0530691
      vertex 17.877 -1.79697 0.0530691
      vertex 17.9495 -1.68844 0.0192146
    endloop
  endfacet
  facet normal -0.143668 -0.215959 -0.965775
    outer loop
      vertex 17.9025 -1.66895 0.0192146
      vertex 17.8043 -1.75502 0.0530691
      vertex 17.8812 -1.65478 0.0192146
    endloop
  endfacet
  facet normal -0.170955 -0.195029 -0.965784
    outer loop
      vertex 17.8812 -1.65478 0.0192146
      vertex 17.8043 -1.75502 0.0530691
      vertex 17.862 -1.63795 0.0192146
    endloop
  endfacet
  facet normal -0.0727171 0.108693 -0.991412
    outer loop
      vertex 17.9602 1.55189 0.002141
      vertex 17.8812 1.65477 0.0192146
      vertex 17.9673 1.55664 0.002141
    endloop
  endfacet
  facet normal 0.117231 0.0580807 -0.991405
    outer loop
      vertex 30.0604 1.52503 0.002141
      vertex 30.0566 1.5327 0.002141
      vertex 30.1802 1.57466 0.0192146
    endloop
  endfacet
  facet normal -0.793095 0 -0.609097
    outer loop
      vertex 17.2482 -1.5 0.340653
      vertex 17.1685 1.5 0.444429
      vertex 17.2482 1.5 0.340653
    endloop
  endfacet
  facet normal -0.793095 -0 -0.609097
    outer loop
      vertex 17.1685 1.5 0.444429
      vertex 17.2482 -1.5 0.340653
      vertex 17.1685 -1.5 0.444429
    endloop
  endfacet
  facet normal -0.79203 -0.0518144 -0.608279
    outer loop
      vertex 17.1756 -1.60853 0.444429
      vertex 17.1685 -1.5 0.444429
      vertex 17.2482 -1.5 0.340653
    endloop
  endfacet
  facet normal -0.69426 -0.13819 -0.706333
    outer loop
      vertex 17.2738 -1.69459 0.340653
      vertex 17.2546 -1.59813 0.340653
      vertex 17.3463 -1.58606 0.248159
    endloop
  endfacet
  facet normal -0.778523 -0.154962 -0.608184
    outer loop
      vertex 17.2738 -1.69459 0.340653
      vertex 17.1756 -1.60853 0.444429
      vertex 17.2546 -1.59813 0.340653
    endloop
  endfacet
  facet normal 0.255193 -0.751855 -0.60794
    outer loop
      vertex 30.2152 -2.30314 0.444429
      vertex 30.1946 -2.22622 0.340653
      vertex 30.3182 -2.26818 0.444429
    endloop
  endfacet
  facet normal 0.255255 -0.751794 -0.60799
    outer loop
      vertex 30.3182 -2.26818 0.444429
      vertex 30.1946 -2.22622 0.340653
      vertex 30.2877 -2.19461 0.340653
    endloop
  endfacet
  facet normal 0.161021 -0.47424 -0.865545
    outer loop
      vertex 30.1438 -2.03664 0.16853
      vertex 30.1145 -1.92722 0.103127
      vertex 30.2126 -2.01328 0.16853
    endloop
  endfacet
  facet normal 0.195969 -0.577168 -0.792763
    outer loop
      vertex 30.1707 -2.13688 0.248159
      vertex 30.1438 -2.03664 0.16853
      vertex 30.2126 -2.01328 0.16853
    endloop
  endfacet
  facet normal 0.0976376 -0.491215 -0.865549
    outer loop
      vertex 30.1438 -2.03664 0.16853
      vertex 30.0577 -1.93851 0.103127
      vertex 30.1145 -1.92722 0.103127
    endloop
  endfacet
  facet normal 0.196072 -0.577181 -0.792728
    outer loop
      vertex 30.2523 -2.10916 0.248159
      vertex 30.1707 -2.13688 0.248159
      vertex 30.2126 -2.01328 0.16853
    endloop
  endfacet
  facet normal 0.221853 -0.44908 -0.86551
    outer loop
      vertex 30.2126 -2.01328 0.16853
      vertex 30.1693 -1.90862 0.103127
      vertex 30.2211 -1.88303 0.103127
    endloop
  endfacet
  facet normal 0.269518 -0.546751 -0.792732
    outer loop
      vertex 30.3297 -2.07101 0.248159
      vertex 30.2126 -2.01328 0.16853
      vertex 30.2778 -1.98114 0.16853
    endloop
  endfacet
  facet normal -0.18845 -0.947523 -0.258238
    outer loop
      vertex 17.872 -2.47239 0.804909
      vertex 17.7462 -2.44737 0.804909
      vertex 17.8764 -2.43883 0.67856
    endloop
  endfacet
  facet normal -0.0631754 -0.964009 -0.258254
    outer loop
      vertex 18 -2.44693 0.67856
      vertex 17.872 -2.47239 0.804909
      vertex 17.8764 -2.43883 0.67856
    endloop
  endfacet
  facet normal 0 -0.965916 -0.258854
    outer loop
      vertex 18 -2.44693 0.67856
      vertex 30 -2.48079 0.804909
      vertex 18 -2.48079 0.804909
    endloop
  endfacet
  facet normal 0 -0.965916 -0.258854
    outer loop
      vertex 30 -2.48079 0.804909
      vertex 18 -2.44693 0.67856
      vertex 30 -2.44693 0.67856
    endloop
  endfacet
  facet normal 0.0649262 -0.989352 -0.130256
    outer loop
      vertex 30.1302 -2.48932 0.934596
      vertex 30 -2.48079 0.804909
      vertex 30.128 -2.47239 0.804909
    endloop
  endfacet
  facet normal 0 -0.991448 -0.130499
    outer loop
      vertex 18 -2.48079 0.804909
      vertex 30 -2.49786 0.934596
      vertex 18 -2.49786 0.934596
    endloop
  endfacet
  facet normal 0 -0.991448 -0.130499
    outer loop
      vertex 30 -2.49786 0.934596
      vertex 18 -2.48079 0.804909
      vertex 30 -2.48079 0.804909
    endloop
  endfacet
  facet normal 0.180414 -0.906405 -0.381944
    outer loop
      vertex 30.1236 -2.43883 0.67856
      vertex 30.1171 -2.3892 0.557711
      vertex 30.2321 -2.36631 0.557711
    endloop
  endfacet
  facet normal 0.0604035 -0.922197 -0.381975
    outer loop
      vertex 30.1236 -2.43883 0.67856
      vertex 30 -2.39687 0.557711
      vertex 30.1171 -2.3892 0.557711
    endloop
  endfacet
  facet normal 0.637212 -0.726176 -0.258126
    outer loop
      vertex 30.6935 -2.19352 0.804909
      vertex 30.5971 -2.27811 0.804909
      vertex 30.6696 -2.16958 0.67856
    endloop
  endfacet
  facet normal 0.65394 -0.74524 -0.130306
    outer loop
      vertex 30.6075 -2.29166 0.934596
      vertex 30.5971 -2.27811 0.804909
      vertex 30.6935 -2.19352 0.804909
    endloop
  endfacet
  facet normal -0.221383 -0.449104 -0.865618
    outer loop
      vertex 17.7874 -2.01328 0.16853
      vertex 17.7222 -1.98114 0.16853
      vertex 17.7789 -1.88303 0.103127
    endloop
  endfacet
  facet normal -0.212904 -0.318992 -0.923535
    outer loop
      vertex 17.8393 -1.77838 0.0530691
      vertex 17.7308 -1.85089 0.103127
      vertex 17.8043 -1.75502 0.0530691
    endloop
  endfacet
  facet normal -0.376236 -0.330515 -0.865567
    outer loop
      vertex 17.6072 -1.89285 0.16853
      vertex 17.5592 -1.83821 0.16853
      vertex 17.6873 -1.81275 0.103127
    endloop
  endfacet
  facet normal -0.376266 -0.330422 -0.86559
    outer loop
      vertex 17.6873 -1.81275 0.103127
      vertex 17.5592 -1.83821 0.16853
      vertex 17.6491 -1.76925 0.103127
    endloop
  endfacet
  facet normal -0.169579 -0.343901 -0.923567
    outer loop
      vertex 17.877 -1.79697 0.0530691
      vertex 17.7789 -1.88303 0.103127
      vertex 17.8393 -1.77838 0.0530691
    endloop
  endfacet
  facet normal -0.169787 -0.343688 -0.923608
    outer loop
      vertex 17.8307 -1.90862 0.103127
      vertex 17.7789 -1.88303 0.103127
      vertex 17.877 -1.79697 0.0530691
    endloop
  endfacet
  facet normal 0.0834113 -0.245545 -0.96579
    outer loop
      vertex 30.0832 -1.81049 0.0530691
      vertex 30.0505 -1.68844 0.0192146
      vertex 30.123 -1.79697 0.0530691
    endloop
  endfacet
  facet normal 0.169579 -0.343901 -0.923567
    outer loop
      vertex 30.2211 -1.88303 0.103127
      vertex 30.123 -1.79697 0.0530691
      vertex 30.1607 -1.77838 0.0530691
    endloop
  endfacet
  facet normal 0.114676 -0.23256 -0.965798
    outer loop
      vertex 30.123 -1.79697 0.0530691
      vertex 30.0975 -1.66895 0.0192146
      vertex 30.1607 -1.77838 0.0530691
    endloop
  endfacet
  facet normal 0.416539 -0.277924 -0.865594
    outer loop
      vertex 30.4408 -1.83821 0.16853
      vertex 30.3509 -1.76925 0.103127
      vertex 30.383 -1.72114 0.103127
    endloop
  endfacet
  facet normal 0.41661 -0.277878 -0.865575
    outer loop
      vertex 30.4408 -1.83821 0.16853
      vertex 30.383 -1.72114 0.103127
      vertex 30.4811 -1.77779 0.16853
    endloop
  endfacet
  facet normal 0.597692 -0.118705 -0.792889
    outer loop
      vertex 30.6369 -1.67065 0.248159
      vertex 30.5366 -1.64379 0.16853
      vertex 30.6537 -1.58606 0.248159
    endloop
  endfacet
  facet normal 0.670508 -0.227511 -0.706157
    outer loop
      vertex 30.6946 -1.78772 0.340653
      vertex 30.6092 -1.75232 0.248159
      vertex 30.7262 -1.69459 0.340653
    endloop
  endfacet
  facet normal -0.109143 -0.0721477 -0.991404
    outer loop
      vertex 17.9481 -1.53981 0.002141
      vertex 17.8452 -1.61876 0.0192146
      vertex 17.9434 -1.5327 0.002141
    endloop
  endfacet
  facet normal 0.0834113 0.245545 -0.96579
    outer loop
      vertex 30.123 1.79697 0.0530691
      vertex 30.0505 1.68844 0.0192146
      vertex 30.0832 1.81049 0.0530691
    endloop
  endfacet
  facet normal 0.171487 -0.194617 -0.965772
    outer loop
      vertex 30.1957 -1.75502 0.0530691
      vertex 30.1188 -1.65478 0.0192146
      vertex 30.1379 -1.63795 0.0192146
    endloop
  endfacet
  facet normal 0.143668 -0.215959 -0.965775
    outer loop
      vertex 30.1957 -1.75502 0.0530691
      vertex 30.0975 -1.66895 0.0192146
      vertex 30.1188 -1.65478 0.0192146
    endloop
  endfacet
  facet normal -0.0419712 0.123866 -0.991411
    outer loop
      vertex 17.9831 1.56317 0.002141
      vertex 17.9253 1.68024 0.0192146
      vertex 17.9495 1.68844 0.0192146
    endloop
  endfacet
  facet normal 0.171426 0.194664 -0.965774
    outer loop
      vertex 30.1379 1.63795 0.0192146
      vertex 30.1188 1.65477 0.0192146
      vertex 30.1957 1.75501 0.0530691
    endloop
  endfacet
  facet normal 0.194986 -0.170867 -0.965808
    outer loop
      vertex 30.2273 -1.72729 0.0530691
      vertex 30.1379 -1.63795 0.0192146
      vertex 30.255 -1.69568 0.0530691
    endloop
  endfacet
  facet normal 0.288421 -0.252745 -0.923544
    outer loop
      vertex 30.3127 -1.81275 0.103127
      vertex 30.2273 -1.72729 0.0530691
      vertex 30.255 -1.69568 0.0530691
    endloop
  endfacet
  facet normal 0.232615 -0.114735 -0.965777
    outer loop
      vertex 30.2784 -1.66072 0.0530691
      vertex 30.169 -1.59755 0.0192146
      vertex 30.297 -1.62301 0.0530691
    endloop
  endfacet
  facet normal 0.215555 -0.144279 -0.965774
    outer loop
      vertex 30.255 -1.69568 0.0530691
      vertex 30.169 -1.59755 0.0192146
      vertex 30.2784 -1.66072 0.0530691
    endloop
  endfacet
  facet normal 0.499755 -0.0328957 -0.865542
    outer loop
      vertex 30.5508 -1.57252 0.16853
      vertex 30.4385 -1.55773 0.103127
      vertex 30.4423 -1.5 0.103127
    endloop
  endfacet
  facet normal 0.499665 -0.0330721 -0.865587
    outer loop
      vertex 30.5508 -1.57252 0.16853
      vertex 30.4423 -1.5 0.103127
      vertex 30.5556 -1.5 0.16853
    endloop
  endfacet
  facet normal 0.778658 -0.155483 -0.607879
    outer loop
      vertex 30.8031 -1.7152 0.444429
      vertex 30.7262 -1.69459 0.340653
      vertex 30.8244 -1.60853 0.444429
    endloop
  endfacet
  facet normal 0.712031 -0.351088 -0.60807
    outer loop
      vertex 30.7201 -1.91574 0.444429
      vertex 30.6946 -1.78772 0.340653
      vertex 30.7682 -1.81819 0.444429
    endloop
  endfacet
  facet normal 0.252827 0.288358 -0.923541
    outer loop
      vertex 30.3127 1.81275 0.103127
      vertex 30.1957 1.75501 0.0530691
      vertex 30.2692 1.85089 0.103127
    endloop
  endfacet
  facet normal 0.170969 0.194899 -0.965807
    outer loop
      vertex 30.2273 1.72729 0.0530691
      vertex 30.1379 1.63795 0.0192146
      vertex 30.1957 1.75501 0.0530691
    endloop
  endfacet
  facet normal 0.416539 0.277924 -0.865594
    outer loop
      vertex 30.383 1.72114 0.103127
      vertex 30.3509 1.76925 0.103127
      vertex 30.4408 1.83821 0.16853
    endloop
  endfacet
  facet normal 0.343968 0.169658 -0.923527
    outer loop
      vertex 30.297 1.62301 0.0530691
      vertex 30.2784 1.66072 0.0530691
      vertex 30.383 1.72114 0.103127
    endloop
  endfacet
  facet normal -0.161021 0.47424 -0.865545
    outer loop
      vertex 17.8855 1.92722 0.103127
      vertex 17.7874 2.01328 0.16853
      vertex 17.8562 2.03664 0.16853
    endloop
  endfacet
  facet normal -0.195969 0.577168 -0.792763
    outer loop
      vertex 17.8562 2.03664 0.16853
      vertex 17.7874 2.01328 0.16853
      vertex 17.8293 2.13688 0.248159
    endloop
  endfacet
  facet normal -0.313109 0.634856 -0.706343
    outer loop
      vertex 17.7477 2.10916 0.248159
      vertex 17.6241 2.15111 0.340653
      vertex 17.7123 2.19461 0.340653
    endloop
  endfacet
  facet normal -0.351317 0.71198 -0.607997
    outer loop
      vertex 17.7123 2.19461 0.340653
      vertex 17.5843 2.22007 0.444429
      vertex 17.6818 2.26818 0.444429
    endloop
  endfacet
  facet normal -0.221853 0.44908 -0.86551
    outer loop
      vertex 17.8307 1.90862 0.103127
      vertex 17.7789 1.88303 0.103127
      vertex 17.7874 2.01328 0.16853
    endloop
  endfacet
  facet normal -0.160978 0.474279 -0.865532
    outer loop
      vertex 17.8307 1.90862 0.103127
      vertex 17.7874 2.01328 0.16853
      vertex 17.8855 1.92722 0.103127
    endloop
  endfacet
  facet normal -0.318543 0.213213 -0.923618
    outer loop
      vertex 17.7216 1.66072 0.0530691
      vertex 17.6491 1.76925 0.103127
      vertex 17.745 1.69568 0.0530691
    endloop
  endfacet
  facet normal -0.288049 0.252953 -0.923603
    outer loop
      vertex 17.745 1.69568 0.0530691
      vertex 17.6491 1.76925 0.103127
      vertex 17.6873 1.81275 0.103127
    endloop
  endfacet
  facet normal -0.458284 0.402103 -0.792647
    outer loop
      vertex 17.5592 1.83821 0.16853
      vertex 17.4769 1.90138 0.248159
      vertex 17.5338 1.96623 0.248159
    endloop
  endfacet
  facet normal -0.143947 0.215674 -0.965797
    outer loop
      vertex 17.9025 1.66895 0.0192146
      vertex 17.8043 1.75501 0.0530691
      vertex 17.8393 1.77837 0.0530691
    endloop
  endfacet
  facet normal -0.0724912 0.10889 -0.991407
    outer loop
      vertex 17.9673 1.55664 0.002141
      vertex 17.8812 1.65477 0.0192146
      vertex 17.9025 1.66895 0.0192146
    endloop
  endfacet
  facet normal -0.171052 0.194995 -0.965773
    outer loop
      vertex 17.862 1.63795 0.0192146
      vertex 17.7727 1.72729 0.0530691
      vertex 17.8043 1.75501 0.0530691
    endloop
  endfacet
  facet normal -0.330107 0.376499 -0.865608
    outer loop
      vertex 17.6873 1.81275 0.103127
      vertex 17.6618 1.94076 0.16853
      vertex 17.7308 1.85089 0.103127
    endloop
  endfacet
  facet normal -0.33031 0.376434 -0.865559
    outer loop
      vertex 17.6873 1.81275 0.103127
      vertex 17.6072 1.89285 0.16853
      vertex 17.6618 1.94076 0.16853
    endloop
  endfacet
  facet normal -0.506985 0.33865 -0.792643
    outer loop
      vertex 17.5592 1.83821 0.16853
      vertex 17.429 1.82967 0.248159
      vertex 17.4769 1.90138 0.248159
    endloop
  endfacet
  facet normal -0.532095 0.466865 -0.706337
    outer loop
      vertex 17.4769 1.90138 0.248159
      vertex 17.4684 2.03163 0.340653
      vertex 17.5338 1.96623 0.248159
    endloop
  endfacet
  facet normal -0.31902 0.212857 -0.923536
    outer loop
      vertex 17.7216 1.66072 0.0530691
      vertex 17.617 1.72114 0.103127
      vertex 17.6491 1.76925 0.103127
    endloop
  endfacet
  facet normal -0.343919 0.169706 -0.923536
    outer loop
      vertex 17.703 1.62301 0.0530691
      vertex 17.5914 1.66926 0.103127
      vertex 17.617 1.72114 0.103127
    endloop
  endfacet
  facet normal -0.608542 0.0402786 -0.792498
    outer loop
      vertex 17.4444 1.5 0.16853
      vertex 17.3407 1.5 0.248159
      vertex 17.4492 1.57252 0.16853
    endloop
  endfacet
  facet normal -0.79203 0.0518144 -0.608279
    outer loop
      vertex 17.2482 1.5 0.340653
      vertex 17.1685 1.5 0.444429
      vertex 17.1756 1.60853 0.444429
    endloop
  endfacet
  facet normal -0.71198 0.351147 -0.608096
    outer loop
      vertex 17.3054 1.78772 0.340653
      vertex 17.2799 1.91573 0.444429
      vertex 17.3489 1.87592 0.340653
    endloop
  endfacet
  facet normal -0.577164 0.195407 -0.792905
    outer loop
      vertex 17.4634 1.64379 0.16853
      vertex 17.3631 1.67065 0.248159
      vertex 17.4867 1.71261 0.16853
    endloop
  endfacet
  facet normal -0.864763 0.0568826 -0.498948
    outer loop
      vertex 17.1756 1.60853 0.444429
      vertex 17.1031 1.5 0.557711
      vertex 17.1108 1.61706 0.557711
    endloop
  endfacet
  facet normal -0.792116 0.0516615 -0.60818
    outer loop
      vertex 17.2482 1.5 0.340653
      vertex 17.1756 1.60853 0.444429
      vertex 17.2546 1.59813 0.340653
    endloop
  endfacet
  facet normal -0.63501 0.313185 -0.706171
    outer loop
      vertex 17.3908 1.75232 0.248159
      vertex 17.3054 1.78772 0.340653
      vertex 17.3489 1.87592 0.340653
    endloop
  endfacet
  facet normal -0.828719 0.408767 -0.382275
    outer loop
      vertex 17.1714 1.84322 0.557711
      vertex 17.1251 1.86237 0.67856
      vertex 17.2233 1.94844 0.557711
    endloop
  endfacet
  facet normal -0.828715 0.4088 -0.382249
    outer loop
      vertex 17.2233 1.94844 0.557711
      vertex 17.1251 1.86237 0.67856
      vertex 17.1799 1.97346 0.67856
    endloop
  endfacet
  facet normal -0.824407 0.550719 -0.130618
    outer loop
      vertex 17.2219 2.09706 0.804909
      vertex 17.1358 1.99893 0.934596
      vertex 17.2083 2.10746 0.934596
    endloop
  endfacet
  facet normal -0.745375 0.653729 -0.13059
    outer loop
      vertex 17.2219 2.09706 0.804909
      vertex 17.2083 2.10746 0.934596
      vertex 17.3065 2.19352 0.804909
    endloop
  endfacet
  facet normal -0.65947 0.751731 0
    outer loop
      vertex 17.3925 2.29165 0.934596
      vertex 17.2944 2.20559 2.5
      vertex 17.3925 2.29165 2.5
    endloop
  endfacet
  facet normal -0.65947 0.751731 0
    outer loop
      vertex 17.2944 2.20559 2.5
      vertex 17.3925 2.29165 0.934596
      vertex 17.2944 2.20559 0.934596
    endloop
  endfacet
  facet normal -0.653841 0.745315 -0.130371
    outer loop
      vertex 17.3065 2.19352 0.804909
      vertex 17.2944 2.20559 0.934596
      vertex 17.3925 2.29165 0.934596
    endloop
  endfacet
  facet normal -0.536709 0.803269 -0.258269
    outer loop
      vertex 17.4235 2.25125 0.67856
      vertex 17.4029 2.27811 0.804909
      vertex 17.5265 2.32007 0.67856
    endloop
  endfacet
  facet normal -0.637082 0.726243 -0.258259
    outer loop
      vertex 17.4235 2.25125 0.67856
      vertex 17.3304 2.16958 0.67856
      vertex 17.4029 2.27811 0.804909
    endloop
  endfacet
  facet normal -0.651558 0.571036 -0.49939
    outer loop
      vertex 17.4121 2.08794 0.444429
      vertex 17.2885 2.04598 0.557711
      vertex 17.3658 2.13418 0.557711
    endloop
  endfacet
  facet normal -0.726341 0.637036 -0.258096
    outer loop
      vertex 17.3304 2.16958 0.67856
      vertex 17.2219 2.09706 0.804909
      vertex 17.3065 2.19352 0.804909
    endloop
  endfacet
  facet normal -0.596996 0.523475 -0.607922
    outer loop
      vertex 17.4684 2.03163 0.340653
      vertex 17.3404 2.00617 0.444429
      vertex 17.4121 2.08794 0.444429
    endloop
  endfacet
  facet normal -0.651487 0.571256 -0.499231
    outer loop
      vertex 17.3404 2.00617 0.444429
      vertex 17.2885 2.04598 0.557711
      vertex 17.4121 2.08794 0.444429
    endloop
  endfacet
  facet normal 0.194938 0.980816 -0
    outer loop
      vertex 30.2583 2.46386 0.934596
      vertex 30.1302 2.48932 2.5
      vertex 30.2583 2.46386 2.5
    endloop
  endfacet
  facet normal 0.194938 0.980816 0
    outer loop
      vertex 30.1302 2.48932 2.5
      vertex 30.2583 2.46386 0.934596
      vertex 30.1302 2.48932 0.934596
    endloop
  endfacet
  facet normal 0.523607 0.59677 -0.60803
    outer loop
      vertex 30.5316 2.03163 0.340653
      vertex 30.4577 2.09647 0.340653
      vertex 30.5062 2.15965 0.444429
    endloop
  endfacet
  facet normal 0.466871 0.532106 -0.706325
    outer loop
      vertex 30.5316 2.03163 0.340653
      vertex 30.4014 2.02309 0.248159
      vertex 30.4577 2.09647 0.340653
    endloop
  endfacet
  facet normal -0.180308 0.90639 -0.38203
    outer loop
      vertex 17.7679 2.36631 0.557711
      vertex 17.7549 2.41466 0.67856
      vertex 17.8764 2.43883 0.67856
    endloop
  endfacet
  facet normal -0.297 0.875109 -0.382068
    outer loop
      vertex 17.7679 2.36631 0.557711
      vertex 17.6376 2.37485 0.67856
      vertex 17.7549 2.41466 0.67856
    endloop
  endfacet
  facet normal -0.963906 -0.0632465 -0.25862
    outer loop
      vertex 17.0276 -1.62802 0.804909
      vertex 17.0192 -1.5 0.804909
      vertex 17.0531 -1.5 0.67856
    endloop
  endfacet
  facet normal -0.98938 -0.0649179 -0.130046
    outer loop
      vertex 17.0276 -1.62802 0.804909
      vertex 17.0107 -1.63025 0.934596
      vertex 17.0192 -1.5 0.804909
    endloop
  endfacet
  facet normal 0.866589 0.427043 -0.258181
    outer loop
      vertex 30.9061 1.87533 0.804909
      vertex 30.8201 1.97346 0.67856
      vertex 30.8494 1.99039 0.804909
    endloop
  endfacet
  facet normal 0.831531 0.555478 0
    outer loop
      vertex 30.8642 1.99893 2.5
      vertex 30.7917 2.10746 0.934596
      vertex 30.7917 2.10746 2.5
    endloop
  endfacet
  facet normal 0.831531 0.555478 0
    outer loop
      vertex 30.7917 2.10746 0.934596
      vertex 30.8642 1.99893 2.5
      vertex 30.8642 1.99893 0.934596
    endloop
  endfacet
  facet normal 0.109143 -0.0721477 -0.991404
    outer loop
      vertex 30.1548 -1.61876 0.0192146
      vertex 30.0519 -1.53981 0.002141
      vertex 30.0566 -1.5327 0.002141
    endloop
  endfacet
  facet normal 0.215567 0.144253 -0.965775
    outer loop
      vertex 30.169 1.59754 0.0192146
      vertex 30.1548 1.61876 0.0192146
      vertex 30.255 1.69568 0.0530691
    endloop
  endfacet
  facet normal 0.0255039 0.128283 -0.99141
    outer loop
      vertex 30.0169 1.56317 0.002141
      vertex 30.0085 1.56484 0.002141
      vertex 30.0505 1.68844 0.0192146
    endloop
  endfacet
  facet normal 0.0169472 0.258774 -0.965789
    outer loop
      vertex 30.0255 1.69342 0.0192146
      vertex 30 1.69509 0.0192146
      vertex 30.042 1.81869 0.0530691
    endloop
  endfacet
  facet normal 0.115111 0.232466 -0.965769
    outer loop
      vertex 30.0975 1.66895 0.0192146
      vertex 30.0747 1.68024 0.0192146
      vertex 30.123 1.79697 0.0530691
    endloop
  endfacet
  facet normal 0.0255508 0.128267 -0.99141
    outer loop
      vertex 30.0505 1.68844 0.0192146
      vertex 30.0085 1.56484 0.002141
      vertex 30.0255 1.69342 0.0192146
    endloop
  endfacet
  facet normal -0.0727125 -0.108686 -0.991413
    outer loop
      vertex 17.9673 -1.55664 0.002141
      vertex 17.8812 -1.65478 0.0192146
      vertex 17.9602 -1.55189 0.002141
    endloop
  endfacet
  facet normal -0.0979687 -0.0867114 -0.991405
    outer loop
      vertex 17.9538 -1.54625 0.002141
      vertex 17.8452 -1.61876 0.0192146
      vertex 17.9481 -1.53981 0.002141
    endloop
  endfacet
  facet normal 0.24547 0.0832789 -0.965821
    outer loop
      vertex 30.1884 1.55049 0.0192146
      vertex 30.1802 1.57466 0.0192146
      vertex 30.297 1.62301 0.0530691
    endloop
  endfacet
  facet normal 0.2455 0.0832309 -0.965817
    outer loop
      vertex 30.3105 1.58319 0.0530691
      vertex 30.1884 1.55049 0.0192146
      vertex 30.297 1.62301 0.0530691
    endloop
  endfacet
  facet normal 0.2455 -0.0832309 -0.965817
    outer loop
      vertex 30.297 -1.62301 0.0530691
      vertex 30.1884 -1.55049 0.0192146
      vertex 30.3105 -1.58319 0.0530691
    endloop
  endfacet
  facet normal 0.363155 -0.123119 -0.923558
    outer loop
      vertex 30.4272 -1.61447 0.103127
      vertex 30.297 -1.62301 0.0530691
      vertex 30.3105 -1.58319 0.0530691
    endloop
  endfacet
  facet normal 0.232608 0.114731 -0.96578
    outer loop
      vertex 30.297 1.62301 0.0530691
      vertex 30.169 1.59754 0.0192146
      vertex 30.2784 1.66072 0.0530691
    endloop
  endfacet
  facet normal 0.215546 0.144273 -0.965777
    outer loop
      vertex 30.2784 1.66072 0.0530691
      vertex 30.169 1.59754 0.0192146
      vertex 30.255 1.69568 0.0530691
    endloop
  endfacet
  facet normal -0.130479 -0.00870882 -0.991413
    outer loop
      vertex 17.8066 -1.52547 0.0192146
      vertex 17.8049 -1.5 0.0192146
      vertex 17.9352 -1.50854 0.002141
    endloop
  endfacet
  facet normal 0.363155 0.123119 -0.923558
    outer loop
      vertex 30.3105 1.58319 0.0530691
      vertex 30.297 1.62301 0.0530691
      vertex 30.4272 1.61447 0.103127
    endloop
  endfacet
  facet normal 0.376104 0.0748012 -0.923553
    outer loop
      vertex 30.3187 1.54196 0.0530691
      vertex 30.3105 1.58319 0.0530691
      vertex 30.4272 1.61447 0.103127
    endloop
  endfacet
  facet normal 0.474099 0.160946 -0.865636
    outer loop
      vertex 30.4272 1.61447 0.103127
      vertex 30.4086 1.66926 0.103127
      vertex 30.5133 1.71261 0.16853
    endloop
  endfacet
  facet normal 0.363157 0.123284 -0.923535
    outer loop
      vertex 30.4272 1.61447 0.103127
      vertex 30.297 1.62301 0.0530691
      vertex 30.4086 1.66926 0.103127
    endloop
  endfacet
  facet normal 0.608542 0.0402786 -0.792498
    outer loop
      vertex 30.5556 1.5 0.16853
      vertex 30.5508 1.57252 0.16853
      vertex 30.6593 1.5 0.248159
    endloop
  endfacet
  facet normal 0.499665 0.0330721 -0.865587
    outer loop
      vertex 30.5556 1.5 0.16853
      vertex 30.4423 1.5 0.103127
      vertex 30.5508 1.57252 0.16853
    endloop
  endfacet
  facet normal 0.963931 -0.0631702 -0.258548
    outer loop
      vertex 30.9724 -1.62802 0.804909
      vertex 30.9388 -1.6236 0.67856
      vertex 30.9469 -1.5 0.67856
    endloop
  endfacet
  facet normal 0.963906 -0.0632465 -0.25862
    outer loop
      vertex 30.9724 -1.62802 0.804909
      vertex 30.9469 -1.5 0.67856
      vertex 30.9808 -1.5 0.804909
    endloop
  endfacet
  facet normal 0.866663 -0.426739 -0.258434
    outer loop
      vertex 30.9061 -1.87533 0.804909
      vertex 30.8201 -1.97347 0.67856
      vertex 30.8748 -1.86238 0.67856
    endloop
  endfacet
  facet normal 0.824285 -0.550966 -0.13035
    outer loop
      vertex 30.8642 -1.99893 0.934596
      vertex 30.7781 -2.09706 0.804909
      vertex 30.8494 -1.99039 0.804909
    endloop
  endfacet
  facet normal 0.596877 -0.523902 -0.607671
    outer loop
      vertex 30.6596 -2.00617 0.444429
      vertex 30.5316 -2.03163 0.340653
      vertex 30.5965 -1.95769 0.340653
    endloop
  endfacet
  facet normal 0.947479 -0.188246 -0.258548
    outer loop
      vertex 30.9474 -1.75385 0.804909
      vertex 30.9388 -1.6236 0.67856
      vertex 30.9724 -1.62802 0.804909
    endloop
  endfacet
  facet normal 0.393212 -0.588666 -0.706298
    outer loop
      vertex 30.4577 -2.09647 0.340653
      vertex 30.3759 -2.15111 0.340653
      vertex 30.4014 -2.0231 0.248159
    endloop
  endfacet
  facet normal 0.507048 -0.3382 -0.792794
    outer loop
      vertex 30.571 -1.82967 0.248159
      vertex 30.4408 -1.83821 0.16853
      vertex 30.4811 -1.77779 0.16853
    endloop
  endfacet
  facet normal 0.659818 -0.441435 -0.608092
    outer loop
      vertex 30.6596 -2.00617 0.444429
      vertex 30.6511 -1.87592 0.340653
      vertex 30.7201 -1.91574 0.444429
    endloop
  endfacet
  facet normal 0.778523 -0.154962 -0.608184
    outer loop
      vertex 30.8244 -1.60853 0.444429
      vertex 30.7262 -1.69459 0.340653
      vertex 30.7454 -1.59813 0.340653
    endloop
  endfacet
  facet normal 0.506985 -0.33865 -0.792643
    outer loop
      vertex 30.5231 -1.90138 0.248159
      vertex 30.4408 -1.83821 0.16853
      vertex 30.571 -1.82967 0.248159
    endloop
  endfacet
  facet normal 0.402016 -0.458153 -0.792767
    outer loop
      vertex 30.4662 -1.96623 0.248159
      vertex 30.3382 -1.94076 0.16853
      vertex 30.3928 -1.89285 0.16853
    endloop
  endfacet
  facet normal 0.588622 -0.393181 -0.706351
    outer loop
      vertex 30.6511 -1.87592 0.340653
      vertex 30.5231 -1.90138 0.248159
      vertex 30.571 -1.82967 0.248159
    endloop
  endfacet
  facet normal 0.523762 -0.596727 -0.607939
    outer loop
      vertex 30.5879 -2.08794 0.444429
      vertex 30.5062 -2.15965 0.444429
      vertex 30.5316 -2.03163 0.340653
    endloop
  endfacet
  facet normal 0.278516 0.820554 -0.49912
    outer loop
      vertex 30.3432 2.3286 0.557711
      vertex 30.2152 2.30314 0.444429
      vertex 30.2321 2.36631 0.557711
    endloop
  endfacet
  facet normal 0.297026 0.875088 -0.382094
    outer loop
      vertex 30.3432 2.3286 0.557711
      vertex 30.2321 2.36631 0.557711
      vertex 30.3624 2.37485 0.67856
    endloop
  endfacet
  facet normal 0.0631754 0.964009 -0.258254
    outer loop
      vertex 30.1236 2.43883 0.67856
      vertex 30 2.44693 0.67856
      vertex 30.128 2.47239 0.804909
    endloop
  endfacet
  facet normal 0.180414 0.906405 -0.381944
    outer loop
      vertex 30.2321 2.36631 0.557711
      vertex 30.1171 2.3892 0.557711
      vertex 30.1236 2.43883 0.67856
    endloop
  endfacet
  facet normal 0.972499 0.193217 -0.130052
    outer loop
      vertex 30.9724 1.62802 0.804909
      vertex 30.9474 1.75385 0.804909
      vertex 30.9893 1.63025 0.934596
    endloop
  endfacet
  facet normal 0.98938 0.0649179 -0.130046
    outer loop
      vertex 30.9808 1.5 0.804909
      vertex 30.9724 1.62802 0.804909
      vertex 30.9893 1.63025 0.934596
    endloop
  endfacet
  facet normal 0.946829 0.321738 0
    outer loop
      vertex 30.9639 1.75826 2.5
      vertex 30.9219 1.88186 0.934596
      vertex 30.9219 1.88186 2.5
    endloop
  endfacet
  facet normal 0.946829 0.321738 0
    outer loop
      vertex 30.9219 1.88186 0.934596
      vertex 30.9639 1.75826 2.5
      vertex 30.9639 1.75826 0.934596
    endloop
  endfacet
  facet normal 0.269518 0.546751 -0.792732
    outer loop
      vertex 30.2778 1.98114 0.16853
      vertex 30.2126 2.01328 0.16853
      vertex 30.3297 2.07101 0.248159
    endloop
  endfacet
  facet normal 0.338785 0.506751 -0.792735
    outer loop
      vertex 30.3382 1.94076 0.16853
      vertex 30.2778 1.98114 0.16853
      vertex 30.3297 2.07101 0.248159
    endloop
  endfacet
  facet normal 0.875267 0.297034 -0.381679
    outer loop
      vertex 30.8663 1.73213 0.557711
      vertex 30.8286 1.84322 0.557711
      vertex 30.8748 1.86237 0.67856
    endloop
  endfacet
  facet normal 0.828936 0.408875 -0.381689
    outer loop
      vertex 30.8286 1.84322 0.557711
      vertex 30.7767 1.94844 0.557711
      vertex 30.8748 1.86237 0.67856
    endloop
  endfacet
  facet normal 0.726341 0.637036 -0.258096
    outer loop
      vertex 30.7781 2.09706 0.804909
      vertex 30.6696 2.16958 0.67856
      vertex 30.6935 2.19352 0.804909
    endloop
  endfacet
  facet normal 0.745375 0.653729 -0.13059
    outer loop
      vertex 30.7781 2.09706 0.804909
      vertex 30.6935 2.19352 0.804909
      vertex 30.7917 2.10746 0.934596
    endloop
  endfacet
  facet normal -0.824285 -0.550966 -0.13035
    outer loop
      vertex 17.2219 -2.09706 0.804909
      vertex 17.1358 -1.99893 0.934596
      vertex 17.1506 -1.99039 0.804909
    endloop
  endfacet
  facet normal -0.889347 -0.438258 -0.130353
    outer loop
      vertex 17.1358 -1.99893 0.934596
      vertex 17.0939 -1.87533 0.804909
      vertex 17.1506 -1.99039 0.804909
    endloop
  endfacet
  facet normal -0.0861535 0.0983441 -0.991416
    outer loop
      vertex 17.9538 1.54625 0.002141
      vertex 17.862 1.63795 0.0192146
      vertex 17.8812 1.65477 0.0192146
    endloop
  endfacet
  facet normal 0.0253607 -0.128331 -0.991407
    outer loop
      vertex 30.0505 -1.68844 0.0192146
      vertex 30.0085 -1.56484 0.002141
      vertex 30.0169 -1.56318 0.002141
    endloop
  endfacet
  facet normal 0.128254 0.02562 -0.99141
    outer loop
      vertex 30.1934 1.52546 0.0192146
      vertex 30.0648 1.50854 0.002141
      vertex 30.1884 1.55049 0.0192146
    endloop
  endfacet
  facet normal 0.123594 -0.0427239 -0.991413
    outer loop
      vertex 30.1802 -1.57466 0.0192146
      vertex 30.0604 -1.52503 0.002141
      vertex 30.0632 -1.51693 0.002141
    endloop
  endfacet
  facet normal 0.109143 0.0721477 -0.991404
    outer loop
      vertex 30.0566 1.5327 0.002141
      vertex 30.0519 1.53981 0.002141
      vertex 30.1548 1.61876 0.0192146
    endloop
  endfacet
  facet normal -0.123594 0.0427239 -0.991413
    outer loop
      vertex 17.9368 1.51693 0.002141
      vertex 17.8198 1.57466 0.0192146
      vertex 17.9396 1.52503 0.002141
    endloop
  endfacet
  facet normal -0.254259 0.0507909 -0.965802
    outer loop
      vertex 17.8066 1.52546 0.0192146
      vertex 17.6813 1.54196 0.0530691
      vertex 17.8116 1.55049 0.0192146
    endloop
  endfacet
  facet normal -0.128254 0.02562 -0.99141
    outer loop
      vertex 17.9352 1.50854 0.002141
      vertex 17.8066 1.52546 0.0192146
      vertex 17.8116 1.55049 0.0192146
    endloop
  endfacet
  facet normal -0.00859885 0.130518 -0.991409
    outer loop
      vertex 18 1.5654 0.002141
      vertex 17.9915 1.56484 0.002141
      vertex 18 1.69509 0.0192146
    endloop
  endfacet
  facet normal -0.343919 -0.169706 -0.923536
    outer loop
      vertex 17.617 -1.72114 0.103127
      vertex 17.5914 -1.66926 0.103127
      vertex 17.703 -1.62301 0.0530691
    endloop
  endfacet
  facet normal -0.363157 -0.123284 -0.923535
    outer loop
      vertex 17.5914 -1.66926 0.103127
      vertex 17.5728 -1.61447 0.103127
      vertex 17.703 -1.62301 0.0530691
    endloop
  endfacet
  facet normal -0.0748354 -0.376002 -0.923592
    outer loop
      vertex 17.958 -1.81869 0.0530691
      vertex 17.8855 -1.92722 0.103127
      vertex 17.9168 -1.81049 0.0530691
    endloop
  endfacet
  facet normal -0.123312 -0.363004 -0.923592
    outer loop
      vertex 17.8855 -1.92722 0.103127
      vertex 17.877 -1.79697 0.0530691
      vertex 17.9168 -1.81049 0.0530691
    endloop
  endfacet
  facet normal -0.0506632 -0.254333 -0.965789
    outer loop
      vertex 17.958 -1.81869 0.0530691
      vertex 17.9495 -1.68844 0.0192146
      vertex 17.9745 -1.69342 0.0192146
    endloop
  endfacet
  facet normal -0.00854745 0.130515 -0.991409
    outer loop
      vertex 17.9915 1.56484 0.002141
      vertex 17.9745 1.69342 0.0192146
      vertex 18 1.69509 0.0192146
    endloop
  endfacet
  facet normal -0.0255508 0.128267 -0.99141
    outer loop
      vertex 17.9915 1.56484 0.002141
      vertex 17.9495 1.68844 0.0192146
      vertex 17.9745 1.69342 0.0192146
    endloop
  endfacet
  facet normal 0.0724543 -0.108912 -0.991407
    outer loop
      vertex 30.0975 -1.66895 0.0192146
      vertex 30.0327 -1.55664 0.002141
      vertex 30.1188 -1.65478 0.0192146
    endloop
  endfacet
  facet normal -0.0253607 -0.128331 -0.991407
    outer loop
      vertex 17.9915 -1.56484 0.002141
      vertex 17.9495 -1.68844 0.0192146
      vertex 17.9831 -1.56318 0.002141
    endloop
  endfacet
  facet normal 0.40873 -0.828805 -0.382128
    outer loop
      vertex 30.3624 -2.37485 0.67856
      vertex 30.3432 -2.3286 0.557711
      vertex 30.4484 -2.27672 0.557711
    endloop
  endfacet
  facet normal 0.297026 -0.875088 -0.382094
    outer loop
      vertex 30.3624 -2.37485 0.67856
      vertex 30.2321 -2.36631 0.557711
      vertex 30.3432 -2.3286 0.557711
    endloop
  endfacet
  facet normal 0.278516 -0.820554 -0.49912
    outer loop
      vertex 30.2321 -2.36631 0.557711
      vertex 30.2152 -2.30314 0.444429
      vertex 30.3432 -2.3286 0.557711
    endloop
  endfacet
  facet normal 0.16902 -0.849879 -0.499137
    outer loop
      vertex 30.2321 -2.36631 0.557711
      vertex 30.1085 -2.32436 0.444429
      vertex 30.2152 -2.30314 0.444429
    endloop
  endfacet
  facet normal 0.0327413 -0.499736 -0.865559
    outer loop
      vertex 30.0725 -2.05082 0.16853
      vertex 30 -2.05557 0.16853
      vertex 30 -1.94229 0.103127
    endloop
  endfacet
  facet normal 0.0327385 -0.499738 -0.865558
    outer loop
      vertex 30.0725 -2.05082 0.16853
      vertex 30 -1.94229 0.103127
      vertex 30.0577 -1.93851 0.103127
    endloop
  endfacet
  facet normal 0.221383 -0.449104 -0.865618
    outer loop
      vertex 30.2778 -1.98114 0.16853
      vertex 30.2126 -2.01328 0.16853
      vertex 30.2211 -1.88303 0.103127
    endloop
  endfacet
  facet normal 0.278271 -0.416235 -0.865629
    outer loop
      vertex 30.2778 -1.98114 0.16853
      vertex 30.2211 -1.88303 0.103127
      vertex 30.3382 -1.94076 0.16853
    endloop
  endfacet
  facet normal 0.0631754 -0.964009 -0.258254
    outer loop
      vertex 30.128 -2.47239 0.804909
      vertex 30 -2.44693 0.67856
      vertex 30.1236 -2.43883 0.67856
    endloop
  endfacet
  facet normal 0.18845 -0.947523 -0.258238
    outer loop
      vertex 30.128 -2.47239 0.804909
      vertex 30.1236 -2.43883 0.67856
      vertex 30.2538 -2.44737 0.804909
    endloop
  endfacet
  facet normal 0.193405 -0.972438 -0.130228
    outer loop
      vertex 30.1302 -2.48932 0.934596
      vertex 30.128 -2.47239 0.804909
      vertex 30.2538 -2.44737 0.804909
    endloop
  endfacet
  facet normal 0.550773 -0.82446 -0.13006
    outer loop
      vertex 30.4989 -2.36417 0.934596
      vertex 30.4904 -2.34939 0.804909
      vertex 30.5971 -2.27811 0.804909
    endloop
  endfacet
  facet normal 0.4384 -0.889316 -0.130086
    outer loop
      vertex 30.4989 -2.36417 0.934596
      vertex 30.3753 -2.40613 0.804909
      vertex 30.4904 -2.34939 0.804909
    endloop
  endfacet
  facet normal -0.288421 -0.252745 -0.923544
    outer loop
      vertex 17.7727 -1.72729 0.0530691
      vertex 17.6873 -1.81275 0.103127
      vertex 17.745 -1.69568 0.0530691
    endloop
  endfacet
  facet normal -0.195094 -0.170962 -0.965769
    outer loop
      vertex 17.7727 -1.72729 0.0530691
      vertex 17.745 -1.69568 0.0530691
      vertex 17.862 -1.63795 0.0192146
    endloop
  endfacet
  facet normal 0.0169472 -0.258774 -0.965789
    outer loop
      vertex 30.042 -1.81869 0.0530691
      vertex 30 -1.69509 0.0192146
      vertex 30.0255 -1.69342 0.0192146
    endloop
  endfacet
  facet normal 0.00854767 -0.130518 -0.991409
    outer loop
      vertex 30.0255 -1.69342 0.0192146
      vertex 30 -1.69509 0.0192146
      vertex 30 -1.5654 0.002141
    endloop
  endfacet
  facet normal 0.254248 -0.050566 -0.965816
    outer loop
      vertex 30.3105 -1.58319 0.0530691
      vertex 30.1884 -1.55049 0.0192146
      vertex 30.3187 -1.54196 0.0530691
    endloop
  endfacet
  facet normal 0.37605 -0.0748919 -0.923568
    outer loop
      vertex 30.4272 -1.61447 0.103127
      vertex 30.3187 -1.54196 0.0530691
      vertex 30.4385 -1.55773 0.103127
    endloop
  endfacet
  facet normal 0.0421756 -0.123776 -0.991413
    outer loop
      vertex 30.0747 -1.68024 0.0192146
      vertex 30.0169 -1.56318 0.002141
      vertex 30.025 -1.56042 0.002141
    endloop
  endfacet
  facet normal -0.0420416 0.123832 -0.991412
    outer loop
      vertex 17.975 1.56042 0.002141
      vertex 17.9253 1.68024 0.0192146
      vertex 17.9831 1.56317 0.002141
    endloop
  endfacet
  facet normal 0.0576185 -0.117371 -0.991415
    outer loop
      vertex 30.0747 -1.68024 0.0192146
      vertex 30.025 -1.56042 0.002141
      vertex 30.0327 -1.55664 0.002141
    endloop
  endfacet
  facet normal 0.0580467 -0.117224 -0.991408
    outer loop
      vertex 30.0747 -1.68024 0.0192146
      vertex 30.0327 -1.55664 0.002141
      vertex 30.0975 -1.66895 0.0192146
    endloop
  endfacet
  facet normal 0.0727125 -0.108686 -0.991413
    outer loop
      vertex 30.1188 -1.65478 0.0192146
      vertex 30.0327 -1.55664 0.002141
      vertex 30.0398 -1.55189 0.002141
    endloop
  endfacet
  facet normal 0.0864752 0.0981278 -0.99141
    outer loop
      vertex 30.0462 1.54625 0.002141
      vertex 30.0398 1.55189 0.002141
      vertex 30.1188 1.65477 0.0192146
    endloop
  endfacet
  facet normal 0.194685 -0.171452 -0.965765
    outer loop
      vertex 30.255 -1.69568 0.0530691
      vertex 30.1379 -1.63795 0.0192146
      vertex 30.1548 -1.61876 0.0192146
    endloop
  endfacet
  facet normal 0.0981516 -0.0864389 -0.99141
    outer loop
      vertex 30.1379 -1.63795 0.0192146
      vertex 30.0462 -1.54625 0.002141
      vertex 30.1548 -1.61876 0.0192146
    endloop
  endfacet
  facet normal 0.474399 -0.160615 -0.865534
    outer loop
      vertex 30.5133 -1.71261 0.16853
      vertex 30.4272 -1.61447 0.103127
      vertex 30.5366 -1.64379 0.16853
    endloop
  endfacet
  facet normal 0.491221 -0.0978286 -0.865524
    outer loop
      vertex 30.5366 -1.64379 0.16853
      vertex 30.4272 -1.61447 0.103127
      vertex 30.4385 -1.55773 0.103127
    endloop
  endfacet
  facet normal 0.252876 0.288271 -0.923555
    outer loop
      vertex 30.2273 1.72729 0.0530691
      vertex 30.1957 1.75501 0.0530691
      vertex 30.3127 1.81275 0.103127
    endloop
  endfacet
  facet normal 0.288421 0.252745 -0.923544
    outer loop
      vertex 30.255 1.69568 0.0530691
      vertex 30.2273 1.72729 0.0530691
      vertex 30.3127 1.81275 0.103127
    endloop
  endfacet
  facet normal 0.0724912 0.10889 -0.991407
    outer loop
      vertex 30.1188 1.65477 0.0192146
      vertex 30.0327 1.55664 0.002141
      vertex 30.0975 1.66895 0.0192146
    endloop
  endfacet
  facet normal -0.255255 0.751794 -0.60799
    outer loop
      vertex 17.7123 2.19461 0.340653
      vertex 17.6818 2.26818 0.444429
      vertex 17.8054 2.22622 0.340653
    endloop
  endfacet
  facet normal -0.393395 0.588615 -0.706239
    outer loop
      vertex 17.6703 2.07101 0.248159
      vertex 17.5986 2.02309 0.248159
      vertex 17.6241 2.15111 0.340653
    endloop
  endfacet
  facet normal -0.138068 0.694295 -0.706323
    outer loop
      vertex 17.9139 2.1537 0.248159
      vertex 17.8054 2.22622 0.340653
      vertex 17.9019 2.24541 0.340653
    endloop
  endfacet
  facet normal -0.138042 0.694315 -0.706308
    outer loop
      vertex 17.8293 2.13688 0.248159
      vertex 17.8054 2.22622 0.340653
      vertex 17.9139 2.1537 0.248159
    endloop
  endfacet
  facet normal -0.215546 0.144273 -0.965777
    outer loop
      vertex 17.831 1.59754 0.0192146
      vertex 17.7216 1.66072 0.0530691
      vertex 17.745 1.69568 0.0530691
    endloop
  endfacet
  facet normal -0.232608 0.114731 -0.96578
    outer loop
      vertex 17.831 1.59754 0.0192146
      vertex 17.703 1.62301 0.0530691
      vertex 17.7216 1.66072 0.0530691
    endloop
  endfacet
  facet normal -0.169639 0.343839 -0.923579
    outer loop
      vertex 17.8393 1.77837 0.0530691
      vertex 17.7789 1.88303 0.103127
      vertex 17.877 1.79697 0.0530691
    endloop
  endfacet
  facet normal -0.114732 0.232548 -0.965794
    outer loop
      vertex 17.9025 1.66895 0.0192146
      vertex 17.8393 1.77837 0.0530691
      vertex 17.877 1.79697 0.0530691
    endloop
  endfacet
  facet normal -0.170894 0.195076 -0.965785
    outer loop
      vertex 17.862 1.63795 0.0192146
      vertex 17.8043 1.75501 0.0530691
      vertex 17.8812 1.65477 0.0192146
    endloop
  endfacet
  facet normal -0.143736 0.215908 -0.965776
    outer loop
      vertex 17.8812 1.65477 0.0192146
      vertex 17.8043 1.75501 0.0530691
      vertex 17.9025 1.66895 0.0192146
    endloop
  endfacet
  facet normal -0.278271 0.416235 -0.865629
    outer loop
      vertex 17.7789 1.88303 0.103127
      vertex 17.6618 1.94076 0.16853
      vertex 17.7222 1.98114 0.16853
    endloop
  endfacet
  facet normal -0.402016 0.458153 -0.792767
    outer loop
      vertex 17.6072 1.89285 0.16853
      vertex 17.5338 1.96623 0.248159
      vertex 17.6618 1.94076 0.16853
    endloop
  endfacet
  facet normal -0.269518 0.546751 -0.792732
    outer loop
      vertex 17.7222 1.98114 0.16853
      vertex 17.6703 2.07101 0.248159
      vertex 17.7874 2.01328 0.16853
    endloop
  endfacet
  facet normal -0.440983 0.660184 -0.608022
    outer loop
      vertex 17.5423 2.09647 0.340653
      vertex 17.4938 2.15965 0.444429
      vertex 17.6241 2.15111 0.340653
    endloop
  endfacet
  facet normal -0.416645 0.277855 -0.865565
    outer loop
      vertex 17.617 1.72114 0.103127
      vertex 17.5189 1.77778 0.16853
      vertex 17.5592 1.83821 0.16853
    endloop
  endfacet
  facet normal -0.448985 0.22184 -0.865563
    outer loop
      vertex 17.617 1.72114 0.103127
      vertex 17.4867 1.71261 0.16853
      vertex 17.5189 1.77778 0.16853
    endloop
  endfacet
  facet normal -0.577209 0.195772 -0.792782
    outer loop
      vertex 17.4867 1.71261 0.16853
      vertex 17.3631 1.67065 0.248159
      vertex 17.3908 1.75232 0.248159
    endloop
  endfacet
  facet normal -0.597692 0.118705 -0.792889
    outer loop
      vertex 17.4634 1.64379 0.16853
      vertex 17.3463 1.58606 0.248159
      vertex 17.3631 1.67065 0.248159
    endloop
  endfacet
  facet normal -0.778523 0.154962 -0.608184
    outer loop
      vertex 17.2546 1.59813 0.340653
      vertex 17.1756 1.60853 0.444429
      vertex 17.2738 1.69459 0.340653
    endloop
  endfacet
  facet normal -0.778658 0.155483 -0.607879
    outer loop
      vertex 17.2738 1.69459 0.340653
      vertex 17.1756 1.60853 0.444429
      vertex 17.1969 1.7152 0.444429
    endloop
  endfacet
  facet normal -0.906468 0.180395 -0.381804
    outer loop
      vertex 17.1108 1.61706 0.557711
      vertex 17.0612 1.6236 0.67856
      vertex 17.1337 1.73213 0.557711
    endloop
  endfacet
  facet normal -0.963931 0.0631702 -0.258548
    outer loop
      vertex 17.0531 1.5 0.67856
      vertex 17.0276 1.62802 0.804909
      vertex 17.0612 1.6236 0.67856
    endloop
  endfacet
  facet normal -0.670508 0.227511 -0.706157
    outer loop
      vertex 17.3908 1.75232 0.248159
      vertex 17.2738 1.69459 0.340653
      vertex 17.3054 1.78772 0.340653
    endloop
  endfacet
  facet normal -0.752026 0.254838 -0.607877
    outer loop
      vertex 17.2738 1.69459 0.340653
      vertex 17.1969 1.7152 0.444429
      vertex 17.2318 1.81819 0.444429
    endloop
  endfacet
  facet normal -0.659856 0.441412 -0.608066
    outer loop
      vertex 17.3489 1.87592 0.340653
      vertex 17.2799 1.91573 0.444429
      vertex 17.3404 2.00617 0.444429
    endloop
  endfacet
  facet normal -0.588639 0.39305 -0.706411
    outer loop
      vertex 17.4769 1.90138 0.248159
      vertex 17.3489 1.87592 0.340653
      vertex 17.4035 1.95769 0.340653
    endloop
  endfacet
  facet normal -0.720349 0.481513 -0.499242
    outer loop
      vertex 17.3404 2.00617 0.444429
      vertex 17.2233 1.94844 0.557711
      vertex 17.2885 2.04598 0.557711
    endloop
  endfacet
  facet normal -0.768245 0.513528 -0.382215
    outer loop
      vertex 17.2233 1.94844 0.557711
      vertex 17.1799 1.97346 0.67856
      vertex 17.2885 2.04598 0.557711
    endloop
  endfacet
  facet normal -0.726284 0.637146 -0.257984
    outer loop
      vertex 17.2487 2.07645 0.67856
      vertex 17.2219 2.09706 0.804909
      vertex 17.3304 2.16958 0.67856
    endloop
  endfacet
  facet normal -0.803388 0.536684 -0.257951
    outer loop
      vertex 17.2487 2.07645 0.67856
      vertex 17.1799 1.97346 0.67856
      vertex 17.2219 2.09706 0.804909
    endloop
  endfacet
  facet normal 0.0654508 0.997856 -0
    outer loop
      vertex 30.1302 2.48932 0.934596
      vertex 30 2.49786 2.5
      vertex 30.1302 2.48932 2.5
    endloop
  endfacet
  facet normal 0.0654508 0.997856 0
    outer loop
      vertex 30 2.49786 2.5
      vertex 30.1302 2.48932 0.934596
      vertex 30 2.49786 0.934596
    endloop
  endfacet
  facet normal 0.0604344 0.922184 -0.382002
    outer loop
      vertex 30.1236 2.43883 0.67856
      vertex 30 2.39687 0.557711
      vertex 30 2.44693 0.67856
    endloop
  endfacet
  facet normal 0.0631875 0.964005 -0.258265
    outer loop
      vertex 30.128 2.47239 0.804909
      vertex 30 2.44693 0.67856
      vertex 30 2.48078 0.804909
    endloop
  endfacet
  facet normal 0.596877 0.523902 -0.607671
    outer loop
      vertex 30.5965 1.95769 0.340653
      vertex 30.5316 2.03163 0.340653
      vertex 30.6596 2.00617 0.444429
    endloop
  endfacet
  facet normal 0.660499 0.441033 -0.607643
    outer loop
      vertex 30.6511 1.87592 0.340653
      vertex 30.5965 1.95769 0.340653
      vertex 30.6596 2.00617 0.444429
    endloop
  endfacet
  facet normal 0.393194 0.58864 -0.706329
    outer loop
      vertex 30.4014 2.02309 0.248159
      vertex 30.3759 2.15111 0.340653
      vertex 30.4577 2.09647 0.340653
    endloop
  endfacet
  facet normal 0.440983 0.660184 -0.608022
    outer loop
      vertex 30.4577 2.09647 0.340653
      vertex 30.3759 2.15111 0.340653
      vertex 30.5062 2.15965 0.444429
    endloop
  endfacet
  facet normal -0.963931 -0.0631702 -0.258548
    outer loop
      vertex 17.0612 -1.6236 0.67856
      vertex 17.0276 -1.62802 0.804909
      vertex 17.0531 -1.5 0.67856
    endloop
  endfacet
  facet normal -0.947479 -0.188246 -0.258548
    outer loop
      vertex 17.0526 -1.75385 0.804909
      vertex 17.0276 -1.62802 0.804909
      vertex 17.0612 -1.6236 0.67856
    endloop
  endfacet
  facet normal 0.117231 -0.0580807 -0.991405
    outer loop
      vertex 30.1802 -1.57466 0.0192146
      vertex 30.0566 -1.5327 0.002141
      vertex 30.0604 -1.52503 0.002141
    endloop
  endfacet
  facet normal 0.0506632 0.254333 -0.965789
    outer loop
      vertex 30.0505 1.68844 0.0192146
      vertex 30.0255 1.69342 0.0192146
      vertex 30.042 1.81869 0.0530691
    endloop
  endfacet
  facet normal 0.0506193 0.254331 -0.965792
    outer loop
      vertex 30.0505 1.68844 0.0192146
      vertex 30.042 1.81869 0.0530691
      vertex 30.0832 1.81049 0.0530691
    endloop
  endfacet
  facet normal -0.00859885 -0.130518 -0.991409
    outer loop
      vertex 18 -1.69509 0.0192146
      vertex 17.9915 -1.56484 0.002141
      vertex 18 -1.5654 0.002141
    endloop
  endfacet
  facet normal 0.254259 0.0507909 -0.965802
    outer loop
      vertex 30.1934 1.52546 0.0192146
      vertex 30.1884 1.55049 0.0192146
      vertex 30.3187 1.54196 0.0530691
    endloop
  endfacet
  facet normal 0.0981516 0.0864389 -0.99141
    outer loop
      vertex 30.1548 1.61876 0.0192146
      vertex 30.0462 1.54625 0.002141
      vertex 30.1379 1.63795 0.0192146
    endloop
  endfacet
  facet normal 0.194685 0.171452 -0.965765
    outer loop
      vertex 30.1548 1.61876 0.0192146
      vertex 30.1379 1.63795 0.0192146
      vertex 30.255 1.69568 0.0530691
    endloop
  endfacet
  facet normal 0.866597 -0.427047 -0.258149
    outer loop
      vertex 30.8494 -1.99039 0.804909
      vertex 30.8201 -1.97347 0.67856
      vertex 30.9061 -1.87533 0.804909
    endloop
  endfacet
  facet normal 0.875258 -0.297032 -0.3817
    outer loop
      vertex 30.8748 -1.86238 0.67856
      vertex 30.8286 -1.84322 0.557711
      vertex 30.8663 -1.73213 0.557711
    endloop
  endfacet
  facet normal 0.914615 -0.310945 -0.258444
    outer loop
      vertex 30.9061 -1.87533 0.804909
      vertex 30.8748 -1.86238 0.67856
      vertex 30.9474 -1.75385 0.804909
    endloop
  endfacet
  facet normal 0.803198 -0.536871 -0.258154
    outer loop
      vertex 30.8494 -1.99039 0.804909
      vertex 30.7781 -2.09706 0.804909
      vertex 30.8201 -1.97347 0.67856
    endloop
  endfacet
  facet normal 0.849622 -0.169654 -0.499359
    outer loop
      vertex 30.8663 -1.73213 0.557711
      vertex 30.8031 -1.7152 0.444429
      vertex 30.8244 -1.60853 0.444429
    endloop
  endfacet
  facet normal 0.84996 -0.169165 -0.49895
    outer loop
      vertex 30.8663 -1.73213 0.557711
      vertex 30.8244 -1.60853 0.444429
      vertex 30.8892 -1.61707 0.557711
    endloop
  endfacet
  facet normal 0.777214 -0.383229 -0.499073
    outer loop
      vertex 30.8286 -1.84322 0.557711
      vertex 30.7201 -1.91574 0.444429
      vertex 30.7682 -1.81819 0.444429
    endloop
  endfacet
  facet normal 0.777208 -0.383359 -0.498983
    outer loop
      vertex 30.7767 -1.94844 0.557711
      vertex 30.7201 -1.91574 0.444429
      vertex 30.8286 -1.84322 0.557711
    endloop
  endfacet
  facet normal 0.546506 -0.269897 -0.792771
    outer loop
      vertex 30.571 -1.82967 0.248159
      vertex 30.5133 -1.71261 0.16853
      vertex 30.6092 -1.75232 0.248159
    endloop
  endfacet
  facet normal 0.577209 -0.195772 -0.792782
    outer loop
      vertex 30.6092 -1.75232 0.248159
      vertex 30.5133 -1.71261 0.16853
      vertex 30.6369 -1.67065 0.248159
    endloop
  endfacet
  facet normal 0.69426 -0.13819 -0.706333
    outer loop
      vertex 30.7262 -1.69459 0.340653
      vertex 30.6537 -1.58606 0.248159
      vertex 30.7454 -1.59813 0.340653
    endloop
  endfacet
  facet normal 0.694466 -0.137924 -0.706183
    outer loop
      vertex 30.7262 -1.69459 0.340653
      vertex 30.6369 -1.67065 0.248159
      vertex 30.6537 -1.58606 0.248159
    endloop
  endfacet
  facet normal 0.571296 -0.651348 -0.499367
    outer loop
      vertex 30.6342 -2.13418 0.557711
      vertex 30.546 -2.21154 0.557711
      vertex 30.5879 -2.08794 0.444429
    endloop
  endfacet
  facet normal 0.571613 -0.651245 -0.499138
    outer loop
      vertex 30.546 -2.21154 0.557711
      vertex 30.5062 -2.15965 0.444429
      vertex 30.5879 -2.08794 0.444429
    endloop
  endfacet
  facet normal 0.695072 -0.609084 -0.381958
    outer loop
      vertex 30.7512 -2.07646 0.67856
      vertex 30.6696 -2.16958 0.67856
      vertex 30.7115 -2.04598 0.557711
    endloop
  endfacet
  facet normal 0.69501 -0.609119 -0.382015
    outer loop
      vertex 30.6696 -2.16958 0.67856
      vertex 30.6342 -2.13418 0.557711
      vertex 30.7115 -2.04598 0.557711
    endloop
  endfacet
  facet normal 0.481104 -0.720621 -0.499243
    outer loop
      vertex 30.4484 -2.27672 0.557711
      vertex 30.4157 -2.22007 0.444429
      vertex 30.5062 -2.15965 0.444429
    endloop
  endfacet
  facet normal 0.440876 -0.660366 -0.607902
    outer loop
      vertex 30.4157 -2.22007 0.444429
      vertex 30.3759 -2.15111 0.340653
      vertex 30.5062 -2.15965 0.444429
    endloop
  endfacet
  facet normal 0.18845 0.947523 -0.258238
    outer loop
      vertex 30.2538 2.44737 0.804909
      vertex 30.1236 2.43883 0.67856
      vertex 30.128 2.47239 0.804909
    endloop
  endfacet
  facet normal 0.180308 0.90639 -0.38203
    outer loop
      vertex 30.2321 2.36631 0.557711
      vertex 30.1236 2.43883 0.67856
      vertex 30.2451 2.41466 0.67856
    endloop
  endfacet
  facet normal 0.914593 0.311129 -0.258299
    outer loop
      vertex 30.9147 1.74508 0.67856
      vertex 30.8748 1.86237 0.67856
      vertex 30.9474 1.75385 0.804909
    endloop
  endfacet
  facet normal 0.947599 0.187991 -0.258294
    outer loop
      vertex 30.9388 1.6236 0.67856
      vertex 30.9147 1.74508 0.67856
      vertex 30.9474 1.75385 0.804909
    endloop
  endfacet
  facet normal 0.653945 0.745245 -0.130249
    outer loop
      vertex 30.6935 2.19352 0.804909
      vertex 30.5971 2.27811 0.804909
      vertex 30.6075 2.29165 0.934596
    endloop
  endfacet
  facet normal 0.653841 0.745315 -0.130371
    outer loop
      vertex 30.6935 2.19352 0.804909
      vertex 30.6075 2.29165 0.934596
      vertex 30.7056 2.20559 0.934596
    endloop
  endfacet
  facet normal 0.824285 0.550966 -0.13035
    outer loop
      vertex 30.8494 1.99039 0.804909
      vertex 30.7781 2.09706 0.804909
      vertex 30.8642 1.99893 0.934596
    endloop
  endfacet
  facet normal 0.889347 0.438258 -0.130353
    outer loop
      vertex 30.9061 1.87533 0.804909
      vertex 30.8494 1.99039 0.804909
      vertex 30.8642 1.99893 0.934596
    endloop
  endfacet
  facet normal -0.128251 -0.0256296 -0.991411
    outer loop
      vertex 17.8116 -1.55049 0.0192146
      vertex 17.8066 -1.52547 0.0192146
      vertex 17.9352 -1.50854 0.002141
    endloop
  endfacet
  facet normal -0.117231 -0.0580807 -0.991405
    outer loop
      vertex 17.9434 -1.5327 0.002141
      vertex 17.8198 -1.57466 0.0192146
      vertex 17.9396 -1.52503 0.002141
    endloop
  endfacet
  facet normal -0.2455 0.0832309 -0.965817
    outer loop
      vertex 17.8116 1.55049 0.0192146
      vertex 17.6895 1.58319 0.0530691
      vertex 17.703 1.62301 0.0530691
    endloop
  endfacet
  facet normal -0.24547 0.0832789 -0.965821
    outer loop
      vertex 17.8116 1.55049 0.0192146
      vertex 17.703 1.62301 0.0530691
      vertex 17.8198 1.57466 0.0192146
    endloop
  endfacet
  facet normal -0.0419742 -0.123875 -0.99141
    outer loop
      vertex 17.9495 -1.68844 0.0192146
      vertex 17.9253 -1.68024 0.0192146
      vertex 17.9831 -1.56318 0.002141
    endloop
  endfacet
  facet normal -0.130508 -0.00916916 -0.991405
    outer loop
      vertex 17.9352 -1.50854 0.002141
      vertex 17.8049 -1.5 0.0192146
      vertex 17.9346 -1.5 0.002141
    endloop
  endfacet
  facet normal -0.2455 -0.0832309 -0.965817
    outer loop
      vertex 17.703 -1.62301 0.0530691
      vertex 17.6895 -1.58319 0.0530691
      vertex 17.8116 -1.55049 0.0192146
    endloop
  endfacet
  facet normal -0.363155 -0.123119 -0.923558
    outer loop
      vertex 17.703 -1.62301 0.0530691
      vertex 17.5728 -1.61447 0.103127
      vertex 17.6895 -1.58319 0.0530691
    endloop
  endfacet
  facet normal 0.0979687 0.0867114 -0.991405
    outer loop
      vertex 30.0519 1.53981 0.002141
      vertex 30.0462 1.54625 0.002141
      vertex 30.1548 1.61876 0.0192146
    endloop
  endfacet
  facet normal 0.0727171 0.108693 -0.991412
    outer loop
      vertex 30.0398 1.55189 0.002141
      vertex 30.0327 1.55664 0.002141
      vertex 30.1188 1.65477 0.0192146
    endloop
  endfacet
  facet normal 0.118894 -0.597822 -0.792763
    outer loop
      vertex 30.0861 -2.15371 0.248159
      vertex 30.0725 -2.05082 0.16853
      vertex 30.1438 -2.03664 0.16853
    endloop
  endfacet
  facet normal 0.0976852 -0.491182 -0.865562
    outer loop
      vertex 30.0725 -2.05082 0.16853
      vertex 30.0577 -1.93851 0.103127
      vertex 30.1438 -2.03664 0.16853
    endloop
  endfacet
  facet normal 0.536656 -0.803327 -0.258198
    outer loop
      vertex 30.4904 -2.34939 0.804909
      vertex 30.4735 -2.32007 0.67856
      vertex 30.5971 -2.27811 0.804909
    endloop
  endfacet
  facet normal 0.427162 -0.86652 -0.258217
    outer loop
      vertex 30.4904 -2.34939 0.804909
      vertex 30.3753 -2.40613 0.804909
      vertex 30.4735 -2.32007 0.67856
    endloop
  endfacet
  facet normal 0.448999 -0.221557 -0.865628
    outer loop
      vertex 30.5133 -1.71261 0.16853
      vertex 30.383 -1.72114 0.103127
      vertex 30.4086 -1.66926 0.103127
    endloop
  endfacet
  facet normal 0.343919 -0.169706 -0.923536
    outer loop
      vertex 30.383 -1.72114 0.103127
      vertex 30.297 -1.62301 0.0530691
      vertex 30.4086 -1.66926 0.103127
    endloop
  endfacet
  facet normal 0.363157 -0.123284 -0.923535
    outer loop
      vertex 30.4086 -1.66926 0.103127
      vertex 30.297 -1.62301 0.0530691
      vertex 30.4272 -1.61447 0.103127
    endloop
  endfacet
  facet normal 0.343968 -0.169658 -0.923527
    outer loop
      vertex 30.383 -1.72114 0.103127
      vertex 30.2784 -1.66072 0.0530691
      vertex 30.297 -1.62301 0.0530691
    endloop
  endfacet
  facet normal -0.00854745 -0.130515 -0.991409
    outer loop
      vertex 18 -1.69509 0.0192146
      vertex 17.9745 -1.69342 0.0192146
      vertex 17.9915 -1.56484 0.002141
    endloop
  endfacet
  facet normal -0.0255508 -0.128267 -0.99141
    outer loop
      vertex 17.9745 -1.69342 0.0192146
      vertex 17.9495 -1.68844 0.0192146
      vertex 17.9915 -1.56484 0.002141
    endloop
  endfacet
  facet normal -0.383446 0.777094 -0.499093
    outer loop
      vertex 17.6818 2.26818 0.444429
      vertex 17.5843 2.22007 0.444429
      vertex 17.6568 2.3286 0.557711
    endloop
  endfacet
  facet normal -0.278512 0.820557 -0.499116
    outer loop
      vertex 17.6818 2.26818 0.444429
      vertex 17.6568 2.3286 0.557711
      vertex 17.7848 2.30314 0.444429
    endloop
  endfacet
  facet normal -0.351212 0.712113 -0.607902
    outer loop
      vertex 17.6241 2.15111 0.340653
      vertex 17.5843 2.22007 0.444429
      vertex 17.7123 2.19461 0.340653
    endloop
  endfacet
  facet normal -0.338785 0.506751 -0.792735
    outer loop
      vertex 17.7222 1.98114 0.16853
      vertex 17.6618 1.94076 0.16853
      vertex 17.6703 2.07101 0.248159
    endloop
  endfacet
  facet normal -0.69426 0.13819 -0.706333
    outer loop
      vertex 17.3463 1.58606 0.248159
      vertex 17.2546 1.59813 0.340653
      vertex 17.2738 1.69459 0.340653
    endloop
  endfacet
  facet normal -0.706382 0.04607 -0.70633
    outer loop
      vertex 17.3463 1.58606 0.248159
      vertex 17.2482 1.5 0.340653
      vertex 17.2546 1.59813 0.340653
    endloop
  endfacet
  facet normal -0.875043 0.296928 -0.382273
    outer loop
      vertex 17.1337 1.73213 0.557711
      vertex 17.0853 1.74508 0.67856
      vertex 17.1251 1.86237 0.67856
    endloop
  endfacet
  facet normal -0.849969 0.169152 -0.498939
    outer loop
      vertex 17.1756 1.60853 0.444429
      vertex 17.1108 1.61706 0.557711
      vertex 17.1337 1.73213 0.557711
    endloop
  endfacet
  facet normal -0.972516 0.192968 -0.130294
    outer loop
      vertex 17.0526 1.75385 0.804909
      vertex 17.0107 1.63025 0.934596
      vertex 17.0361 1.75826 0.934596
    endloop
  endfacet
  facet normal -0.938711 0.319137 -0.130284
    outer loop
      vertex 17.0526 1.75385 0.804909
      vertex 17.0361 1.75826 0.934596
      vertex 17.0939 1.87533 0.804909
    endloop
  endfacet
  facet normal -0.660499 0.441033 -0.607643
    outer loop
      vertex 17.3489 1.87592 0.340653
      vertex 17.3404 2.00617 0.444429
      vertex 17.4035 1.95769 0.340653
    endloop
  endfacet
  facet normal -0.596877 0.523902 -0.607671
    outer loop
      vertex 17.4035 1.95769 0.340653
      vertex 17.3404 2.00617 0.444429
      vertex 17.4684 2.03163 0.340653
    endloop
  endfacet
  facet normal -0.634675 0.31344 -0.70636
    outer loop
      vertex 17.3908 1.75232 0.248159
      vertex 17.3489 1.87592 0.340653
      vertex 17.429 1.82967 0.248159
    endloop
  endfacet
  facet normal -0.588622 0.393181 -0.706351
    outer loop
      vertex 17.429 1.82967 0.248159
      vertex 17.3489 1.87592 0.340653
      vertex 17.4769 1.90138 0.248159
    endloop
  endfacet
  facet normal 0.321463 0.946922 -0
    outer loop
      vertex 30.3819 2.4219 0.934596
      vertex 30.2583 2.46386 2.5
      vertex 30.3819 2.4219 2.5
    endloop
  endfacet
  facet normal 0.321463 0.946922 0
    outer loop
      vertex 30.2583 2.46386 2.5
      vertex 30.3819 2.4219 0.934596
      vertex 30.2583 2.46386 0.934596
    endloop
  endfacet
  facet normal 0.906384 -0.179814 -0.382275
    outer loop
      vertex 30.9147 -1.74508 0.67856
      vertex 30.8663 -1.73213 0.557711
      vertex 30.9388 -1.6236 0.67856
    endloop
  endfacet
  facet normal 0.90647 -0.180412 -0.38179
    outer loop
      vertex 30.9388 -1.6236 0.67856
      vertex 30.8663 -1.73213 0.557711
      vertex 30.8892 -1.61707 0.557711
    endloop
  endfacet
  facet normal 0.938708 -0.319136 -0.130308
    outer loop
      vertex 30.9639 -1.75827 0.934596
      vertex 30.9061 -1.87533 0.804909
      vertex 30.9474 -1.75385 0.804909
    endloop
  endfacet
  facet normal 0.938733 -0.319013 -0.13043
    outer loop
      vertex 30.9219 -1.88186 0.934596
      vertex 30.9061 -1.87533 0.804909
      vertex 30.9639 -1.75827 0.934596
    endloop
  endfacet
  facet normal 0.751781 -0.255087 -0.608075
    outer loop
      vertex 30.7682 -1.81819 0.444429
      vertex 30.6946 -1.78772 0.340653
      vertex 30.7262 -1.69459 0.340653
    endloop
  endfacet
  facet normal 0.752026 -0.254838 -0.607877
    outer loop
      vertex 30.7682 -1.81819 0.444429
      vertex 30.7262 -1.69459 0.340653
      vertex 30.8031 -1.7152 0.444429
    endloop
  endfacet
  facet normal 0.60826 -0.03958 -0.79275
    outer loop
      vertex 30.6537 -1.58606 0.248159
      vertex 30.5508 -1.57252 0.16853
      vertex 30.6593 -1.5 0.248159
    endloop
  endfacet
  facet normal 0.706337 -0.0459619 -0.706382
    outer loop
      vertex 30.7518 -1.5 0.340653
      vertex 30.6537 -1.58606 0.248159
      vertex 30.6593 -1.5 0.248159
    endloop
  endfacet
  facet normal 0.523607 -0.59677 -0.60803
    outer loop
      vertex 30.5062 -2.15965 0.444429
      vertex 30.4577 -2.09647 0.340653
      vertex 30.5316 -2.03163 0.340653
    endloop
  endfacet
  facet normal 0.440983 -0.660184 -0.608022
    outer loop
      vertex 30.5062 -2.15965 0.444429
      vertex 30.3759 -2.15111 0.340653
      vertex 30.4577 -2.09647 0.340653
    endloop
  endfacet
  facet normal 0.466927 -0.532036 -0.70634
    outer loop
      vertex 30.5316 -2.03163 0.340653
      vertex 30.4014 -2.0231 0.248159
      vertex 30.4662 -1.96623 0.248159
    endloop
  endfacet
  facet normal 0.46689 -0.532128 -0.706296
    outer loop
      vertex 30.4577 -2.09647 0.340653
      vertex 30.4014 -2.0231 0.248159
      vertex 30.5316 -2.03163 0.340653
    endloop
  endfacet
  facet normal 0.711965 -0.351139 -0.608117
    outer loop
      vertex 30.7201 -1.91574 0.444429
      vertex 30.6511 -1.87592 0.340653
      vertex 30.6946 -1.78772 0.340653
    endloop
  endfacet
  facet normal 0.63501 -0.313185 -0.706171
    outer loop
      vertex 30.6511 -1.87592 0.340653
      vertex 30.6092 -1.75232 0.248159
      vertex 30.6946 -1.78772 0.340653
    endloop
  endfacet
  facet normal 0.651487 -0.571256 -0.499231
    outer loop
      vertex 30.7115 -2.04598 0.557711
      vertex 30.5879 -2.08794 0.444429
      vertex 30.6596 -2.00617 0.444429
    endloop
  endfacet
  facet normal 0.651558 -0.571036 -0.49939
    outer loop
      vertex 30.6342 -2.13418 0.557711
      vertex 30.5879 -2.08794 0.444429
      vertex 30.7115 -2.04598 0.557711
    endloop
  endfacet
  facet normal 0.188487 0.947506 -0.258275
    outer loop
      vertex 30.2451 2.41466 0.67856
      vertex 30.1236 2.43883 0.67856
      vertex 30.2538 2.44737 0.804909
    endloop
  endfacet
  facet normal 0.310483 0.914836 -0.258217
    outer loop
      vertex 30.3624 2.37485 0.67856
      vertex 30.2451 2.41466 0.67856
      vertex 30.2538 2.44737 0.804909
    endloop
  endfacet
  facet normal 0 0 -1
    outer loop
      vertex 30 -1.5654 0.002141
      vertex 30.0654 -1.5 0.002141
      vertex 30.0648 -1.50854 0.002141
    endloop
  endfacet
  facet normal -0 0 -1
    outer loop
      vertex 30.0654 -1.5 0.002141
      vertex 30 -1.5654 0.002141
      vertex 30.0654 1.5 0.002141
    endloop
  endfacet
  facet normal 0 0 -1
    outer loop
      vertex 30 -1.5654 0.002141
      vertex 30.0648 -1.50854 0.002141
      vertex 30.0632 -1.51693 0.002141
    endloop
  endfacet
  facet normal 0 0 -1
    outer loop
      vertex 30 1.5654 0.002141
      vertex 30.0654 1.5 0.002141
      vertex 30 -1.5654 0.002141
    endloop
  endfacet
  facet normal 0 0 -1
    outer loop
      vertex 30 -1.5654 0.002141
      vertex 30.0632 -1.51693 0.002141
      vertex 30.0604 -1.52503 0.002141
    endloop
  endfacet
  facet normal 0 0 -1
    outer loop
      vertex 30.0654 1.5 0.002141
      vertex 30 1.5654 0.002141
      vertex 30.0648 1.50854 0.002141
    endloop
  endfacet
  facet normal 0 0 -1
    outer loop
      vertex 30 -1.5654 0.002141
      vertex 30.0604 -1.52503 0.002141
      vertex 30.0566 -1.5327 0.002141
    endloop
  endfacet
  facet normal 0 0 -1
    outer loop
      vertex 30.0648 1.50854 0.002141
      vertex 30 1.5654 0.002141
      vertex 30.0632 1.51693 0.002141
    endloop
  endfacet
  facet normal 0 0 -1
    outer loop
      vertex 30 -1.5654 0.002141
      vertex 30.0566 -1.5327 0.002141
      vertex 30.0519 -1.53981 0.002141
    endloop
  endfacet
  facet normal 0 0 -1
    outer loop
      vertex 30.0632 1.51693 0.002141
      vertex 30 1.5654 0.002141
      vertex 30.0604 1.52503 0.002141
    endloop
  endfacet
  facet normal 0 0 -1
    outer loop
      vertex 30 -1.5654 0.002141
      vertex 30.0519 -1.53981 0.002141
      vertex 30.0462 -1.54625 0.002141
    endloop
  endfacet
  facet normal 0 0 -1
    outer loop
      vertex 30.0604 1.52503 0.002141
      vertex 30 1.5654 0.002141
      vertex 30.0566 1.5327 0.002141
    endloop
  endfacet
  facet normal 0 0 -1
    outer loop
      vertex 30 -1.5654 0.002141
      vertex 30.0462 -1.54625 0.002141
      vertex 30.0398 -1.55189 0.002141
    endloop
  endfacet
  facet normal 0 0 -1
    outer loop
      vertex 30.0566 1.5327 0.002141
      vertex 30 1.5654 0.002141
      vertex 30.0519 1.53981 0.002141
    endloop
  endfacet
  facet normal 0 0 -1
    outer loop
      vertex 30 -1.5654 0.002141
      vertex 30.0398 -1.55189 0.002141
      vertex 30.0327 -1.55664 0.002141
    endloop
  endfacet
  facet normal 0 0 -1
    outer loop
      vertex 30.0519 1.53981 0.002141
      vertex 30 1.5654 0.002141
      vertex 30.0462 1.54625 0.002141
    endloop
  endfacet
  facet normal 0 0 -1
    outer loop
      vertex 30 -1.5654 0.002141
      vertex 30.0327 -1.55664 0.002141
      vertex 30.025 -1.56042 0.002141
    endloop
  endfacet
  facet normal 0 0 -1
    outer loop
      vertex 30.0462 1.54625 0.002141
      vertex 30 1.5654 0.002141
      vertex 30.0398 1.55189 0.002141
    endloop
  endfacet
  facet normal 0 0 -1
    outer loop
      vertex 30 -1.5654 0.002141
      vertex 30.025 -1.56042 0.002141
      vertex 30.0169 -1.56318 0.002141
    endloop
  endfacet
  facet normal 0 0 -1
    outer loop
      vertex 30.0398 1.55189 0.002141
      vertex 30 1.5654 0.002141
      vertex 30.0327 1.55664 0.002141
    endloop
  endfacet
  facet normal 0 0 -1
    outer loop
      vertex 30 -1.5654 0.002141
      vertex 30.0169 -1.56318 0.002141
      vertex 30.0085 -1.56484 0.002141
    endloop
  endfacet
  facet normal 0 0 -1
    outer loop
      vertex 30.0327 1.55664 0.002141
      vertex 30 1.5654 0.002141
      vertex 30.025 1.56042 0.002141
    endloop
  endfacet
  facet normal 0 0 -1
    outer loop
      vertex 30.025 1.56042 0.002141
      vertex 30 1.5654 0.002141
      vertex 30.0169 1.56317 0.002141
    endloop
  endfacet
  facet normal 0 0 -1
    outer loop
      vertex 30.0169 1.56317 0.002141
      vertex 30 1.5654 0.002141
      vertex 30.0085 1.56484 0.002141
    endloop
  endfacet
  facet normal 0 0 -1
    outer loop
      vertex 18 -1.5654 0.002141
      vertex 30 1.5654 0.002141
      vertex 30 -1.5654 0.002141
    endloop
  endfacet
  facet normal 0 0 -1
    outer loop
      vertex 18 -1.5654 0.002141
      vertex 18 1.5654 0.002141
      vertex 30 1.5654 0.002141
    endloop
  endfacet
  facet normal 0 0 -1
    outer loop
      vertex 17.9346 -1.5 0.002141
      vertex 18 -1.5654 0.002141
      vertex 17.9915 -1.56484 0.002141
    endloop
  endfacet
  facet normal 0 0 -1
    outer loop
      vertex 18 -1.5654 0.002141
      vertex 17.9346 -1.5 0.002141
      vertex 18 1.5654 0.002141
    endloop
  endfacet
  facet normal 0 0 -1
    outer loop
      vertex 17.9346 -1.5 0.002141
      vertex 17.9915 -1.56484 0.002141
      vertex 17.9831 -1.56318 0.002141
    endloop
  endfacet
  facet normal 0 0 -1
    outer loop
      vertex 17.9346 1.5 0.002141
      vertex 18 1.5654 0.002141
      vertex 17.9346 -1.5 0.002141
    endloop
  endfacet
  facet normal 0 0 -1
    outer loop
      vertex 17.9346 -1.5 0.002141
      vertex 17.9831 -1.56318 0.002141
      vertex 17.975 -1.56042 0.002141
    endloop
  endfacet
  facet normal 0 0 -1
    outer loop
      vertex 18 1.5654 0.002141
      vertex 17.9346 1.5 0.002141
      vertex 17.9915 1.56484 0.002141
    endloop
  endfacet
  facet normal 0 0 -1
    outer loop
      vertex 17.9346 -1.5 0.002141
      vertex 17.975 -1.56042 0.002141
      vertex 17.9673 -1.55664 0.002141
    endloop
  endfacet
  facet normal 0 0 -1
    outer loop
      vertex 17.9915 1.56484 0.002141
      vertex 17.9346 1.5 0.002141
      vertex 17.9831 1.56317 0.002141
    endloop
  endfacet
  facet normal 0 0 -1
    outer loop
      vertex 17.9346 -1.5 0.002141
      vertex 17.9673 -1.55664 0.002141
      vertex 17.9602 -1.55189 0.002141
    endloop
  endfacet
  facet normal 0 0 -1
    outer loop
      vertex 17.9831 1.56317 0.002141
      vertex 17.9346 1.5 0.002141
      vertex 17.975 1.56042 0.002141
    endloop
  endfacet
  facet normal 0 0 -1
    outer loop
      vertex 17.9346 -1.5 0.002141
      vertex 17.9602 -1.55189 0.002141
      vertex 17.9538 -1.54625 0.002141
    endloop
  endfacet
  facet normal 0 0 -1
    outer loop
      vertex 17.975 1.56042 0.002141
      vertex 17.9346 1.5 0.002141
      vertex 17.9673 1.55664 0.002141
    endloop
  endfacet
  facet normal 0 0 -1
    outer loop
      vertex 17.9346 -1.5 0.002141
      vertex 17.9538 -1.54625 0.002141
      vertex 17.9481 -1.53981 0.002141
    endloop
  endfacet
  facet normal 0 0 -1
    outer loop
      vertex 17.9673 1.55664 0.002141
      vertex 17.9346 1.5 0.002141
      vertex 17.9602 1.55189 0.002141
    endloop
  endfacet
  facet normal 0 0 -1
    outer loop
      vertex 17.9346 -1.5 0.002141
      vertex 17.9481 -1.53981 0.002141
      vertex 17.9434 -1.5327 0.002141
    endloop
  endfacet
  facet normal 0 0 -1
    outer loop
      vertex 17.9602 1.55189 0.002141
      vertex 17.9346 1.5 0.002141
      vertex 17.9538 1.54625 0.002141
    endloop
  endfacet
  facet normal 0 0 -1
    outer loop
      vertex 17.9346 -1.5 0.002141
      vertex 17.9434 -1.5327 0.002141
      vertex 17.9396 -1.52503 0.002141
    endloop
  endfacet
  facet normal 0 0 -1
    outer loop
      vertex 17.9538 1.54625 0.002141
      vertex 17.9346 1.5 0.002141
      vertex 17.9481 1.53981 0.002141
    endloop
  endfacet
  facet normal 0 0 -1
    outer loop
      vertex 17.9346 -1.5 0.002141
      vertex 17.9396 -1.52503 0.002141
      vertex 17.9368 -1.51693 0.002141
    endloop
  endfacet
  facet normal 0 0 -1
    outer loop
      vertex 17.9481 1.53981 0.002141
      vertex 17.9346 1.5 0.002141
      vertex 17.9434 1.5327 0.002141
    endloop
  endfacet
  facet normal 0 0 -1
    outer loop
      vertex 17.9346 -1.5 0.002141
      vertex 17.9368 -1.51693 0.002141
      vertex 17.9352 -1.50854 0.002141
    endloop
  endfacet
  facet normal 0 0 -1
    outer loop
      vertex 17.9434 1.5327 0.002141
      vertex 17.9346 1.5 0.002141
      vertex 17.9396 1.52503 0.002141
    endloop
  endfacet
  facet normal 0 0 -1
    outer loop
      vertex 17.9396 1.52503 0.002141
      vertex 17.9346 1.5 0.002141
      vertex 17.9368 1.51693 0.002141
    endloop
  endfacet
  facet normal 0 0 -1
    outer loop
      vertex 17.9368 1.51693 0.002141
      vertex 17.9346 1.5 0.002141
      vertex 17.9352 1.50854 0.002141
    endloop
  endfacet
  facet normal 0.232795 -0.113906 -0.965832
    outer loop
      vertex 30.297 -1.62301 0.0530691
      vertex 30.169 -1.59755 0.0192146
      vertex 30.1802 -1.57466 0.0192146
    endloop
  endfacet
  facet normal 0.24547 -0.0832789 -0.965821
    outer loop
      vertex 30.297 -1.62301 0.0530691
      vertex 30.1802 -1.57466 0.0192146
      vertex 30.1884 -1.55049 0.0192146
    endloop
  endfacet
  facet normal -0.312992 0.63501 -0.706257
    outer loop
      vertex 17.6703 2.07101 0.248159
      vertex 17.6241 2.15111 0.340653
      vertex 17.7477 2.10916 0.248159
    endloop
  endfacet
  facet normal -0.269501 0.546772 -0.792723
    outer loop
      vertex 17.7874 2.01328 0.16853
      vertex 17.6703 2.07101 0.248159
      vertex 17.7477 2.10916 0.248159
    endloop
  endfacet
  facet normal -0.875025 0.296952 -0.382298
    outer loop
      vertex 17.1337 1.73213 0.557711
      vertex 17.1251 1.86237 0.67856
      vertex 17.1714 1.84322 0.557711
    endloop
  endfacet
  facet normal -0.820449 0.278431 -0.49934
    outer loop
      vertex 17.1969 1.7152 0.444429
      vertex 17.1337 1.73213 0.557711
      vertex 17.1714 1.84322 0.557711
    endloop
  endfacet
  facet normal -0.866037 0 -0.499981
    outer loop
      vertex 17.1685 -1.5 0.444429
      vertex 17.1031 1.5 0.557711
      vertex 17.1685 1.5 0.444429
    endloop
  endfacet
  facet normal -0.866037 -0 -0.499981
    outer loop
      vertex 17.1031 1.5 0.557711
      vertex 17.1685 -1.5 0.444429
      vertex 17.1031 -1.5 0.557711
    endloop
  endfacet
  facet normal -0.924034 0 -0.382309
    outer loop
      vertex 17.1031 -1.5 0.557711
      vertex 17.0531 1.5 0.67856
      vertex 17.1031 1.5 0.557711
    endloop
  endfacet
  facet normal -0.924034 -0 -0.382309
    outer loop
      vertex 17.0531 1.5 0.67856
      vertex 17.1031 -1.5 0.557711
      vertex 17.0531 -1.5 0.67856
    endloop
  endfacet
  facet normal -0.963906 0.0632465 -0.25862
    outer loop
      vertex 17.0531 1.5 0.67856
      vertex 17.0192 1.5 0.804909
      vertex 17.0276 1.62802 0.804909
    endloop
  endfacet
  facet normal -0.98938 0.0649179 -0.130046
    outer loop
      vertex 17.0192 1.5 0.804909
      vertex 17.0107 1.63025 0.934596
      vertex 17.0276 1.62802 0.804909
    endloop
  endfacet
  facet normal -0.751781 0.255087 -0.608075
    outer loop
      vertex 17.2738 1.69459 0.340653
      vertex 17.2318 1.81819 0.444429
      vertex 17.3054 1.78772 0.340653
    endloop
  endfacet
  facet normal -0.712017 0.351118 -0.608069
    outer loop
      vertex 17.3054 1.78772 0.340653
      vertex 17.2318 1.81819 0.444429
      vertex 17.2799 1.91573 0.444429
    endloop
  endfacet
  facet normal -0.507055 0.338149 -0.792812
    outer loop
      vertex 17.5189 1.77778 0.16853
      vertex 17.429 1.82967 0.248159
      vertex 17.5592 1.83821 0.16853
    endloop
  endfacet
  facet normal -0.546406 0.269975 -0.792814
    outer loop
      vertex 17.4867 1.71261 0.16853
      vertex 17.429 1.82967 0.248159
      vertex 17.5189 1.77778 0.16853
    endloop
  endfacet
  facet normal 0.947599 -0.187991 -0.258294
    outer loop
      vertex 30.9474 -1.75385 0.804909
      vertex 30.9147 -1.74508 0.67856
      vertex 30.9388 -1.6236 0.67856
    endloop
  endfacet
  facet normal 0.914601 -0.311105 -0.258299
    outer loop
      vertex 30.9474 -1.75385 0.804909
      vertex 30.8748 -1.86238 0.67856
      vertex 30.9147 -1.74508 0.67856
    endloop
  endfacet
  facet normal 0.393337 -0.588651 -0.706241
    outer loop
      vertex 30.3759 -2.15111 0.340653
      vertex 30.3297 -2.07101 0.248159
      vertex 30.4014 -2.0231 0.248159
    endloop
  endfacet
  facet normal 0.338626 -0.506773 -0.792788
    outer loop
      vertex 30.4014 -2.0231 0.248159
      vertex 30.3297 -2.07101 0.248159
      vertex 30.3382 -1.94076 0.16853
    endloop
  endfacet
  facet normal 0.532095 -0.466865 -0.706337
    outer loop
      vertex 30.5316 -2.03163 0.340653
      vertex 30.4662 -1.96623 0.248159
      vertex 30.5231 -1.90138 0.248159
    endloop
  endfacet
  facet normal 0.458284 -0.402103 -0.792647
    outer loop
      vertex 30.4662 -1.96623 0.248159
      vertex 30.4408 -1.83821 0.16853
      vertex 30.5231 -1.90138 0.248159
    endloop
  endfacet
  facet normal 0.660499 -0.441033 -0.607643
    outer loop
      vertex 30.6596 -2.00617 0.444429
      vertex 30.5965 -1.95769 0.340653
      vertex 30.6511 -1.87592 0.340653
    endloop
  endfacet
  facet normal 0.588639 -0.39305 -0.706411
    outer loop
      vertex 30.5965 -1.95769 0.340653
      vertex 30.5231 -1.90138 0.248159
      vertex 30.6511 -1.87592 0.340653
    endloop
  endfacet
  facet normal -0.227581 0.670288 -0.706343
    outer loop
      vertex 17.7477 2.10916 0.248159
      vertex 17.7123 2.19461 0.340653
      vertex 17.8054 2.22622 0.340653
    endloop
  endfacet
  facet normal -0.227707 0.670305 -0.706286
    outer loop
      vertex 17.8293 2.13688 0.248159
      vertex 17.7477 2.10916 0.248159
      vertex 17.8054 2.22622 0.340653
    endloop
  endfacet
  facet normal -0.402016 0.458154 -0.792766
    outer loop
      vertex 17.6618 1.94076 0.16853
      vertex 17.5338 1.96623 0.248159
      vertex 17.5986 2.02309 0.248159
    endloop
  endfacet
  facet normal -0.466882 0.532078 -0.706338
    outer loop
      vertex 17.5338 1.96623 0.248159
      vertex 17.4684 2.03163 0.340653
      vertex 17.5986 2.02309 0.248159
    endloop
  endfacet
  facet normal -0.947479 0.188246 -0.258548
    outer loop
      vertex 17.0612 1.6236 0.67856
      vertex 17.0276 1.62802 0.804909
      vertex 17.0526 1.75385 0.804909
    endloop
  endfacet
  facet normal -0.906384 0.179814 -0.382275
    outer loop
      vertex 17.1337 1.73213 0.557711
      vertex 17.0612 1.6236 0.67856
      vertex 17.0853 1.74508 0.67856
    endloop
  endfacet
  facet normal -0.393194 0.58864 -0.706329
    outer loop
      vertex 17.5986 2.02309 0.248159
      vertex 17.5423 2.09647 0.340653
      vertex 17.6241 2.15111 0.340653
    endloop
  endfacet
  facet normal -0.466871 0.532106 -0.706325
    outer loop
      vertex 17.5986 2.02309 0.248159
      vertex 17.4684 2.03163 0.340653
      vertex 17.5423 2.09647 0.340653
    endloop
  endfacet
  facet normal -0.947599 0.187991 -0.258294
    outer loop
      vertex 17.0612 1.6236 0.67856
      vertex 17.0526 1.75385 0.804909
      vertex 17.0853 1.74508 0.67856
    endloop
  endfacet
  facet normal -0.914828 0.310428 -0.258311
    outer loop
      vertex 17.0853 1.74508 0.67856
      vertex 17.0526 1.75385 0.804909
      vertex 17.1251 1.86237 0.67856
    endloop
  endfacet
  facet normal 1 -0 0
    outer loop
      vertex 32 -3.5 3.5
      vertex 32 3.5 2.5
      vertex 32 3.5 3.5
    endloop
  endfacet
  facet normal 1 0 0
    outer loop
      vertex 32 3.5 2.5
      vertex 32 -3.5 3.5
      vertex 32 -3.5 2.5
    endloop
  endfacet
  facet normal 0 0 1
    outer loop
      vertex 32 3.5 3.5
      vertex 25.5 0 3.5
      vertex 32 -3.5 3.5
    endloop
  endfacet
  facet normal 0 0 1
    outer loop
      vertex 32 3.5 3.5
      vertex 25.4872 0.195788 3.5
      vertex 25.5 0 3.5
    endloop
  endfacet
  facet normal 0 0 1
    outer loop
      vertex 32 3.5 3.5
      vertex 25.4489 0.388228 3.5
      vertex 25.4872 0.195788 3.5
    endloop
  endfacet
  facet normal 0 0 1
    outer loop
      vertex 32 3.5 3.5
      vertex 25.3858 0.574024 3.5
      vertex 25.4489 0.388228 3.5
    endloop
  endfacet
  facet normal 0 0 1
    outer loop
      vertex 32 3.5 3.5
      vertex 25.299 0.75 3.5
      vertex 25.3858 0.574024 3.5
    endloop
  endfacet
  facet normal 0 0 1
    outer loop
      vertex 32 3.5 3.5
      vertex 25.19 0.913141 3.5
      vertex 25.299 0.75 3.5
    endloop
  endfacet
  facet normal 0 0 1
    outer loop
      vertex 32 3.5 3.5
      vertex 25.0607 1.06066 3.5
      vertex 25.19 0.913141 3.5
    endloop
  endfacet
  facet normal 0 0 1
    outer loop
      vertex 32 3.5 3.5
      vertex 24.9131 1.19003 3.5
      vertex 25.0607 1.06066 3.5
    endloop
  endfacet
  facet normal 0 0 1
    outer loop
      vertex 32 3.5 3.5
      vertex 24.75 1.29904 3.5
      vertex 24.9131 1.19003 3.5
    endloop
  endfacet
  facet normal 0 0 1
    outer loop
      vertex 32 3.5 3.5
      vertex 24.574 1.38582 3.5
      vertex 24.75 1.29904 3.5
    endloop
  endfacet
  facet normal 0 0 1
    outer loop
      vertex 32 3.5 3.5
      vertex 24.3882 1.44889 3.5
      vertex 24.574 1.38582 3.5
    endloop
  endfacet
  facet normal 0 0 1
    outer loop
      vertex 32 3.5 3.5
      vertex 24.1958 1.48717 3.5
      vertex 24.3882 1.44889 3.5
    endloop
  endfacet
  facet normal 0 0 1
    outer loop
      vertex 32 3.5 3.5
      vertex 24 1.5 3.5
      vertex 24.1958 1.48717 3.5
    endloop
  endfacet
  facet normal -0 0 1
    outer loop
      vertex 16 3.5 3.5
      vertex 24 1.5 3.5
      vertex 32 3.5 3.5
    endloop
  endfacet
  facet normal 0 0 1
    outer loop
      vertex 24 1.5 3.5
      vertex 16 3.5 3.5
      vertex 23.8042 1.48717 3.5
    endloop
  endfacet
  facet normal 0 0 1
    outer loop
      vertex 22.5128 0.195788 3.5
      vertex 16 3.5 3.5
      vertex 22.5 0 3.5
    endloop
  endfacet
  facet normal 0 0 1
    outer loop
      vertex 22.5511 0.388228 3.5
      vertex 16 3.5 3.5
      vertex 22.5128 0.195788 3.5
    endloop
  endfacet
  facet normal 0 0 1
    outer loop
      vertex 22.6142 0.574024 3.5
      vertex 16 3.5 3.5
      vertex 22.5511 0.388228 3.5
    endloop
  endfacet
  facet normal 0 0 1
    outer loop
      vertex 22.701 0.75 3.5
      vertex 16 3.5 3.5
      vertex 22.6142 0.574024 3.5
    endloop
  endfacet
  facet normal 0 0 1
    outer loop
      vertex 22.81 0.913141 3.5
      vertex 16 3.5 3.5
      vertex 22.701 0.75 3.5
    endloop
  endfacet
  facet normal 0 0 1
    outer loop
      vertex 22.9393 1.06066 3.5
      vertex 16 3.5 3.5
      vertex 22.81 0.913141 3.5
    endloop
  endfacet
  facet normal 0 0 1
    outer loop
      vertex 23.0869 1.19003 3.5
      vertex 16 3.5 3.5
      vertex 22.9393 1.06066 3.5
    endloop
  endfacet
  facet normal 0 0 1
    outer loop
      vertex 23.25 1.29904 3.5
      vertex 16 3.5 3.5
      vertex 23.0869 1.19003 3.5
    endloop
  endfacet
  facet normal 0 0 1
    outer loop
      vertex 23.426 1.38582 3.5
      vertex 16 3.5 3.5
      vertex 23.25 1.29904 3.5
    endloop
  endfacet
  facet normal 0 0 1
    outer loop
      vertex 23.6118 1.44889 3.5
      vertex 16 3.5 3.5
      vertex 23.426 1.38582 3.5
    endloop
  endfacet
  facet normal 0 0 1
    outer loop
      vertex 23.8042 1.48717 3.5
      vertex 16 3.5 3.5
      vertex 23.6118 1.44889 3.5
    endloop
  endfacet
  facet normal -0 0 1
    outer loop
      vertex 25.4872 -0.195788 3.5
      vertex 32 -3.5 3.5
      vertex 25.5 0 3.5
    endloop
  endfacet
  facet normal -0 0 1
    outer loop
      vertex 25.4489 -0.388228 3.5
      vertex 32 -3.5 3.5
      vertex 25.4872 -0.195788 3.5
    endloop
  endfacet
  facet normal -0 0 1
    outer loop
      vertex 25.3858 -0.574024 3.5
      vertex 32 -3.5 3.5
      vertex 25.4489 -0.388228 3.5
    endloop
  endfacet
  facet normal -0 0 1
    outer loop
      vertex 25.299 -0.75 3.5
      vertex 32 -3.5 3.5
      vertex 25.3858 -0.574024 3.5
    endloop
  endfacet
  facet normal -0 0 1
    outer loop
      vertex 25.19 -0.913141 3.5
      vertex 32 -3.5 3.5
      vertex 25.299 -0.75 3.5
    endloop
  endfacet
  facet normal -0 0 1
    outer loop
      vertex 25.0607 -1.06066 3.5
      vertex 32 -3.5 3.5
      vertex 25.19 -0.913141 3.5
    endloop
  endfacet
  facet normal -0 0 1
    outer loop
      vertex 24.9131 -1.19003 3.5
      vertex 32 -3.5 3.5
      vertex 25.0607 -1.06066 3.5
    endloop
  endfacet
  facet normal -0 0 1
    outer loop
      vertex 24.75 -1.29904 3.5
      vertex 32 -3.5 3.5
      vertex 24.9131 -1.19003 3.5
    endloop
  endfacet
  facet normal -0 0 1
    outer loop
      vertex 24.574 -1.38582 3.5
      vertex 32 -3.5 3.5
      vertex 24.75 -1.29904 3.5
    endloop
  endfacet
  facet normal -0 0 1
    outer loop
      vertex 24.3882 -1.44889 3.5
      vertex 32 -3.5 3.5
      vertex 24.574 -1.38582 3.5
    endloop
  endfacet
  facet normal -0 0 1
    outer loop
      vertex 24.1958 -1.48717 3.5
      vertex 32 -3.5 3.5
      vertex 24.3882 -1.44889 3.5
    endloop
  endfacet
  facet normal -0 0 1
    outer loop
      vertex 24 -1.5 3.5
      vertex 32 -3.5 3.5
      vertex 24.1958 -1.48717 3.5
    endloop
  endfacet
  facet normal 0 0 1
    outer loop
      vertex 16 -3.5 3.5
      vertex 24 -1.5 3.5
      vertex 23.8042 -1.48717 3.5
    endloop
  endfacet
  facet normal 0 0 1
    outer loop
      vertex 16 -3.5 3.5
      vertex 23.8042 -1.48717 3.5
      vertex 23.6118 -1.44889 3.5
    endloop
  endfacet
  facet normal 0 0 1
    outer loop
      vertex 16 -3.5 3.5
      vertex 22.5 0 3.5
      vertex 16 3.5 3.5
    endloop
  endfacet
  facet normal 0 0 1
    outer loop
      vertex 22.5 0 3.5
      vertex 16 -3.5 3.5
      vertex 22.5128 -0.195788 3.5
    endloop
  endfacet
  facet normal 0 0 1
    outer loop
      vertex 22.5128 -0.195788 3.5
      vertex 16 -3.5 3.5
      vertex 22.5511 -0.388228 3.5
    endloop
  endfacet
  facet normal 0 0 1
    outer loop
      vertex 22.5511 -0.388228 3.5
      vertex 16 -3.5 3.5
      vertex 22.6142 -0.574024 3.5
    endloop
  endfacet
  facet normal 0 0 1
    outer loop
      vertex 22.6142 -0.574024 3.5
      vertex 16 -3.5 3.5
      vertex 22.701 -0.75 3.5
    endloop
  endfacet
  facet normal 0 0 1
    outer loop
      vertex 22.701 -0.75 3.5
      vertex 16 -3.5 3.5
      vertex 22.81 -0.913141 3.5
    endloop
  endfacet
  facet normal 0 0 1
    outer loop
      vertex 22.81 -0.913141 3.5
      vertex 16 -3.5 3.5
      vertex 22.9393 -1.06066 3.5
    endloop
  endfacet
  facet normal 0 0 1
    outer loop
      vertex 22.9393 -1.06066 3.5
      vertex 16 -3.5 3.5
      vertex 23.0869 -1.19003 3.5
    endloop
  endfacet
  facet normal 0 0 1
    outer loop
      vertex 24 -1.5 3.5
      vertex 16 -3.5 3.5
      vertex 32 -3.5 3.5
    endloop
  endfacet
  facet normal 0 0 1
    outer loop
      vertex 23.426 -1.38582 3.5
      vertex 16 -3.5 3.5
      vertex 23.6118 -1.44889 3.5
    endloop
  endfacet
  facet normal 0 0 1
    outer loop
      vertex 23.25 -1.29904 3.5
      vertex 16 -3.5 3.5
      vertex 23.426 -1.38582 3.5
    endloop
  endfacet
  facet normal 0 0 1
    outer loop
      vertex 23.0869 -1.19003 3.5
      vertex 16 -3.5 3.5
      vertex 23.25 -1.29904 3.5
    endloop
  endfacet
  facet normal 0 0 -1
    outer loop
      vertex 32 -3.5 2.5
      vertex 30.9979 -1.5 2.5
      vertex 32 3.5 2.5
    endloop
  endfacet
  facet normal 0 0 -1
    outer loop
      vertex 32 -3.5 2.5
      vertex 30.9893 -1.63025 2.5
      vertex 30.9979 -1.5 2.5
    endloop
  endfacet
  facet normal 0 0 -1
    outer loop
      vertex 32 -3.5 2.5
      vertex 30.9639 -1.75827 2.5
      vertex 30.9893 -1.63025 2.5
    endloop
  endfacet
  facet normal 0 0 -1
    outer loop
      vertex 32 -3.5 2.5
      vertex 30.9219 -1.88186 2.5
      vertex 30.9639 -1.75827 2.5
    endloop
  endfacet
  facet normal 0 0 -1
    outer loop
      vertex 32 -3.5 2.5
      vertex 30.8642 -1.99893 2.5
      vertex 30.9219 -1.88186 2.5
    endloop
  endfacet
  facet normal 0 0 -1
    outer loop
      vertex 32 -3.5 2.5
      vertex 30.7917 -2.10746 2.5
      vertex 30.8642 -1.99893 2.5
    endloop
  endfacet
  facet normal 0 0 -1
    outer loop
      vertex 32 -3.5 2.5
      vertex 30.7056 -2.20559 2.5
      vertex 30.7917 -2.10746 2.5
    endloop
  endfacet
  facet normal 0 0 -1
    outer loop
      vertex 32 -3.5 2.5
      vertex 30.6075 -2.29166 2.5
      vertex 30.7056 -2.20559 2.5
    endloop
  endfacet
  facet normal 0 0 -1
    outer loop
      vertex 32 -3.5 2.5
      vertex 30.4989 -2.36417 2.5
      vertex 30.6075 -2.29166 2.5
    endloop
  endfacet
  facet normal 0 0 -1
    outer loop
      vertex 32 -3.5 2.5
      vertex 30.3819 -2.4219 2.5
      vertex 30.4989 -2.36417 2.5
    endloop
  endfacet
  facet normal 0 0 -1
    outer loop
      vertex 32 -3.5 2.5
      vertex 30.2583 -2.46386 2.5
      vertex 30.3819 -2.4219 2.5
    endloop
  endfacet
  facet normal 0 0 -1
    outer loop
      vertex 32 -3.5 2.5
      vertex 30.1302 -2.48932 2.5
      vertex 30.2583 -2.46386 2.5
    endloop
  endfacet
  facet normal 0 0 -1
    outer loop
      vertex 32 -3.5 2.5
      vertex 30 -2.49786 2.5
      vertex 30.1302 -2.48932 2.5
    endloop
  endfacet
  facet normal 0 0 -1
    outer loop
      vertex 32 -3.5 2.5
      vertex 18 -2.49786 2.5
      vertex 30 -2.49786 2.5
    endloop
  endfacet
  facet normal 0 0 -1
    outer loop
      vertex 16 -3.5 2.5
      vertex 18 -2.49786 2.5
      vertex 32 -3.5 2.5
    endloop
  endfacet
  facet normal -0 0 -1
    outer loop
      vertex 17.0021 -1.5 2.5
      vertex 16 -3.5 2.5
      vertex 17.0021 1.5 2.5
    endloop
  endfacet
  facet normal -0 0 -1
    outer loop
      vertex 17.0107 -1.63025 2.5
      vertex 16 -3.5 2.5
      vertex 17.0021 -1.5 2.5
    endloop
  endfacet
  facet normal -0 0 -1
    outer loop
      vertex 17.0361 -1.75827 2.5
      vertex 16 -3.5 2.5
      vertex 17.0107 -1.63025 2.5
    endloop
  endfacet
  facet normal -0 0 -1
    outer loop
      vertex 17.0781 -1.88186 2.5
      vertex 16 -3.5 2.5
      vertex 17.0361 -1.75827 2.5
    endloop
  endfacet
  facet normal -0 0 -1
    outer loop
      vertex 17.1358 -1.99893 2.5
      vertex 16 -3.5 2.5
      vertex 17.0781 -1.88186 2.5
    endloop
  endfacet
  facet normal -0 0 -1
    outer loop
      vertex 17.2083 -2.10746 2.5
      vertex 16 -3.5 2.5
      vertex 17.1358 -1.99893 2.5
    endloop
  endfacet
  facet normal -0 0 -1
    outer loop
      vertex 17.2944 -2.20559 2.5
      vertex 16 -3.5 2.5
      vertex 17.2083 -2.10746 2.5
    endloop
  endfacet
  facet normal -0 0 -1
    outer loop
      vertex 17.3925 -2.29166 2.5
      vertex 16 -3.5 2.5
      vertex 17.2944 -2.20559 2.5
    endloop
  endfacet
  facet normal -0 0 -1
    outer loop
      vertex 17.5011 -2.36417 2.5
      vertex 16 -3.5 2.5
      vertex 17.3925 -2.29166 2.5
    endloop
  endfacet
  facet normal -0 0 -1
    outer loop
      vertex 17.6181 -2.4219 2.5
      vertex 16 -3.5 2.5
      vertex 17.5011 -2.36417 2.5
    endloop
  endfacet
  facet normal -0 0 -1
    outer loop
      vertex 17.7417 -2.46386 2.5
      vertex 16 -3.5 2.5
      vertex 17.6181 -2.4219 2.5
    endloop
  endfacet
  facet normal -0 0 -1
    outer loop
      vertex 17.8698 -2.48932 2.5
      vertex 16 -3.5 2.5
      vertex 17.7417 -2.46386 2.5
    endloop
  endfacet
  facet normal -0 0 -1
    outer loop
      vertex 18 -2.49786 2.5
      vertex 16 -3.5 2.5
      vertex 17.8698 -2.48932 2.5
    endloop
  endfacet
  facet normal 0 0 -1
    outer loop
      vertex 30.9979 1.5 2.5
      vertex 32 3.5 2.5
      vertex 30.9979 -1.5 2.5
    endloop
  endfacet
  facet normal 0 0 -1
    outer loop
      vertex 30.9893 1.63025 2.5
      vertex 32 3.5 2.5
      vertex 30.9979 1.5 2.5
    endloop
  endfacet
  facet normal 0 0 -1
    outer loop
      vertex 30.9639 1.75826 2.5
      vertex 32 3.5 2.5
      vertex 30.9893 1.63025 2.5
    endloop
  endfacet
  facet normal 0 0 -1
    outer loop
      vertex 30.9219 1.88186 2.5
      vertex 32 3.5 2.5
      vertex 30.9639 1.75826 2.5
    endloop
  endfacet
  facet normal 0 0 -1
    outer loop
      vertex 30.8642 1.99893 2.5
      vertex 32 3.5 2.5
      vertex 30.9219 1.88186 2.5
    endloop
  endfacet
  facet normal 0 0 -1
    outer loop
      vertex 30.7917 2.10746 2.5
      vertex 32 3.5 2.5
      vertex 30.8642 1.99893 2.5
    endloop
  endfacet
  facet normal 0 0 -1
    outer loop
      vertex 30.7056 2.20559 2.5
      vertex 32 3.5 2.5
      vertex 30.7917 2.10746 2.5
    endloop
  endfacet
  facet normal 0 0 -1
    outer loop
      vertex 30.6075 2.29165 2.5
      vertex 32 3.5 2.5
      vertex 30.7056 2.20559 2.5
    endloop
  endfacet
  facet normal 0 0 -1
    outer loop
      vertex 30.4989 2.36417 2.5
      vertex 32 3.5 2.5
      vertex 30.6075 2.29165 2.5
    endloop
  endfacet
  facet normal 0 0 -1
    outer loop
      vertex 30.3819 2.4219 2.5
      vertex 32 3.5 2.5
      vertex 30.4989 2.36417 2.5
    endloop
  endfacet
  facet normal 0 0 -1
    outer loop
      vertex 30.2583 2.46386 2.5
      vertex 32 3.5 2.5
      vertex 30.3819 2.4219 2.5
    endloop
  endfacet
  facet normal 0 0 -1
    outer loop
      vertex 30.1302 2.48932 2.5
      vertex 32 3.5 2.5
      vertex 30.2583 2.46386 2.5
    endloop
  endfacet
  facet normal 0 0 -1
    outer loop
      vertex 30 2.49786 2.5
      vertex 32 3.5 2.5
      vertex 30.1302 2.48932 2.5
    endloop
  endfacet
  facet normal 0 0 -1
    outer loop
      vertex 18 2.49786 2.5
      vertex 32 3.5 2.5
      vertex 30 2.49786 2.5
    endloop
  endfacet
  facet normal 0 0 -1
    outer loop
      vertex 16 3.5 2.5
      vertex 18 2.49786 2.5
      vertex 17.8698 2.48932 2.5
    endloop
  endfacet
  facet normal 0 0 -1
    outer loop
      vertex 16 3.5 2.5
      vertex 17.0021 1.5 2.5
      vertex 16 -3.5 2.5
    endloop
  endfacet
  facet normal 0 0 -1
    outer loop
      vertex 18 2.49786 2.5
      vertex 16 3.5 2.5
      vertex 32 3.5 2.5
    endloop
  endfacet
  facet normal 0 0 -1
    outer loop
      vertex 17.7417 2.46386 2.5
      vertex 16 3.5 2.5
      vertex 17.8698 2.48932 2.5
    endloop
  endfacet
  facet normal 0 0 -1
    outer loop
      vertex 17.6181 2.4219 2.5
      vertex 16 3.5 2.5
      vertex 17.7417 2.46386 2.5
    endloop
  endfacet
  facet normal 0 0 -1
    outer loop
      vertex 17.5011 2.36417 2.5
      vertex 16 3.5 2.5
      vertex 17.6181 2.4219 2.5
    endloop
  endfacet
  facet normal 0 0 -1
    outer loop
      vertex 17.3925 2.29165 2.5
      vertex 16 3.5 2.5
      vertex 17.5011 2.36417 2.5
    endloop
  endfacet
  facet normal 0 0 -1
    outer loop
      vertex 17.2944 2.20559 2.5
      vertex 16 3.5 2.5
      vertex 17.3925 2.29165 2.5
    endloop
  endfacet
  facet normal 0 0 -1
    outer loop
      vertex 17.2083 2.10746 2.5
      vertex 16 3.5 2.5
      vertex 17.2944 2.20559 2.5
    endloop
  endfacet
  facet normal 0 0 -1
    outer loop
      vertex 17.1358 1.99893 2.5
      vertex 16 3.5 2.5
      vertex 17.2083 2.10746 2.5
    endloop
  endfacet
  facet normal 0 0 -1
    outer loop
      vertex 17.0781 1.88186 2.5
      vertex 16 3.5 2.5
      vertex 17.1358 1.99893 2.5
    endloop
  endfacet
  facet normal 0 0 -1
    outer loop
      vertex 17.0361 1.75826 2.5
      vertex 16 3.5 2.5
      vertex 17.0781 1.88186 2.5
    endloop
  endfacet
  facet normal 0 0 -1
    outer loop
      vertex 17.0107 1.63025 2.5
      vertex 16 3.5 2.5
      vertex 17.0361 1.75826 2.5
    endloop
  endfacet
  facet normal 0 0 -1
    outer loop
      vertex 17.0021 1.5 2.5
      vertex 16 3.5 2.5
      vertex 17.0107 1.63025 2.5
    endloop
  endfacet
  facet normal -1 0 0
    outer loop
      vertex 16 -3.5 2.5
      vertex 16 3.5 3.5
      vertex 16 3.5 2.5
    endloop
  endfacet
  facet normal -1 -0 0
    outer loop
      vertex 16 3.5 3.5
      vertex 16 -3.5 2.5
      vertex 16 -3.5 3.5
    endloop
  endfacet
  facet normal 0 1 -0
    outer loop
      vertex 32 3.5 2.5
      vertex 16 3.5 3.5
      vertex 32 3.5 3.5
    endloop
  endfacet
  facet normal 0 1 0
    outer loop
      vertex 16 3.5 3.5
      vertex 32 3.5 2.5
      vertex 16 3.5 2.5
    endloop
  endfacet
  facet normal 0 -1 0
    outer loop
      vertex 16 -3.5 2.5
      vertex 32 -3.5 3.5
      vertex 16 -3.5 3.5
    endloop
  endfacet
  facet normal 0 -1 -0
    outer loop
      vertex 32 -3.5 3.5
      vertex 16 -3.5 2.5
      vertex 32 -3.5 2.5
    endloop
  endfacet
  facet normal 0.980764 0.195195 0
    outer loop
      vertex 25.4872 0.195788 5.6
      vertex 25.4489 0.388228 3.5
      vertex 25.4489 0.388228 5.6
    endloop
  endfacet
  facet normal 0.980764 0.195195 0
    outer loop
      vertex 25.4489 0.388228 3.5
      vertex 25.4872 0.195788 5.6
      vertex 25.4872 0.195788 3.5
    endloop
  endfacet
  facet normal 0.99787 0.0652376 0
    outer loop
      vertex 25.5 0 5.6
      vertex 25.4872 0.195788 3.5
      vertex 25.4872 0.195788 5.6
    endloop
  endfacet
  facet normal 0.99787 0.0652376 0
    outer loop
      vertex 25.4872 0.195788 3.5
      vertex 25.5 0 5.6
      vertex 25.5 0 3.5
    endloop
  endfacet
  facet normal 0.321437 -0.946931 0
    outer loop
      vertex 24.3882 -1.44889 3.5
      vertex 24.574 -1.38582 5.6
      vertex 24.3882 -1.44889 5.6
    endloop
  endfacet
  facet normal 0.321437 -0.946931 0
    outer loop
      vertex 24.574 -1.38582 5.6
      vertex 24.3882 -1.44889 3.5
      vertex 24.574 -1.38582 3.5
    endloop
  endfacet
  facet normal 0.831487 0.555544 0
    outer loop
      vertex 25.299 0.75 5.6
      vertex 25.19 0.913141 3.5
      vertex 25.19 0.913141 5.6
    endloop
  endfacet
  facet normal 0.831487 0.555544 0
    outer loop
      vertex 25.19 0.913141 3.5
      vertex 25.299 0.75 5.6
      vertex 25.299 0.75 3.5
    endloop
  endfacet
  facet normal -0.896836 0.442363 0
    outer loop
      vertex 22.6142 0.574024 3.5
      vertex 22.701 0.75 5.6
      vertex 22.701 0.75 3.5
    endloop
  endfacet
  facet normal -0.896836 0.442363 0
    outer loop
      vertex 22.701 0.75 5.6
      vertex 22.6142 0.574024 3.5
      vertex 22.6142 0.574024 5.6
    endloop
  endfacet
  facet normal -0.555676 0.831399 0
    outer loop
      vertex 23.25 1.29904 3.5
      vertex 23.0869 1.19003 5.6
      vertex 23.25 1.29904 5.6
    endloop
  endfacet
  facet normal -0.555676 0.831399 0
    outer loop
      vertex 23.0869 1.19003 5.6
      vertex 23.25 1.29904 3.5
      vertex 23.0869 1.19003 3.5
    endloop
  endfacet
  facet normal -0.659139 0.752021 0
    outer loop
      vertex 23.0869 1.19003 3.5
      vertex 22.9393 1.06066 5.6
      vertex 23.0869 1.19003 5.6
    endloop
  endfacet
  facet normal -0.659139 0.752021 0
    outer loop
      vertex 22.9393 1.06066 5.6
      vertex 23.0869 1.19003 3.5
      vertex 22.9393 1.06066 3.5
    endloop
  endfacet
  facet normal -0.752018 0.659142 0
    outer loop
      vertex 22.81 0.913141 3.5
      vertex 22.9393 1.06066 5.6
      vertex 22.9393 1.06066 3.5
    endloop
  endfacet
  facet normal -0.752018 0.659142 0
    outer loop
      vertex 22.9393 1.06066 5.6
      vertex 22.81 0.913141 3.5
      vertex 22.81 0.913141 5.6
    endloop
  endfacet
  facet normal 0.946882 -0.32158 0
    outer loop
      vertex 25.3858 -0.574024 5.6
      vertex 25.4489 -0.388228 3.5
      vertex 25.4489 -0.388228 5.6
    endloop
  endfacet
  facet normal 0.946882 -0.32158 0
    outer loop
      vertex 25.4489 -0.388228 3.5
      vertex 25.3858 -0.574024 5.6
      vertex 25.3858 -0.574024 3.5
    endloop
  endfacet
  facet normal -0.99787 0.0652376 0
    outer loop
      vertex 22.5 0 3.5
      vertex 22.5128 0.195788 5.6
      vertex 22.5128 0.195788 3.5
    endloop
  endfacet
  facet normal -0.99787 0.0652376 0
    outer loop
      vertex 22.5128 0.195788 5.6
      vertex 22.5 0 3.5
      vertex 22.5 0 5.6
    endloop
  endfacet
  facet normal 0.555676 0.831399 -0
    outer loop
      vertex 24.9131 1.19003 3.5
      vertex 24.75 1.29904 5.6
      vertex 24.9131 1.19003 5.6
    endloop
  endfacet
  facet normal 0.555676 0.831399 0
    outer loop
      vertex 24.75 1.29904 5.6
      vertex 24.9131 1.19003 3.5
      vertex 24.75 1.29904 3.5
    endloop
  endfacet
  facet normal -0.321437 -0.946931 0
    outer loop
      vertex 23.426 -1.38582 3.5
      vertex 23.6118 -1.44889 5.6
      vertex 23.426 -1.38582 5.6
    endloop
  endfacet
  facet normal -0.321437 -0.946931 -0
    outer loop
      vertex 23.6118 -1.44889 5.6
      vertex 23.426 -1.38582 3.5
      vertex 23.6118 -1.44889 3.5
    endloop
  endfacet
  facet normal 0.195136 -0.980776 0
    outer loop
      vertex 24.1958 -1.48717 3.5
      vertex 24.3882 -1.44889 5.6
      vertex 24.1958 -1.48717 5.6
    endloop
  endfacet
  facet normal 0.195136 -0.980776 0
    outer loop
      vertex 24.3882 -1.44889 5.6
      vertex 24.1958 -1.48717 3.5
      vertex 24.3882 -1.44889 3.5
    endloop
  endfacet
  facet normal -0.321437 0.946931 0
    outer loop
      vertex 23.6118 1.44889 3.5
      vertex 23.426 1.38582 5.6
      vertex 23.6118 1.44889 5.6
    endloop
  endfacet
  facet normal -0.321437 0.946931 0
    outer loop
      vertex 23.426 1.38582 5.6
      vertex 23.6118 1.44889 3.5
      vertex 23.426 1.38582 3.5
    endloop
  endfacet
  facet normal -0.831487 -0.555544 0
    outer loop
      vertex 22.81 -0.913141 3.5
      vertex 22.701 -0.75 5.6
      vertex 22.701 -0.75 3.5
    endloop
  endfacet
  facet normal -0.831487 -0.555544 0
    outer loop
      vertex 22.701 -0.75 5.6
      vertex 22.81 -0.913141 3.5
      vertex 22.81 -0.913141 5.6
    endloop
  endfacet
  facet normal 0.555676 -0.831399 0
    outer loop
      vertex 24.75 -1.29904 3.5
      vertex 24.9131 -1.19003 5.6
      vertex 24.75 -1.29904 5.6
    endloop
  endfacet
  facet normal 0.555676 -0.831399 0
    outer loop
      vertex 24.9131 -1.19003 5.6
      vertex 24.75 -1.29904 3.5
      vertex 24.9131 -1.19003 3.5
    endloop
  endfacet
  facet normal -0.946882 0.32158 0
    outer loop
      vertex 22.5511 0.388228 3.5
      vertex 22.6142 0.574024 5.6
      vertex 22.6142 0.574024 3.5
    endloop
  endfacet
  facet normal -0.946882 0.32158 0
    outer loop
      vertex 22.6142 0.574024 5.6
      vertex 22.5511 0.388228 3.5
      vertex 22.5511 0.388228 5.6
    endloop
  endfacet
  facet normal 0.321437 0.946931 -0
    outer loop
      vertex 24.574 1.38582 3.5
      vertex 24.3882 1.44889 5.6
      vertex 24.574 1.38582 5.6
    endloop
  endfacet
  facet normal 0.321437 0.946931 0
    outer loop
      vertex 24.3882 1.44889 5.6
      vertex 24.574 1.38582 3.5
      vertex 24.3882 1.44889 3.5
    endloop
  endfacet
  facet normal 0.0653858 0.99786 -0
    outer loop
      vertex 24.1958 1.48717 3.5
      vertex 24 1.5 5.6
      vertex 24.1958 1.48717 5.6
    endloop
  endfacet
  facet normal 0.0653858 0.99786 0
    outer loop
      vertex 24 1.5 5.6
      vertex 24.1958 1.48717 3.5
      vertex 24 1.5 3.5
    endloop
  endfacet
  facet normal -0.442233 0.8969 0
    outer loop
      vertex 23.426 1.38582 3.5
      vertex 23.25 1.29904 5.6
      vertex 23.426 1.38582 5.6
    endloop
  endfacet
  facet normal -0.442233 0.8969 0
    outer loop
      vertex 23.25 1.29904 5.6
      vertex 23.426 1.38582 3.5
      vertex 23.25 1.29904 3.5
    endloop
  endfacet
  facet normal 0.831487 -0.555544 0
    outer loop
      vertex 25.19 -0.913141 5.6
      vertex 25.299 -0.75 3.5
      vertex 25.299 -0.75 5.6
    endloop
  endfacet
  facet normal 0.831487 -0.555544 0
    outer loop
      vertex 25.299 -0.75 3.5
      vertex 25.19 -0.913141 5.6
      vertex 25.19 -0.913141 3.5
    endloop
  endfacet
  facet normal -0.99787 -0.0652376 0
    outer loop
      vertex 22.5128 -0.195788 3.5
      vertex 22.5 0 5.6
      vertex 22.5 0 3.5
    endloop
  endfacet
  facet normal -0.99787 -0.0652376 0
    outer loop
      vertex 22.5 0 5.6
      vertex 22.5128 -0.195788 3.5
      vertex 22.5128 -0.195788 5.6
    endloop
  endfacet
  facet normal -0.946882 -0.32158 0
    outer loop
      vertex 22.6142 -0.574024 3.5
      vertex 22.5511 -0.388228 5.6
      vertex 22.5511 -0.388228 3.5
    endloop
  endfacet
  facet normal -0.946882 -0.32158 0
    outer loop
      vertex 22.5511 -0.388228 5.6
      vertex 22.6142 -0.574024 3.5
      vertex 22.6142 -0.574024 5.6
    endloop
  endfacet
  facet normal -0.659139 -0.752021 0
    outer loop
      vertex 22.9393 -1.06066 3.5
      vertex 23.0869 -1.19003 5.6
      vertex 22.9393 -1.06066 5.6
    endloop
  endfacet
  facet normal -0.659139 -0.752021 -0
    outer loop
      vertex 23.0869 -1.19003 5.6
      vertex 22.9393 -1.06066 3.5
      vertex 23.0869 -1.19003 3.5
    endloop
  endfacet
  facet normal 0.442233 0.8969 -0
    outer loop
      vertex 24.75 1.29904 3.5
      vertex 24.574 1.38582 5.6
      vertex 24.75 1.29904 5.6
    endloop
  endfacet
  facet normal 0.442233 0.8969 0
    outer loop
      vertex 24.574 1.38582 5.6
      vertex 24.75 1.29904 3.5
      vertex 24.574 1.38582 3.5
    endloop
  endfacet
  facet normal -0.195136 0.980776 0
    outer loop
      vertex 23.8042 1.48717 3.5
      vertex 23.6118 1.44889 5.6
      vertex 23.8042 1.48717 5.6
    endloop
  endfacet
  facet normal -0.195136 0.980776 0
    outer loop
      vertex 23.6118 1.44889 5.6
      vertex 23.8042 1.48717 3.5
      vertex 23.6118 1.44889 3.5
    endloop
  endfacet
  facet normal 0.752018 0.659142 0
    outer loop
      vertex 25.19 0.913141 5.6
      vertex 25.0607 1.06066 3.5
      vertex 25.0607 1.06066 5.6
    endloop
  endfacet
  facet normal 0.752018 0.659142 0
    outer loop
      vertex 25.0607 1.06066 3.5
      vertex 25.19 0.913141 5.6
      vertex 25.19 0.913141 3.5
    endloop
  endfacet
  facet normal 0.195136 0.980776 -0
    outer loop
      vertex 24.3882 1.44889 3.5
      vertex 24.1958 1.48717 5.6
      vertex 24.3882 1.44889 5.6
    endloop
  endfacet
  facet normal 0.195136 0.980776 0
    outer loop
      vertex 24.1958 1.48717 5.6
      vertex 24.3882 1.44889 3.5
      vertex 24.1958 1.48717 3.5
    endloop
  endfacet
  facet normal 0.752018 -0.659142 0
    outer loop
      vertex 25.0607 -1.06066 5.6
      vertex 25.19 -0.913141 3.5
      vertex 25.19 -0.913141 5.6
    endloop
  endfacet
  facet normal 0.752018 -0.659142 0
    outer loop
      vertex 25.19 -0.913141 3.5
      vertex 25.0607 -1.06066 5.6
      vertex 25.0607 -1.06066 3.5
    endloop
  endfacet
  facet normal -0.442233 -0.8969 0
    outer loop
      vertex 23.25 -1.29904 3.5
      vertex 23.426 -1.38582 5.6
      vertex 23.25 -1.29904 5.6
    endloop
  endfacet
  facet normal -0.442233 -0.8969 -0
    outer loop
      vertex 23.426 -1.38582 5.6
      vertex 23.25 -1.29904 3.5
      vertex 23.426 -1.38582 3.5
    endloop
  endfacet
  facet normal -0.0653858 0.99786 0
    outer loop
      vertex 24 1.5 3.5
      vertex 23.8042 1.48717 5.6
      vertex 24 1.5 5.6
    endloop
  endfacet
  facet normal -0.0653858 0.99786 0
    outer loop
      vertex 23.8042 1.48717 5.6
      vertex 24 1.5 3.5
      vertex 23.8042 1.48717 3.5
    endloop
  endfacet
  facet normal -0.980764 0.195195 0
    outer loop
      vertex 22.5128 0.195788 3.5
      vertex 22.5511 0.388228 5.6
      vertex 22.5511 0.388228 3.5
    endloop
  endfacet
  facet normal -0.980764 0.195195 0
    outer loop
      vertex 22.5511 0.388228 5.6
      vertex 22.5128 0.195788 3.5
      vertex 22.5128 0.195788 5.6
    endloop
  endfacet
  facet normal 0.0653858 -0.99786 0
    outer loop
      vertex 24 -1.5 3.5
      vertex 24.1958 -1.48717 5.6
      vertex 24 -1.5 5.6
    endloop
  endfacet
  facet normal 0.0653858 -0.99786 0
    outer loop
      vertex 24.1958 -1.48717 5.6
      vertex 24 -1.5 3.5
      vertex 24.1958 -1.48717 3.5
    endloop
  endfacet
  facet normal 0.442233 -0.8969 0
    outer loop
      vertex 24.574 -1.38582 3.5
      vertex 24.75 -1.29904 5.6
      vertex 24.574 -1.38582 5.6
    endloop
  endfacet
  facet normal 0.442233 -0.8969 0
    outer loop
      vertex 24.75 -1.29904 5.6
      vertex 24.574 -1.38582 3.5
      vertex 24.75 -1.29904 3.5
    endloop
  endfacet
  facet normal 0.659139 -0.752021 0
    outer loop
      vertex 24.9131 -1.19003 3.5
      vertex 25.0607 -1.06066 5.6
      vertex 24.9131 -1.19003 5.6
    endloop
  endfacet
  facet normal 0.659139 -0.752021 0
    outer loop
      vertex 25.0607 -1.06066 5.6
      vertex 24.9131 -1.19003 3.5
      vertex 25.0607 -1.06066 3.5
    endloop
  endfacet
  facet normal -0.896836 -0.442363 0
    outer loop
      vertex 22.701 -0.75 3.5
      vertex 22.6142 -0.574024 5.6
      vertex 22.6142 -0.574024 3.5
    endloop
  endfacet
  facet normal -0.896836 -0.442363 0
    outer loop
      vertex 22.6142 -0.574024 5.6
      vertex 22.701 -0.75 3.5
      vertex 22.701 -0.75 5.6
    endloop
  endfacet
  facet normal 0.896836 -0.442363 0
    outer loop
      vertex 25.299 -0.75 5.6
      vertex 25.3858 -0.574024 3.5
      vertex 25.3858 -0.574024 5.6
    endloop
  endfacet
  facet normal 0.896836 -0.442363 0
    outer loop
      vertex 25.3858 -0.574024 3.5
      vertex 25.299 -0.75 5.6
      vertex 25.299 -0.75 3.5
    endloop
  endfacet
  facet normal 0.659139 0.752021 -0
    outer loop
      vertex 25.0607 1.06066 3.5
      vertex 24.9131 1.19003 5.6
      vertex 25.0607 1.06066 5.6
    endloop
  endfacet
  facet normal 0.659139 0.752021 0
    outer loop
      vertex 24.9131 1.19003 5.6
      vertex 25.0607 1.06066 3.5
      vertex 24.9131 1.19003 3.5
    endloop
  endfacet
  facet normal 0.99787 -0.0652376 0
    outer loop
      vertex 25.4872 -0.195788 5.6
      vertex 25.5 0 3.5
      vertex 25.5 0 5.6
    endloop
  endfacet
  facet normal 0.99787 -0.0652376 0
    outer loop
      vertex 25.5 0 3.5
      vertex 25.4872 -0.195788 5.6
      vertex 25.4872 -0.195788 3.5
    endloop
  endfacet
  facet normal -0.555676 -0.831399 0
    outer loop
      vertex 23.0869 -1.19003 3.5
      vertex 23.25 -1.29904 5.6
      vertex 23.0869 -1.19003 5.6
    endloop
  endfacet
  facet normal -0.555676 -0.831399 -0
    outer loop
      vertex 23.25 -1.29904 5.6
      vertex 23.0869 -1.19003 3.5
      vertex 23.25 -1.29904 3.5
    endloop
  endfacet
  facet normal 0.896836 0.442363 0
    outer loop
      vertex 25.3858 0.574024 5.6
      vertex 25.299 0.75 3.5
      vertex 25.299 0.75 5.6
    endloop
  endfacet
  facet normal 0.896836 0.442363 0
    outer loop
      vertex 25.299 0.75 3.5
      vertex 25.3858 0.574024 5.6
      vertex 25.3858 0.574024 3.5
    endloop
  endfacet
  facet normal 0.980764 -0.195195 0
    outer loop
      vertex 25.4489 -0.388228 5.6
      vertex 25.4872 -0.195788 3.5
      vertex 25.4872 -0.195788 5.6
    endloop
  endfacet
  facet normal 0.980764 -0.195195 0
    outer loop
      vertex 25.4872 -0.195788 3.5
      vertex 25.4489 -0.388228 5.6
      vertex 25.4489 -0.388228 3.5
    endloop
  endfacet
  facet normal 0.946882 0.32158 0
    outer loop
      vertex 25.4489 0.388228 5.6
      vertex 25.3858 0.574024 3.5
      vertex 25.3858 0.574024 5.6
    endloop
  endfacet
  facet normal 0.946882 0.32158 0
    outer loop
      vertex 25.3858 0.574024 3.5
      vertex 25.4489 0.388228 5.6
      vertex 25.4489 0.388228 3.5
    endloop
  endfacet
  facet normal -0.980764 -0.195195 0
    outer loop
      vertex 22.5511 -0.388228 3.5
      vertex 22.5128 -0.195788 5.6
      vertex 22.5128 -0.195788 3.5
    endloop
  endfacet
  facet normal -0.980764 -0.195195 0
    outer loop
      vertex 22.5128 -0.195788 5.6
      vertex 22.5511 -0.388228 3.5
      vertex 22.5511 -0.388228 5.6
    endloop
  endfacet
  facet normal -0.752018 -0.659142 0
    outer loop
      vertex 22.9393 -1.06066 3.5
      vertex 22.81 -0.913141 5.6
      vertex 22.81 -0.913141 3.5
    endloop
  endfacet
  facet normal -0.752018 -0.659142 0
    outer loop
      vertex 22.81 -0.913141 5.6
      vertex 22.9393 -1.06066 3.5
      vertex 22.9393 -1.06066 5.6
    endloop
  endfacet
  facet normal 0 0 1
    outer loop
      vertex 25.4872 0.195788 5.6
      vertex 25.4872 -0.195788 5.6
      vertex 25.5 0 5.6
    endloop
  endfacet
  facet normal 0 0 1
    outer loop
      vertex 25.4489 0.388228 5.6
      vertex 25.4872 -0.195788 5.6
      vertex 25.4872 0.195788 5.6
    endloop
  endfacet
  facet normal 0 0 1
    outer loop
      vertex 25.4489 0.388228 5.6
      vertex 25.4489 -0.388228 5.6
      vertex 25.4872 -0.195788 5.6
    endloop
  endfacet
  facet normal 0 0 1
    outer loop
      vertex 25.3858 0.574024 5.6
      vertex 25.4489 -0.388228 5.6
      vertex 25.4489 0.388228 5.6
    endloop
  endfacet
  facet normal 0 0 1
    outer loop
      vertex 25.3858 0.574024 5.6
      vertex 25.3858 -0.574024 5.6
      vertex 25.4489 -0.388228 5.6
    endloop
  endfacet
  facet normal 0 0 1
    outer loop
      vertex 25.299 0.75 5.6
      vertex 25.3858 -0.574024 5.6
      vertex 25.3858 0.574024 5.6
    endloop
  endfacet
  facet normal 0 0 1
    outer loop
      vertex 25.299 0.75 5.6
      vertex 25.299 -0.75 5.6
      vertex 25.3858 -0.574024 5.6
    endloop
  endfacet
  facet normal 0 0 1
    outer loop
      vertex 25.19 0.913141 5.6
      vertex 25.299 -0.75 5.6
      vertex 25.299 0.75 5.6
    endloop
  endfacet
  facet normal 0 0 1
    outer loop
      vertex 25.19 0.913141 5.6
      vertex 25.19 -0.913141 5.6
      vertex 25.299 -0.75 5.6
    endloop
  endfacet
  facet normal 0 0 1
    outer loop
      vertex 25.0607 1.06066 5.6
      vertex 25.19 -0.913141 5.6
      vertex 25.19 0.913141 5.6
    endloop
  endfacet
  facet normal 0 0 1
    outer loop
      vertex 25.0607 1.06066 5.6
      vertex 25.0607 -1.06066 5.6
      vertex 25.19 -0.913141 5.6
    endloop
  endfacet
  facet normal 0 0 1
    outer loop
      vertex 24.9131 1.19003 5.6
      vertex 25.0607 -1.06066 5.6
      vertex 25.0607 1.06066 5.6
    endloop
  endfacet
  facet normal 0 0 1
    outer loop
      vertex 24.9131 1.19003 5.6
      vertex 24.9131 -1.19003 5.6
      vertex 25.0607 -1.06066 5.6
    endloop
  endfacet
  facet normal 0 0 1
    outer loop
      vertex 24.75 1.29904 5.6
      vertex 24.9131 -1.19003 5.6
      vertex 24.9131 1.19003 5.6
    endloop
  endfacet
  facet normal 0 0 1
    outer loop
      vertex 24.75 1.29904 5.6
      vertex 24.75 -1.29904 5.6
      vertex 24.9131 -1.19003 5.6
    endloop
  endfacet
  facet normal 0 0 1
    outer loop
      vertex 24.574 1.38582 5.6
      vertex 24.75 -1.29904 5.6
      vertex 24.75 1.29904 5.6
    endloop
  endfacet
  facet normal 0 0 1
    outer loop
      vertex 24.574 1.38582 5.6
      vertex 24.574 -1.38582 5.6
      vertex 24.75 -1.29904 5.6
    endloop
  endfacet
  facet normal 0 0 1
    outer loop
      vertex 24.3882 1.44889 5.6
      vertex 24.574 -1.38582 5.6
      vertex 24.574 1.38582 5.6
    endloop
  endfacet
  facet normal 0 0 1
    outer loop
      vertex 24.3882 1.44889 5.6
      vertex 24.3882 -1.44889 5.6
      vertex 24.574 -1.38582 5.6
    endloop
  endfacet
  facet normal 0 0 1
    outer loop
      vertex 24.1958 1.48717 5.6
      vertex 24.3882 -1.44889 5.6
      vertex 24.3882 1.44889 5.6
    endloop
  endfacet
  facet normal 0 0 1
    outer loop
      vertex 24.1958 1.48717 5.6
      vertex 24.1958 -1.48717 5.6
      vertex 24.3882 -1.44889 5.6
    endloop
  endfacet
  facet normal 0 0 1
    outer loop
      vertex 24 1.5 5.6
      vertex 24.1958 -1.48717 5.6
      vertex 24.1958 1.48717 5.6
    endloop
  endfacet
  facet normal 0 0 1
    outer loop
      vertex 24 1.5 5.6
      vertex 24 -1.5 5.6
      vertex 24.1958 -1.48717 5.6
    endloop
  endfacet
  facet normal -0 0 1
    outer loop
      vertex 23.8042 1.48717 5.6
      vertex 24 -1.5 5.6
      vertex 24 1.5 5.6
    endloop
  endfacet
  facet normal 0 0 1
    outer loop
      vertex 23.8042 1.48717 5.6
      vertex 23.8042 -1.48717 5.6
      vertex 24 -1.5 5.6
    endloop
  endfacet
  facet normal -0 0 1
    outer loop
      vertex 23.6118 1.44889 5.6
      vertex 23.8042 -1.48717 5.6
      vertex 23.8042 1.48717 5.6
    endloop
  endfacet
  facet normal 0 0 1
    outer loop
      vertex 23.6118 1.44889 5.6
      vertex 23.6118 -1.44889 5.6
      vertex 23.8042 -1.48717 5.6
    endloop
  endfacet
  facet normal -0 0 1
    outer loop
      vertex 23.426 1.38582 5.6
      vertex 23.6118 -1.44889 5.6
      vertex 23.6118 1.44889 5.6
    endloop
  endfacet
  facet normal 0 0 1
    outer loop
      vertex 23.426 1.38582 5.6
      vertex 23.426 -1.38582 5.6
      vertex 23.6118 -1.44889 5.6
    endloop
  endfacet
  facet normal -0 0 1
    outer loop
      vertex 23.25 1.29904 5.6
      vertex 23.426 -1.38582 5.6
      vertex 23.426 1.38582 5.6
    endloop
  endfacet
  facet normal 0 0 1
    outer loop
      vertex 23.25 1.29904 5.6
      vertex 23.25 -1.29904 5.6
      vertex 23.426 -1.38582 5.6
    endloop
  endfacet
  facet normal -0 0 1
    outer loop
      vertex 23.0869 1.19003 5.6
      vertex 23.25 -1.29904 5.6
      vertex 23.25 1.29904 5.6
    endloop
  endfacet
  facet normal 0 0 1
    outer loop
      vertex 23.0869 1.19003 5.6
      vertex 23.0869 -1.19003 5.6
      vertex 23.25 -1.29904 5.6
    endloop
  endfacet
  facet normal -0 0 1
    outer loop
      vertex 22.9393 1.06066 5.6
      vertex 23.0869 -1.19003 5.6
      vertex 23.0869 1.19003 5.6
    endloop
  endfacet
  facet normal 0 0 1
    outer loop
      vertex 22.9393 1.06066 5.6
      vertex 22.9393 -1.06066 5.6
      vertex 23.0869 -1.19003 5.6
    endloop
  endfacet
  facet normal -0 0 1
    outer loop
      vertex 22.81 0.913141 5.6
      vertex 22.9393 -1.06066 5.6
      vertex 22.9393 1.06066 5.6
    endloop
  endfacet
  facet normal 0 0 1
    outer loop
      vertex 22.81 0.913141 5.6
      vertex 22.81 -0.913141 5.6
      vertex 22.9393 -1.06066 5.6
    endloop
  endfacet
  facet normal -0 0 1
    outer loop
      vertex 22.701 0.75 5.6
      vertex 22.81 -0.913141 5.6
      vertex 22.81 0.913141 5.6
    endloop
  endfacet
  facet normal 0 0 1
    outer loop
      vertex 22.701 0.75 5.6
      vertex 22.701 -0.75 5.6
      vertex 22.81 -0.913141 5.6
    endloop
  endfacet
  facet normal -0 0 1
    outer loop
      vertex 22.6142 0.574024 5.6
      vertex 22.701 -0.75 5.6
      vertex 22.701 0.75 5.6
    endloop
  endfacet
  facet normal 0 0 1
    outer loop
      vertex 22.6142 0.574024 5.6
      vertex 22.6142 -0.574024 5.6
      vertex 22.701 -0.75 5.6
    endloop
  endfacet
  facet normal -0 0 1
    outer loop
      vertex 22.5511 0.388228 5.6
      vertex 22.6142 -0.574024 5.6
      vertex 22.6142 0.574024 5.6
    endloop
  endfacet
  facet normal 0 0 1
    outer loop
      vertex 22.5511 0.388228 5.6
      vertex 22.5511 -0.388228 5.6
      vertex 22.6142 -0.574024 5.6
    endloop
  endfacet
  facet normal -0 0 1
    outer loop
      vertex 22.5128 0.195788 5.6
      vertex 22.5511 -0.388228 5.6
      vertex 22.5511 0.388228 5.6
    endloop
  endfacet
  facet normal 0 0 1
    outer loop
      vertex 22.5128 0.195788 5.6
      vertex 22.5128 -0.195788 5.6
      vertex 22.5511 -0.388228 5.6
    endloop
  endfacet
  facet normal 0 -0 1
    outer loop
      vertex 22.5128 -0.195788 5.6
      vertex 22.5128 0.195788 5.6
      vertex 22.5 0 5.6
    endloop
  endfacet
  facet normal -0.195136 -0.980776 0
    outer loop
      vertex 23.6118 -1.44889 3.5
      vertex 23.8042 -1.48717 5.6
      vertex 23.6118 -1.44889 5.6
    endloop
  endfacet
  facet normal -0.195136 -0.980776 -0
    outer loop
      vertex 23.8042 -1.48717 5.6
      vertex 23.6118 -1.44889 3.5
      vertex 23.8042 -1.48717 3.5
    endloop
  endfacet
  facet normal -0.831487 0.555544 0
    outer loop
      vertex 22.701 0.75 3.5
      vertex 22.81 0.913141 5.6
      vertex 22.81 0.913141 3.5
    endloop
  endfacet
  facet normal -0.831487 0.555544 0
    outer loop
      vertex 22.81 0.913141 5.6
      vertex 22.701 0.75 3.5
      vertex 22.701 0.75 5.6
    endloop
  endfacet
  facet normal -0.0653858 -0.99786 0
    outer loop
      vertex 23.8042 -1.48717 3.5
      vertex 24 -1.5 5.6
      vertex 23.8042 -1.48717 5.6
    endloop
  endfacet
  facet normal -0.0653858 -0.99786 -0
    outer loop
      vertex 24 -1.5 5.6
      vertex 23.8042 -1.48717 3.5
      vertex 24 -1.5 3.5
    endloop
  endfacet
  facet normal -0.227581 -0.670288 -0.706343
    outer loop
      vertex 37.8054 -2.22622 0.340653
      vertex 37.7123 -2.19461 0.340653
      vertex 37.7477 -2.10916 0.248159
    endloop
  endfacet
  facet normal -0.255255 -0.751794 -0.60799
    outer loop
      vertex 37.8054 -2.22622 0.340653
      vertex 37.6818 -2.26818 0.444429
      vertex 37.7123 -2.19461 0.340653
    endloop
  endfacet
  facet normal -0.751679 -0.659529 0
    outer loop
      vertex 37.2944 -2.20559 0.934596
      vertex 37.2083 -2.10746 2.5
      vertex 37.2083 -2.10746 0.934596
    endloop
  endfacet
  facet normal -0.751679 -0.659529 0
    outer loop
      vertex 37.2083 -2.10746 2.5
      vertex 37.2944 -2.20559 0.934596
      vertex 37.2944 -2.20559 2.5
    endloop
  endfacet
  facet normal -0.0747474 -0.376054 -0.923578
    outer loop
      vertex 37.9423 -1.93851 0.103127
      vertex 37.8855 -1.92722 0.103127
      vertex 37.958 -1.81869 0.0530691
    endloop
  endfacet
  facet normal -0.0654508 0.997856 0
    outer loop
      vertex 38 2.49786 0.934596
      vertex 37.8698 2.48932 2.5
      vertex 38 2.49786 2.5
    endloop
  endfacet
  facet normal -0.0654508 0.997856 0
    outer loop
      vertex 37.8698 2.48932 2.5
      vertex 38 2.49786 0.934596
      vertex 37.8698 2.48932 0.934596
    endloop
  endfacet
  facet normal 0.118901 0.597858 -0.792735
    outer loop
      vertex 50.1438 2.03664 0.16853
      vertex 50.0725 2.05082 0.16853
      vertex 50.0861 2.1537 0.248159
    endloop
  endfacet
  facet normal -0.278516 0.820554 -0.49912
    outer loop
      vertex 37.7848 2.30314 0.444429
      vertex 37.6568 2.3286 0.557711
      vertex 37.7679 2.36631 0.557711
    endloop
  endfacet
  facet normal 0.180308 -0.90639 -0.38203
    outer loop
      vertex 50.2451 -2.41466 0.67856
      vertex 50.1236 -2.43883 0.67856
      vertex 50.2321 -2.36631 0.557711
    endloop
  endfacet
  facet normal -0.0648928 0.989349 -0.130299
    outer loop
      vertex 38 2.48078 0.804909
      vertex 37.8698 2.48932 0.934596
      vertex 38 2.49786 0.934596
    endloop
  endfacet
  facet normal -0.252876 0.288271 -0.923555
    outer loop
      vertex 37.7727 1.72729 0.0530691
      vertex 37.6873 1.81275 0.103127
      vertex 37.8043 1.75501 0.0530691
    endloop
  endfacet
  facet normal -0.382434 0.0246085 -0.923655
    outer loop
      vertex 37.6786 1.5 0.0530691
      vertex 37.5577 1.5 0.103127
      vertex 37.6813 1.54196 0.0530691
    endloop
  endfacet
  facet normal -0.0724543 -0.108912 -0.991407
    outer loop
      vertex 37.9025 -1.66895 0.0192146
      vertex 37.8812 -1.65478 0.0192146
      vertex 37.9673 -1.55664 0.002141
    endloop
  endfacet
  facet normal 0 0.382685 -0.923879
    outer loop
      vertex 38 1.82144 0.0530691
      vertex 50 1.94229 0.103127
      vertex 50 1.82144 0.0530691
    endloop
  endfacet
  facet normal 0 0.382685 -0.923879
    outer loop
      vertex 50 1.94229 0.103127
      vertex 38 1.82144 0.0530691
      vertex 38 1.94229 0.103127
    endloop
  endfacet
  facet normal -0.138121 -0.694296 -0.706311
    outer loop
      vertex 37.9139 -2.15371 0.248159
      vertex 37.8054 -2.22622 0.340653
      vertex 37.8293 -2.13688 0.248159
    endloop
  endfacet
  facet normal 0.310516 0.914833 -0.258187
    outer loop
      vertex 50.3624 2.37485 0.67856
      vertex 50.2538 2.44737 0.804909
      vertex 50.3753 2.40613 0.804909
    endloop
  endfacet
  facet normal -0.383306 0.777101 -0.499189
    outer loop
      vertex 37.5843 2.22007 0.444429
      vertex 37.5516 2.27671 0.557711
      vertex 37.6568 2.3286 0.557711
    endloop
  endfacet
  facet normal -0.25426 -0.0508114 -0.9658
    outer loop
      vertex 37.8116 -1.55049 0.0192146
      vertex 37.6813 -1.54196 0.0530691
      vertex 37.8066 -1.52547 0.0192146
    endloop
  endfacet
  facet normal -0.457909 0.402262 -0.792783
    outer loop
      vertex 37.5592 1.83821 0.16853
      vertex 37.5338 1.96623 0.248159
      vertex 37.6072 1.89285 0.16853
    endloop
  endfacet
  facet normal 0.00854767 0.130518 -0.991409
    outer loop
      vertex 50.0255 1.69342 0.0192146
      vertex 50 1.5654 0.002141
      vertex 50 1.69509 0.0192146
    endloop
  endfacet
  facet normal 0.221383 0.449104 -0.865618
    outer loop
      vertex 50.2211 1.88303 0.103127
      vertex 50.2126 2.01328 0.16853
      vertex 50.2778 1.98114 0.16853
    endloop
  endfacet
  facet normal -0.297026 -0.875088 -0.382094
    outer loop
      vertex 37.7679 -2.36631 0.557711
      vertex 37.6376 -2.37485 0.67856
      vertex 37.6568 -2.3286 0.557711
    endloop
  endfacet
  facet normal 0 -0.608741 -0.793369
    outer loop
      vertex 38 -2.15935 0.248159
      vertex 50 -2.05557 0.16853
      vertex 50 -2.15935 0.248159
    endloop
  endfacet
  facet normal -0 -0.608741 -0.793369
    outer loop
      vertex 50 -2.05557 0.16853
      vertex 38 -2.15935 0.248159
      vertex 38 -2.05557 0.16853
    endloop
  endfacet
  facet normal 0.442486 0.896775 -0
    outer loop
      vertex 50.4989 2.36417 0.934596
      vertex 50.3819 2.4219 2.5
      vertex 50.4989 2.36417 2.5
    endloop
  endfacet
  facet normal 0.442486 0.896775 0
    outer loop
      vertex 50.3819 2.4219 2.5
      vertex 50.4989 2.36417 0.934596
      vertex 50.3819 2.4219 0.934596
    endloop
  endfacet
  facet normal -0.659818 -0.441435 -0.608092
    outer loop
      vertex 37.3404 -2.00617 0.444429
      vertex 37.2799 -1.91574 0.444429
      vertex 37.3489 -1.87592 0.340653
    endloop
  endfacet
  facet normal -0.0251301 0.382587 -0.923577
    outer loop
      vertex 37.958 1.81869 0.0530691
      vertex 37.9423 1.9385 0.103127
      vertex 38 1.94229 0.103127
    endloop
  endfacet
  facet normal 0 0.965936 -0.258783
    outer loop
      vertex 50 2.44693 0.67856
      vertex 38 2.48078 0.804909
      vertex 50 2.48078 0.804909
    endloop
  endfacet
  facet normal 0 0.965936 -0.258783
    outer loop
      vertex 38 2.48078 0.804909
      vertex 50 2.44693 0.67856
      vertex 38 2.44693 0.67856
    endloop
  endfacet
  facet normal 0.15487 0.778728 -0.607945
    outer loop
      vertex 50.1946 2.22622 0.340653
      vertex 50.1085 2.32436 0.444429
      vertex 50.2152 2.30314 0.444429
    endloop
  endfacet
  facet normal 0.596996 0.523475 -0.607922
    outer loop
      vertex 50.6596 2.00617 0.444429
      vertex 50.5316 2.03163 0.340653
      vertex 50.5879 2.08794 0.444429
    endloop
  endfacet
  facet normal -0.138075 -0.694332 -0.706285
    outer loop
      vertex 37.9019 -2.24541 0.340653
      vertex 37.8054 -2.22622 0.340653
      vertex 37.9139 -2.15371 0.248159
    endloop
  endfacet
  facet normal 0.491194 -0.0978667 -0.865535
    outer loop
      vertex 50.5366 -1.64379 0.16853
      vertex 50.4385 -1.55773 0.103127
      vertex 50.5508 -1.57252 0.16853
    endloop
  endfacet
  facet normal -0.0648934 -0.989359 -0.130224
    outer loop
      vertex 38 -2.49786 0.934596
      vertex 37.8698 -2.48932 0.934596
      vertex 38 -2.48079 0.804909
    endloop
  endfacet
  facet normal 0.745375 -0.653729 -0.13059
    outer loop
      vertex 50.7917 -2.10746 0.934596
      vertex 50.6935 -2.19352 0.804909
      vertex 50.7781 -2.09706 0.804909
    endloop
  endfacet
  facet normal 0.318543 0.213213 -0.923618
    outer loop
      vertex 50.2784 1.66072 0.0530691
      vertex 50.255 1.69568 0.0530691
      vertex 50.3509 1.76925 0.103127
    endloop
  endfacet
  facet normal -0.442486 -0.896775 0
    outer loop
      vertex 37.5011 -2.36417 0.934596
      vertex 37.6181 -2.4219 2.5
      vertex 37.5011 -2.36417 2.5
    endloop
  endfacet
  facet normal -0.442486 -0.896775 -0
    outer loop
      vertex 37.6181 -2.4219 2.5
      vertex 37.5011 -2.36417 0.934596
      vertex 37.6181 -2.4219 0.934596
    endloop
  endfacet
  facet normal -0.777214 -0.383229 -0.499073
    outer loop
      vertex 37.2799 -1.91574 0.444429
      vertex 37.1714 -1.84322 0.557711
      vertex 37.2318 -1.81819 0.444429
    endloop
  endfacet
  facet normal -0.777208 -0.383359 -0.498983
    outer loop
      vertex 37.2233 -1.94844 0.557711
      vertex 37.1714 -1.84322 0.557711
      vertex 37.2799 -1.91574 0.444429
    endloop
  endfacet
  facet normal -0.555283 -0.831661 0
    outer loop
      vertex 37.3925 -2.29166 0.934596
      vertex 37.5011 -2.36417 2.5
      vertex 37.3925 -2.29166 2.5
    endloop
  endfacet
  facet normal -0.555283 -0.831661 -0
    outer loop
      vertex 37.5011 -2.36417 2.5
      vertex 37.3925 -2.29166 0.934596
      vertex 37.5011 -2.36417 0.934596
    endloop
  endfacet
  facet normal -0.416539 -0.277924 -0.865594
    outer loop
      vertex 37.6491 -1.76925 0.103127
      vertex 37.5592 -1.83821 0.16853
      vertex 37.617 -1.72114 0.103127
    endloop
  endfacet
  facet normal -0.458284 -0.402103 -0.792647
    outer loop
      vertex 37.5338 -1.96623 0.248159
      vertex 37.4769 -1.90138 0.248159
      vertex 37.5592 -1.83821 0.16853
    endloop
  endfacet
  facet normal -0.803189 0.536865 -0.258194
    outer loop
      vertex 37.1799 1.97346 0.67856
      vertex 37.1506 1.99039 0.804909
      vertex 37.2219 2.09706 0.804909
    endloop
  endfacet
  facet normal -0.288049 -0.252953 -0.923603
    outer loop
      vertex 37.6873 -1.81275 0.103127
      vertex 37.6491 -1.76925 0.103127
      vertex 37.745 -1.69568 0.0530691
    endloop
  endfacet
  facet normal -0.0398439 -0.608255 -0.792741
    outer loop
      vertex 38 -2.15935 0.248159
      vertex 37.9139 -2.15371 0.248159
      vertex 37.9275 -2.05082 0.16853
    endloop
  endfacet
  facet normal -0.466927 -0.532036 -0.70634
    outer loop
      vertex 37.5986 -2.0231 0.248159
      vertex 37.4684 -2.03163 0.340653
      vertex 37.5338 -1.96623 0.248159
    endloop
  endfacet
  facet normal -0.330107 -0.376499 -0.865608
    outer loop
      vertex 37.7308 -1.85089 0.103127
      vertex 37.6618 -1.94076 0.16853
      vertex 37.6873 -1.81275 0.103127
    endloop
  endfacet
  facet normal 0.506985 0.33865 -0.792643
    outer loop
      vertex 50.571 1.82967 0.248159
      vertex 50.4408 1.83821 0.16853
      vertex 50.5231 1.90138 0.248159
    endloop
  endfacet
  facet normal 0.227707 0.670305 -0.706286
    outer loop
      vertex 50.2523 2.10916 0.248159
      vertex 50.1707 2.13688 0.248159
      vertex 50.1946 2.22622 0.340653
    endloop
  endfacet
  facet normal 0.278199 0.416346 -0.865599
    outer loop
      vertex 50.2692 1.85089 0.103127
      vertex 50.2211 1.88303 0.103127
      vertex 50.3382 1.94076 0.16853
    endloop
  endfacet
  facet normal 0.0399164 0.608284 -0.792715
    outer loop
      vertex 50.0725 2.05082 0.16853
      vertex 50 2.15935 0.248159
      vertex 50.0861 2.1537 0.248159
    endloop
  endfacet
  facet normal 0 0.707122 -0.707091
    outer loop
      vertex 50 2.15935 0.248159
      vertex 38 2.25184 0.340653
      vertex 50 2.25184 0.340653
    endloop
  endfacet
  facet normal 0 0.707122 -0.707091
    outer loop
      vertex 38 2.25184 0.340653
      vertex 50 2.15935 0.248159
      vertex 38 2.15935 0.248159
    endloop
  endfacet
  facet normal 0.555336 0.831626 -0
    outer loop
      vertex 50.6075 2.29165 0.934596
      vertex 50.4989 2.36417 2.5
      vertex 50.6075 2.29165 2.5
    endloop
  endfacet
  facet normal 0.555336 0.831626 0
    outer loop
      vertex 50.4989 2.36417 2.5
      vertex 50.6075 2.29165 0.934596
      vertex 50.4989 2.36417 0.934596
    endloop
  endfacet
  facet normal 0.659513 -0.751693 0
    outer loop
      vertex 50.6075 -2.29166 0.934596
      vertex 50.7056 -2.20559 2.5
      vertex 50.6075 -2.29166 2.5
    endloop
  endfacet
  facet normal 0.659513 -0.751693 0
    outer loop
      vertex 50.7056 -2.20559 2.5
      vertex 50.6075 -2.29166 0.934596
      vertex 50.7056 -2.20559 0.934596
    endloop
  endfacet
  facet normal 0 -1 0
    outer loop
      vertex 38 -2.49786 0.934596
      vertex 50 -2.49786 2.5
      vertex 38 -2.49786 2.5
    endloop
  endfacet
  facet normal 0 -1 -0
    outer loop
      vertex 50 -2.49786 2.5
      vertex 38 -2.49786 0.934596
      vertex 50 -2.49786 0.934596
    endloop
  endfacet
  facet normal -0.571296 -0.651348 -0.499367
    outer loop
      vertex 37.454 -2.21154 0.557711
      vertex 37.3658 -2.13418 0.557711
      vertex 37.4121 -2.08794 0.444429
    endloop
  endfacet
  facet normal -0.72626 -0.637193 -0.257936
    outer loop
      vertex 37.3304 -2.16958 0.67856
      vertex 37.2219 -2.09706 0.804909
      vertex 37.2487 -2.07646 0.67856
    endloop
  endfacet
  facet normal -0.523607 0.59677 -0.60803
    outer loop
      vertex 37.5423 2.09647 0.340653
      vertex 37.4684 2.03163 0.340653
      vertex 37.4938 2.15965 0.444429
    endloop
  endfacet
  facet normal -0.194938 -0.980816 0
    outer loop
      vertex 37.7417 -2.46386 0.934596
      vertex 37.8698 -2.48932 2.5
      vertex 37.7417 -2.46386 2.5
    endloop
  endfacet
  facet normal -0.194938 -0.980816 -0
    outer loop
      vertex 37.8698 -2.48932 2.5
      vertex 37.7417 -2.46386 0.934596
      vertex 37.8698 -2.48932 0.934596
    endloop
  endfacet
  facet normal 0.550715 0.824488 -0.130123
    outer loop
      vertex 50.5971 2.27811 0.804909
      vertex 50.4904 2.34938 0.804909
      vertex 50.4989 2.36417 0.934596
    endloop
  endfacet
  facet normal 0.312992 0.63501 -0.706257
    outer loop
      vertex 50.3297 2.07101 0.248159
      vertex 50.2523 2.10916 0.248159
      vertex 50.3759 2.15111 0.340653
    endloop
  endfacet
  facet normal 0.0979687 -0.0867114 -0.991405
    outer loop
      vertex 50.1548 -1.61876 0.0192146
      vertex 50.0462 -1.54625 0.002141
      vertex 50.0519 -1.53981 0.002141
    endloop
  endfacet
  facet normal -0.82073 -0.278119 -0.49905
    outer loop
      vertex 37.2318 -1.81819 0.444429
      vertex 37.1714 -1.84322 0.557711
      vertex 37.1969 -1.7152 0.444429
    endloop
  endfacet
  facet normal -0.318719 -0.938839 -0.130383
    outer loop
      vertex 37.7417 -2.46386 0.934596
      vertex 37.6181 -2.4219 0.934596
      vertex 37.6247 -2.40613 0.804909
    endloop
  endfacet
  facet normal -0.532095 -0.466865 -0.706337
    outer loop
      vertex 37.5338 -1.96623 0.248159
      vertex 37.4684 -2.03163 0.340653
      vertex 37.4769 -1.90138 0.248159
    endloop
  endfacet
  facet normal -0.0976789 0.49115 -0.865581
    outer loop
      vertex 37.9423 1.9385 0.103127
      vertex 37.8562 2.03664 0.16853
      vertex 37.9275 2.05082 0.16853
    endloop
  endfacet
  facet normal -0.232795 -0.113906 -0.965832
    outer loop
      vertex 37.831 -1.59755 0.0192146
      vertex 37.703 -1.62301 0.0530691
      vertex 37.8198 -1.57466 0.0192146
    endloop
  endfacet
  facet normal -0.670508 -0.227511 -0.706157
    outer loop
      vertex 37.3054 -1.78772 0.340653
      vertex 37.2738 -1.69459 0.340653
      vertex 37.3908 -1.75232 0.248159
    endloop
  endfacet
  facet normal -0.118894 -0.597822 -0.792763
    outer loop
      vertex 37.9139 -2.15371 0.248159
      vertex 37.8562 -2.03664 0.16853
      vertex 37.9275 -2.05082 0.16853
    endloop
  endfacet
  facet normal -0.227707 -0.670305 -0.706286
    outer loop
      vertex 37.8054 -2.22622 0.340653
      vertex 37.7477 -2.10916 0.248159
      vertex 37.8293 -2.13688 0.248159
    endloop
  endfacet
  facet normal 0.474099 -0.160946 -0.865636
    outer loop
      vertex 50.5133 -1.71261 0.16853
      vertex 50.4086 -1.66926 0.103127
      vertex 50.4272 -1.61447 0.103127
    endloop
  endfacet
  facet normal 0.117442 -0.057464 -0.991416
    outer loop
      vertex 50.169 -1.59755 0.0192146
      vertex 50.0566 -1.5327 0.002141
      vertex 50.1802 -1.57466 0.0192146
    endloop
  endfacet
  facet normal 0.0327413 0.499736 -0.865559
    outer loop
      vertex 50.0725 2.05082 0.16853
      vertex 50 1.94229 0.103127
      vertex 50 2.05557 0.16853
    endloop
  endfacet
  facet normal -0.258675 0.0172721 -0.96581
    outer loop
      vertex 37.8049 1.5 0.0192146
      vertex 37.6813 1.54196 0.0530691
      vertex 37.8066 1.52546 0.0192146
    endloop
  endfacet
  facet normal -0.416539 0.277924 -0.865594
    outer loop
      vertex 37.617 1.72114 0.103127
      vertex 37.5592 1.83821 0.16853
      vertex 37.6491 1.76925 0.103127
    endloop
  endfacet
  facet normal 0.438458 0.889278 -0.130154
    outer loop
      vertex 50.4904 2.34938 0.804909
      vertex 50.3753 2.40613 0.804909
      vertex 50.4989 2.36417 0.934596
    endloop
  endfacet
  facet normal -0.193275 0.972447 -0.130355
    outer loop
      vertex 37.7462 2.44737 0.804909
      vertex 37.7417 2.46386 0.934596
      vertex 37.8698 2.48932 0.934596
    endloop
  endfacet
  facet normal 0.0328222 0.499695 -0.865579
    outer loop
      vertex 50.0577 1.9385 0.103127
      vertex 50 1.94229 0.103127
      vertex 50.0725 2.05082 0.16853
    endloop
  endfacet
  facet normal -0.118863 0.597848 -0.792748
    outer loop
      vertex 37.8562 2.03664 0.16853
      vertex 37.8293 2.13688 0.248159
      vertex 37.9139 2.1537 0.248159
    endloop
  endfacet
  facet normal -0.0648493 0.989357 -0.130256
    outer loop
      vertex 37.872 2.47239 0.804909
      vertex 37.8698 2.48932 0.934596
      vertex 38 2.48078 0.804909
    endloop
  endfacet
  facet normal 0 0.866037 -0.499981
    outer loop
      vertex 50 2.33147 0.444429
      vertex 38 2.39687 0.557711
      vertex 50 2.39687 0.557711
    endloop
  endfacet
  facet normal 0 0.866037 -0.499981
    outer loop
      vertex 38 2.39687 0.557711
      vertex 50 2.33147 0.444429
      vertex 38 2.33147 0.444429
    endloop
  endfacet
  facet normal -0.0519301 0.792277 -0.607947
    outer loop
      vertex 37.9019 2.24541 0.340653
      vertex 37.8915 2.32436 0.444429
      vertex 38 2.25184 0.340653
    endloop
  endfacet
  facet normal -0.321463 0.946922 0
    outer loop
      vertex 37.7417 2.46386 0.934596
      vertex 37.6181 2.4219 2.5
      vertex 37.7417 2.46386 2.5
    endloop
  endfacet
  facet normal -0.321463 0.946922 0
    outer loop
      vertex 37.6181 2.4219 2.5
      vertex 37.7417 2.46386 0.934596
      vertex 37.6181 2.4219 0.934596
    endloop
  endfacet
  facet normal -0.351317 -0.71198 -0.607997
    outer loop
      vertex 37.6818 -2.26818 0.444429
      vertex 37.5843 -2.22007 0.444429
      vertex 37.7123 -2.19461 0.340653
    endloop
  endfacet
  facet normal -0.711965 -0.351139 -0.608117
    outer loop
      vertex 37.3489 -1.87592 0.340653
      vertex 37.2799 -1.91574 0.444429
      vertex 37.3054 -1.78772 0.340653
    endloop
  endfacet
  facet normal -0.0649262 -0.989352 -0.130256
    outer loop
      vertex 38 -2.48079 0.804909
      vertex 37.8698 -2.48932 0.934596
      vertex 37.872 -2.47239 0.804909
    endloop
  endfacet
  facet normal -0.546506 -0.269897 -0.792771
    outer loop
      vertex 37.429 -1.82967 0.248159
      vertex 37.3908 -1.75232 0.248159
      vertex 37.4867 -1.71261 0.16853
    endloop
  endfacet
  facet normal -0.637082 -0.726243 -0.258259
    outer loop
      vertex 37.4029 -2.27811 0.804909
      vertex 37.3304 -2.16958 0.67856
      vertex 37.4235 -2.25125 0.67856
    endloop
  endfacet
  facet normal -0.922345 0.0604449 -0.38161
    outer loop
      vertex 37.1031 1.5 0.557711
      vertex 37.0531 1.5 0.67856
      vertex 37.0612 1.6236 0.67856
    endloop
  endfacet
  facet normal -0.98088 -0.194613 0
    outer loop
      vertex 37.0361 -1.75827 0.934596
      vertex 37.0107 -1.63025 2.5
      vertex 37.0107 -1.63025 0.934596
    endloop
  endfacet
  facet normal -0.98088 -0.194613 0
    outer loop
      vertex 37.0107 -1.63025 2.5
      vertex 37.0361 -1.75827 0.934596
      vertex 37.0361 -1.75827 2.5
    endloop
  endfacet
  facet normal 0.193275 -0.972447 -0.130355
    outer loop
      vertex 50.2583 -2.46386 0.934596
      vertex 50.1302 -2.48932 0.934596
      vertex 50.2538 -2.44737 0.804909
    endloop
  endfacet
  facet normal 0.491194 0.0978667 -0.865535
    outer loop
      vertex 50.5508 1.57252 0.16853
      vertex 50.4385 1.55773 0.103127
      vertex 50.5366 1.64379 0.16853
    endloop
  endfacet
  facet normal 0.499755 0.0328957 -0.865542
    outer loop
      vertex 50.4423 1.5 0.103127
      vertex 50.4385 1.55773 0.103127
      vertex 50.5508 1.57252 0.16853
    endloop
  endfacet
  facet normal 0.330107 0.376499 -0.865608
    outer loop
      vertex 50.3127 1.81275 0.103127
      vertex 50.2692 1.85089 0.103127
      vertex 50.3382 1.94076 0.16853
    endloop
  endfacet
  facet normal 0.0463524 0.706362 -0.706331
    outer loop
      vertex 50.0861 2.1537 0.248159
      vertex 50 2.15935 0.248159
      vertex 50 2.25184 0.340653
    endloop
  endfacet
  facet normal 0.864763 0.0568826 -0.498948
    outer loop
      vertex 50.8969 1.5 0.557711
      vertex 50.8244 1.60853 0.444429
      vertex 50.8892 1.61706 0.557711
    endloop
  endfacet
  facet normal 0.609384 0.694773 -0.382023
    outer loop
      vertex 50.6342 2.13418 0.557711
      vertex 50.546 2.21154 0.557711
      vertex 50.6696 2.16958 0.67856
    endloop
  endfacet
  facet normal 0.438705 -0.889113 -0.130443
    outer loop
      vertex 50.3819 -2.4219 0.934596
      vertex 50.3753 -2.40613 0.804909
      vertex 50.4989 -2.36417 0.934596
    endloop
  endfacet
  facet normal 0.874823 0.297599 -0.382257
    outer loop
      vertex 50.9147 1.74508 0.67856
      vertex 50.8663 1.73213 0.557711
      vertex 50.8748 1.86237 0.67856
    endloop
  endfacet
  facet normal -0.706382 -0.04607 -0.70633
    outer loop
      vertex 37.2546 -1.59813 0.340653
      vertex 37.2482 -1.5 0.340653
      vertex 37.3463 -1.58606 0.248159
    endloop
  endfacet
  facet normal -0.906384 -0.179814 -0.382275
    outer loop
      vertex 37.0853 -1.74508 0.67856
      vertex 37.0612 -1.6236 0.67856
      vertex 37.1337 -1.73213 0.557711
    endloop
  endfacet
  facet normal -0.745262 -0.653898 -0.130393
    outer loop
      vertex 37.2944 -2.20559 0.934596
      vertex 37.2083 -2.10746 0.934596
      vertex 37.3065 -2.19352 0.804909
    endloop
  endfacet
  facet normal -0.4384 -0.889316 -0.130086
    outer loop
      vertex 37.6247 -2.40613 0.804909
      vertex 37.5011 -2.36417 0.934596
      vertex 37.5096 -2.34939 0.804909
    endloop
  endfacet
  facet normal -0.438705 -0.889113 -0.130443
    outer loop
      vertex 37.6181 -2.4219 0.934596
      vertex 37.5011 -2.36417 0.934596
      vertex 37.6247 -2.40613 0.804909
    endloop
  endfacet
  facet normal -0.297 -0.875109 -0.382068
    outer loop
      vertex 37.7549 -2.41466 0.67856
      vertex 37.6376 -2.37485 0.67856
      vertex 37.7679 -2.36631 0.557711
    endloop
  endfacet
  facet normal -0.550549 -0.824571 -0.130303
    outer loop
      vertex 37.5011 -2.36417 0.934596
      vertex 37.3925 -2.29166 0.934596
      vertex 37.4029 -2.27811 0.804909
    endloop
  endfacet
  facet normal -0.383446 -0.777094 -0.499093
    outer loop
      vertex 37.6568 -2.3286 0.557711
      vertex 37.5843 -2.22007 0.444429
      vertex 37.6818 -2.26818 0.444429
    endloop
  endfacet
  facet normal -0.51341 -0.768399 -0.382065
    outer loop
      vertex 37.5265 -2.32007 0.67856
      vertex 37.4235 -2.25125 0.67856
      vertex 37.454 -2.21154 0.557711
    endloop
  endfacet
  facet normal -0.588639 -0.39305 -0.706411
    outer loop
      vertex 37.4035 -1.95769 0.340653
      vertex 37.3489 -1.87592 0.340653
      vertex 37.4769 -1.90138 0.248159
    endloop
  endfacet
  facet normal -0.37605 0.0748919 -0.923568
    outer loop
      vertex 37.6813 1.54196 0.0530691
      vertex 37.5615 1.55773 0.103127
      vertex 37.5728 1.61447 0.103127
    endloop
  endfacet
  facet normal -0.491194 -0.0978667 -0.865535
    outer loop
      vertex 37.4634 -1.64379 0.16853
      vertex 37.4492 -1.57252 0.16853
      vertex 37.5615 -1.55773 0.103127
    endloop
  endfacet
  facet normal -0.474399 -0.160615 -0.865534
    outer loop
      vertex 37.4867 -1.71261 0.16853
      vertex 37.4634 -1.64379 0.16853
      vertex 37.5728 -1.61447 0.103127
    endloop
  endfacet
  facet normal -0.382434 -0.0246085 -0.923655
    outer loop
      vertex 37.6813 -1.54196 0.0530691
      vertex 37.5577 -1.5 0.103127
      vertex 37.6786 -1.5 0.0530691
    endloop
  endfacet
  facet normal -0.938708 -0.319136 -0.130308
    outer loop
      vertex 37.0939 -1.87533 0.804909
      vertex 37.0361 -1.75827 0.934596
      vertex 37.0526 -1.75385 0.804909
    endloop
  endfacet
  facet normal -0.828708 -0.408762 -0.382304
    outer loop
      vertex 37.2233 -1.94844 0.557711
      vertex 37.1251 -1.86238 0.67856
      vertex 37.1714 -1.84322 0.557711
    endloop
  endfacet
  facet normal -0.706337 -0.0459619 -0.706382
    outer loop
      vertex 37.3463 -1.58606 0.248159
      vertex 37.2482 -1.5 0.340653
      vertex 37.3407 -1.5 0.248159
    endloop
  endfacet
  facet normal -0.751781 -0.255087 -0.608075
    outer loop
      vertex 37.3054 -1.78772 0.340653
      vertex 37.2318 -1.81819 0.444429
      vertex 37.2738 -1.69459 0.340653
    endloop
  endfacet
  facet normal -0.60826 -0.03958 -0.79275
    outer loop
      vertex 37.3463 -1.58606 0.248159
      vertex 37.3407 -1.5 0.248159
      vertex 37.4492 -1.57252 0.16853
    endloop
  endfacet
  facet normal -0.577209 -0.195772 -0.792782
    outer loop
      vertex 37.3908 -1.75232 0.248159
      vertex 37.3631 -1.67065 0.248159
      vertex 37.4867 -1.71261 0.16853
    endloop
  endfacet
  facet normal -0.11893 -0.597832 -0.79275
    outer loop
      vertex 37.9139 -2.15371 0.248159
      vertex 37.8293 -2.13688 0.248159
      vertex 37.8562 -2.03664 0.16853
    endloop
  endfacet
  facet normal -0.278199 -0.416346 -0.865599
    outer loop
      vertex 37.7789 -1.88303 0.103127
      vertex 37.6618 -1.94076 0.16853
      vertex 37.7308 -1.85089 0.103127
    endloop
  endfacet
  facet normal -0.751679 0.659529 0
    outer loop
      vertex 37.2083 2.10746 0.934596
      vertex 37.2944 2.20559 2.5
      vertex 37.2944 2.20559 0.934596
    endloop
  endfacet
  facet normal -0.751679 0.659529 0
    outer loop
      vertex 37.2944 2.20559 2.5
      vertex 37.2083 2.10746 0.934596
      vertex 37.2083 2.10746 2.5
    endloop
  endfacet
  facet normal -0.550773 -0.82446 -0.13006
    outer loop
      vertex 37.5011 -2.36417 0.934596
      vertex 37.4029 -2.27811 0.804909
      vertex 37.5096 -2.34939 0.804909
    endloop
  endfacet
  facet normal 0.0519301 -0.792277 -0.607947
    outer loop
      vertex 50.1085 -2.32436 0.444429
      vertex 50 -2.25184 0.340653
      vertex 50.0981 -2.24541 0.340653
    endloop
  endfacet
  facet normal 0.0255508 -0.128267 -0.99141
    outer loop
      vertex 50.0255 -1.69342 0.0192146
      vertex 50.0085 -1.56484 0.002141
      vertex 50.0505 -1.68844 0.0192146
    endloop
  endfacet
  facet normal -0.0169436 -0.258776 -0.965789
    outer loop
      vertex 38 -1.82144 0.0530691
      vertex 37.958 -1.81869 0.0530691
      vertex 38 -1.69509 0.0192146
    endloop
  endfacet
  facet normal 0.212904 -0.318992 -0.923535
    outer loop
      vertex 50.2692 -1.85089 0.103127
      vertex 50.1607 -1.77838 0.0530691
      vertex 50.1957 -1.75502 0.0530691
    endloop
  endfacet
  facet normal 0.474399 0.160615 -0.865534
    outer loop
      vertex 50.5366 1.64379 0.16853
      vertex 50.4272 1.61447 0.103127
      vertex 50.5133 1.71261 0.16853
    endloop
  endfacet
  facet normal -0.0327413 0.499736 -0.865559
    outer loop
      vertex 38 1.94229 0.103127
      vertex 37.9275 2.05082 0.16853
      vertex 38 2.05557 0.16853
    endloop
  endfacet
  facet normal -0.0979687 0.0867114 -0.991405
    outer loop
      vertex 37.9481 1.53981 0.002141
      vertex 37.8452 1.61876 0.0192146
      vertex 37.9538 1.54625 0.002141
    endloop
  endfacet
  facet normal -0.889311 0.438312 -0.130416
    outer loop
      vertex 37.0939 1.87533 0.804909
      vertex 37.0781 1.88186 0.934596
      vertex 37.1358 1.99893 0.934596
    endloop
  endfacet
  facet normal -0.123312 0.363004 -0.923592
    outer loop
      vertex 37.9168 1.81049 0.0530691
      vertex 37.877 1.79697 0.0530691
      vertex 37.8855 1.92722 0.103127
    endloop
  endfacet
  facet normal 1 -0 0
    outer loop
      vertex 50.9979 -1.5 2.5
      vertex 50.9979 1.5 0.934596
      vertex 50.9979 1.5 2.5
    endloop
  endfacet
  facet normal 1 0 0
    outer loop
      vertex 50.9979 1.5 0.934596
      vertex 50.9979 -1.5 2.5
      vertex 50.9979 -1.5 0.934596
    endloop
  endfacet
  facet normal 0.989301 -0.0653205 -0.130445
    outer loop
      vertex 50.9893 -1.63025 0.934596
      vertex 50.9808 -1.5 0.804909
      vertex 50.9979 -1.5 0.934596
    endloop
  endfacet
  facet normal 0 0.500004 -0.866023
    outer loop
      vertex 38 1.94229 0.103127
      vertex 50 2.05557 0.16853
      vertex 50 1.94229 0.103127
    endloop
  endfacet
  facet normal 0 0.500004 -0.866023
    outer loop
      vertex 50 2.05557 0.16853
      vertex 38 1.94229 0.103127
      vertex 38 2.05557 0.16853
    endloop
  endfacet
  facet normal -0.745262 0.653898 -0.130393
    outer loop
      vertex 37.3065 2.19352 0.804909
      vertex 37.2083 2.10746 0.934596
      vertex 37.2944 2.20559 0.934596
    endloop
  endfacet
  facet normal -0.195094 0.170962 -0.965769
    outer loop
      vertex 37.862 1.63795 0.0192146
      vertex 37.745 1.69568 0.0530691
      vertex 37.7727 1.72729 0.0530691
    endloop
  endfacet
  facet normal -0.278199 0.416346 -0.865599
    outer loop
      vertex 37.7308 1.85089 0.103127
      vertex 37.6618 1.94076 0.16853
      vertex 37.7789 1.88303 0.103127
    endloop
  endfacet
  facet normal -0.16902 0.849879 -0.499137
    outer loop
      vertex 37.7848 2.30314 0.444429
      vertex 37.7679 2.36631 0.557711
      vertex 37.8915 2.32436 0.444429
    endloop
  endfacet
  facet normal -0.194938 0.980816 0
    outer loop
      vertex 37.8698 2.48932 0.934596
      vertex 37.7417 2.46386 2.5
      vertex 37.8698 2.48932 2.5
    endloop
  endfacet
  facet normal -0.194938 0.980816 0
    outer loop
      vertex 37.7417 2.46386 2.5
      vertex 37.8698 2.48932 0.934596
      vertex 37.7417 2.46386 0.934596
    endloop
  endfacet
  facet normal -0.670495 0.227412 -0.706202
    outer loop
      vertex 37.3631 1.67065 0.248159
      vertex 37.2738 1.69459 0.340653
      vertex 37.3908 1.75232 0.248159
    endloop
  endfacet
  facet normal -0.768315 0.513254 -0.382442
    outer loop
      vertex 37.2885 2.04598 0.557711
      vertex 37.1799 1.97346 0.67856
      vertex 37.2487 2.07645 0.67856
    endloop
  endfacet
  facet normal -0.427245 0.866502 -0.258139
    outer loop
      vertex 37.6376 2.37485 0.67856
      vertex 37.5265 2.32007 0.67856
      vertex 37.6247 2.40613 0.804909
    endloop
  endfacet
  facet normal 0.318719 0.938839 -0.130383
    outer loop
      vertex 50.3753 2.40613 0.804909
      vertex 50.2583 2.46386 0.934596
      vertex 50.3819 2.4219 0.934596
    endloop
  endfacet
  facet normal -0.278512 -0.820557 -0.499116
    outer loop
      vertex 37.7848 -2.30314 0.444429
      vertex 37.6568 -2.3286 0.557711
      vertex 37.6818 -2.26818 0.444429
    endloop
  endfacet
  facet normal -0.255193 -0.751855 -0.60794
    outer loop
      vertex 37.7848 -2.30314 0.444429
      vertex 37.6818 -2.26818 0.444429
      vertex 37.8054 -2.22622 0.340653
    endloop
  endfacet
  facet normal 0.383234 -0.777105 -0.499239
    outer loop
      vertex 50.4484 -2.27672 0.557711
      vertex 50.3432 -2.3286 0.557711
      vertex 50.4157 -2.22007 0.444429
    endloop
  endfacet
  facet normal -0.193275 -0.972447 -0.130355
    outer loop
      vertex 37.8698 -2.48932 0.934596
      vertex 37.7417 -2.46386 0.934596
      vertex 37.7462 -2.44737 0.804909
    endloop
  endfacet
  facet normal -0.0976376 -0.491215 -0.865549
    outer loop
      vertex 37.9423 -1.93851 0.103127
      vertex 37.8562 -2.03664 0.16853
      vertex 37.8855 -1.92722 0.103127
    endloop
  endfacet
  facet normal -0.596996 -0.523475 -0.607922
    outer loop
      vertex 37.4121 -2.08794 0.444429
      vertex 37.3404 -2.00617 0.444429
      vertex 37.4684 -2.03163 0.340653
    endloop
  endfacet
  facet normal -0.651487 -0.571256 -0.499231
    outer loop
      vertex 37.4121 -2.08794 0.444429
      vertex 37.2885 -2.04598 0.557711
      vertex 37.3404 -2.00617 0.444429
    endloop
  endfacet
  facet normal -0.72028 -0.481886 -0.498981
    outer loop
      vertex 37.3404 -2.00617 0.444429
      vertex 37.2233 -1.94844 0.557711
      vertex 37.2799 -1.91574 0.444429
    endloop
  endfacet
  facet normal -0.980877 0.194628 0
    outer loop
      vertex 37.0107 1.63025 0.934596
      vertex 37.0361 1.75826 2.5
      vertex 37.0361 1.75826 0.934596
    endloop
  endfacet
  facet normal -0.980877 0.194628 0
    outer loop
      vertex 37.0361 1.75826 2.5
      vertex 37.0107 1.63025 0.934596
      vertex 37.0107 1.63025 2.5
    endloop
  endfacet
  facet normal -0.997827 0.0658834 0
    outer loop
      vertex 37.0021 1.5 0.934596
      vertex 37.0107 1.63025 2.5
      vertex 37.0107 1.63025 0.934596
    endloop
  endfacet
  facet normal -0.997827 0.0658834 0
    outer loop
      vertex 37.0107 1.63025 2.5
      vertex 37.0021 1.5 0.934596
      vertex 37.0021 1.5 2.5
    endloop
  endfacet
  facet normal 0.803388 0.536684 -0.257951
    outer loop
      vertex 50.8201 1.97346 0.67856
      vertex 50.7513 2.07645 0.67856
      vertex 50.7781 2.09706 0.804909
    endloop
  endfacet
  facet normal 0.0566602 -0.864645 -0.499177
    outer loop
      vertex 50.1085 -2.32436 0.444429
      vertex 50 -2.39687 0.557711
      vertex 50 -2.33147 0.444429
    endloop
  endfacet
  facet normal 0.330107 -0.376499 -0.865608
    outer loop
      vertex 50.3382 -1.94076 0.16853
      vertex 50.2692 -1.85089 0.103127
      vertex 50.3127 -1.81275 0.103127
    endloop
  endfacet
  facet normal 0.130479 -0.00870882 -0.991413
    outer loop
      vertex 50.1934 -1.52547 0.0192146
      vertex 50.0648 -1.50854 0.002141
      vertex 50.1951 -1.5 0.0192146
    endloop
  endfacet
  facet normal 0.86465 -0.0565651 -0.49918
    outer loop
      vertex 50.8969 -1.5 0.557711
      vertex 50.8244 -1.60853 0.444429
      vertex 50.8315 -1.5 0.444429
    endloop
  endfacet
  facet normal 0.255193 0.751855 -0.60794
    outer loop
      vertex 50.3182 2.26818 0.444429
      vertex 50.1946 2.22622 0.340653
      vertex 50.2152 2.30314 0.444429
    endloop
  endfacet
  facet normal 0.481119 0.720644 -0.499196
    outer loop
      vertex 50.5062 2.15965 0.444429
      vertex 50.4157 2.22007 0.444429
      vertex 50.4484 2.27671 0.557711
    endloop
  endfacet
  facet normal 0.123209 0.363002 -0.923606
    outer loop
      vertex 50.123 1.79697 0.0530691
      vertex 50.1145 1.92722 0.103127
      vertex 50.1693 1.90862 0.103127
    endloop
  endfacet
  facet normal 0.123312 0.363004 -0.923592
    outer loop
      vertex 50.123 1.79697 0.0530691
      vertex 50.0832 1.81049 0.0530691
      vertex 50.1145 1.92722 0.103127
    endloop
  endfacet
  facet normal 0.792116 0.0516615 -0.60818
    outer loop
      vertex 50.7518 1.5 0.340653
      vertex 50.7454 1.59813 0.340653
      vertex 50.8244 1.60853 0.444429
    endloop
  endfacet
  facet normal 0.849622 0.169654 -0.499359
    outer loop
      vertex 50.8244 1.60853 0.444429
      vertex 50.8031 1.7152 0.444429
      vertex 50.8663 1.73213 0.557711
    endloop
  endfacet
  facet normal 0.194986 0.170867 -0.965808
    outer loop
      vertex 50.255 1.69568 0.0530691
      vertex 50.1379 1.63795 0.0192146
      vertex 50.2273 1.72729 0.0530691
    endloop
  endfacet
  facet normal 0.408794 0.828774 -0.382127
    outer loop
      vertex 50.4484 2.27671 0.557711
      vertex 50.3432 2.3286 0.557711
      vertex 50.3624 2.37485 0.67856
    endloop
  endfacet
  facet normal 0.82073 0.278119 -0.49905
    outer loop
      vertex 50.8031 1.7152 0.444429
      vertex 50.7682 1.81819 0.444429
      vertex 50.8286 1.84322 0.557711
    endloop
  endfacet
  facet normal 0.778658 0.155483 -0.607879
    outer loop
      vertex 50.8244 1.60853 0.444429
      vertex 50.7262 1.69459 0.340653
      vertex 50.8031 1.7152 0.444429
    endloop
  endfacet
  facet normal -0.972517 -0.192954 -0.130309
    outer loop
      vertex 37.0361 -1.75827 0.934596
      vertex 37.0107 -1.63025 0.934596
      vertex 37.0526 -1.75385 0.804909
    endloop
  endfacet
  facet normal -0.991419 0 -0.130724
    outer loop
      vertex 37.0192 -1.5 0.804909
      vertex 37.0021 1.5 0.934596
      vertex 37.0192 1.5 0.804909
    endloop
  endfacet
  facet normal -0.991419 -0 -0.130724
    outer loop
      vertex 37.0021 1.5 0.934596
      vertex 37.0192 -1.5 0.804909
      vertex 37.0021 -1.5 0.934596
    endloop
  endfacet
  facet normal -0.653884 -0.745278 -0.130372
    outer loop
      vertex 37.3925 -2.29166 0.934596
      vertex 37.2944 -2.20559 0.934596
      vertex 37.3065 -2.19352 0.804909
    endloop
  endfacet
  facet normal -0.947599 -0.187991 -0.258294
    outer loop
      vertex 37.0853 -1.74508 0.67856
      vertex 37.0526 -1.75385 0.804909
      vertex 37.0612 -1.6236 0.67856
    endloop
  endfacet
  facet normal -0.86465 0.0565651 -0.49918
    outer loop
      vertex 37.1685 1.5 0.444429
      vertex 37.1031 1.5 0.557711
      vertex 37.1756 1.60853 0.444429
    endloop
  endfacet
  facet normal -0.536656 -0.803327 -0.258198
    outer loop
      vertex 37.5096 -2.34939 0.804909
      vertex 37.4029 -2.27811 0.804909
      vertex 37.5265 -2.32007 0.67856
    endloop
  endfacet
  facet normal -0.321463 -0.946922 0
    outer loop
      vertex 37.6181 -2.4219 0.934596
      vertex 37.7417 -2.46386 2.5
      vertex 37.6181 -2.4219 2.5
    endloop
  endfacet
  facet normal -0.321463 -0.946922 -0
    outer loop
      vertex 37.7417 -2.46386 2.5
      vertex 37.6181 -2.4219 0.934596
      vertex 37.7417 -2.46386 0.934596
    endloop
  endfacet
  facet normal -0.997827 -0.0658834 0
    outer loop
      vertex 37.0107 -1.63025 0.934596
      vertex 37.0021 -1.5 2.5
      vertex 37.0021 -1.5 0.934596
    endloop
  endfacet
  facet normal -0.997827 -0.0658834 0
    outer loop
      vertex 37.0021 -1.5 2.5
      vertex 37.0107 -1.63025 0.934596
      vertex 37.0107 -1.63025 2.5
    endloop
  endfacet
  facet normal -0.427162 -0.86652 -0.258217
    outer loop
      vertex 37.6247 -2.40613 0.804909
      vertex 37.5096 -2.34939 0.804909
      vertex 37.5265 -2.32007 0.67856
    endloop
  endfacet
  facet normal -0.651558 -0.571036 -0.49939
    outer loop
      vertex 37.3658 -2.13418 0.557711
      vertex 37.2885 -2.04598 0.557711
      vertex 37.4121 -2.08794 0.444429
    endloop
  endfacet
  facet normal -0.65394 -0.74524 -0.130306
    outer loop
      vertex 37.3925 -2.29166 0.934596
      vertex 37.3065 -2.19352 0.804909
      vertex 37.4029 -2.27811 0.804909
    endloop
  endfacet
  facet normal -0.402039 -0.458099 -0.792786
    outer loop
      vertex 37.5986 -2.0231 0.248159
      vertex 37.5338 -1.96623 0.248159
      vertex 37.6618 -1.94076 0.16853
    endloop
  endfacet
  facet normal -0.481235 -0.720597 -0.499152
    outer loop
      vertex 37.5516 -2.27672 0.557711
      vertex 37.454 -2.21154 0.557711
      vertex 37.4938 -2.15965 0.444429
    endloop
  endfacet
  facet normal 0 -0.130523 -0.991445
    outer loop
      vertex 38 -1.69509 0.0192146
      vertex 50 -1.5654 0.002141
      vertex 50 -1.69509 0.0192146
    endloop
  endfacet
  facet normal -0 -0.130523 -0.991445
    outer loop
      vertex 50 -1.5654 0.002141
      vertex 38 -1.69509 0.0192146
      vertex 38 -1.5654 0.002141
    endloop
  endfacet
  facet normal -0.382596 0.0251838 -0.923573
    outer loop
      vertex 37.6813 1.54196 0.0530691
      vertex 37.5577 1.5 0.103127
      vertex 37.5615 1.55773 0.103127
    endloop
  endfacet
  facet normal 0.376104 -0.0748012 -0.923553
    outer loop
      vertex 50.4272 -1.61447 0.103127
      vertex 50.3105 -1.58319 0.0530691
      vertex 50.3187 -1.54196 0.0530691
    endloop
  endfacet
  facet normal -0.232777 0.113947 -0.965832
    outer loop
      vertex 37.8198 1.57466 0.0192146
      vertex 37.703 1.62301 0.0530691
      vertex 37.831 1.59754 0.0192146
    endloop
  endfacet
  facet normal -0.707084 0 -0.70713
    outer loop
      vertex 37.3407 -1.5 0.248159
      vertex 37.2482 1.5 0.340653
      vertex 37.3407 1.5 0.248159
    endloop
  endfacet
  facet normal -0.707084 -0 -0.70713
    outer loop
      vertex 37.2482 1.5 0.340653
      vertex 37.3407 -1.5 0.248159
      vertex 37.2482 -1.5 0.340653
    endloop
  endfacet
  facet normal -0.670495 -0.227412 -0.706202
    outer loop
      vertex 37.3908 -1.75232 0.248159
      vertex 37.2738 -1.69459 0.340653
      vertex 37.3631 -1.67065 0.248159
    endloop
  endfacet
  facet normal -0.90647 -0.180412 -0.38179
    outer loop
      vertex 37.1337 -1.73213 0.557711
      vertex 37.0612 -1.6236 0.67856
      vertex 37.1108 -1.61707 0.557711
    endloop
  endfacet
  facet normal -0.972499 -0.193217 -0.130052
    outer loop
      vertex 37.0526 -1.75385 0.804909
      vertex 37.0107 -1.63025 0.934596
      vertex 37.0276 -1.62802 0.804909
    endloop
  endfacet
  facet normal -0.63501 -0.313185 -0.706171
    outer loop
      vertex 37.3489 -1.87592 0.340653
      vertex 37.3054 -1.78772 0.340653
      vertex 37.3908 -1.75232 0.248159
    endloop
  endfacet
  facet normal -0.712031 -0.351088 -0.60807
    outer loop
      vertex 37.2799 -1.91574 0.444429
      vertex 37.2318 -1.81819 0.444429
      vertex 37.3054 -1.78772 0.340653
    endloop
  endfacet
  facet normal -0.351212 -0.712113 -0.607902
    outer loop
      vertex 37.7123 -2.19461 0.340653
      vertex 37.5843 -2.22007 0.444429
      vertex 37.6241 -2.15111 0.340653
    endloop
  endfacet
  facet normal -0.33031 -0.376434 -0.865559
    outer loop
      vertex 37.6618 -1.94076 0.16853
      vertex 37.6072 -1.89285 0.16853
      vertex 37.6873 -1.81275 0.103127
    endloop
  endfacet
  facet normal -0.41661 -0.277878 -0.865575
    outer loop
      vertex 37.5592 -1.83821 0.16853
      vertex 37.5189 -1.77779 0.16853
      vertex 37.617 -1.72114 0.103127
    endloop
  endfacet
  facet normal -0.506985 -0.33865 -0.792643
    outer loop
      vertex 37.4769 -1.90138 0.248159
      vertex 37.429 -1.82967 0.248159
      vertex 37.5592 -1.83821 0.16853
    endloop
  endfacet
  facet normal -0.195969 -0.577168 -0.792763
    outer loop
      vertex 37.8293 -2.13688 0.248159
      vertex 37.7874 -2.01328 0.16853
      vertex 37.8562 -2.03664 0.16853
    endloop
  endfacet
  facet normal -0.196072 -0.577181 -0.792728
    outer loop
      vertex 37.8293 -2.13688 0.248159
      vertex 37.7477 -2.10916 0.248159
      vertex 37.7874 -2.01328 0.16853
    endloop
  endfacet
  facet normal -0.0976852 -0.491182 -0.865562
    outer loop
      vertex 37.9275 -2.05082 0.16853
      vertex 37.8562 -2.03664 0.16853
      vertex 37.9423 -1.93851 0.103127
    endloop
  endfacet
  facet normal 0.0462997 -0.706377 -0.70632
    outer loop
      vertex 50.0981 -2.24541 0.340653
      vertex 50 -2.25184 0.340653
      vertex 50.0861 -2.15371 0.248159
    endloop
  endfacet
  facet normal -0.946829 0.321738 0
    outer loop
      vertex 37.0361 1.75826 0.934596
      vertex 37.0781 1.88186 2.5
      vertex 37.0781 1.88186 0.934596
    endloop
  endfacet
  facet normal -0.946829 0.321738 0
    outer loop
      vertex 37.0781 1.88186 2.5
      vertex 37.0361 1.75826 0.934596
      vertex 37.0361 1.75826 2.5
    endloop
  endfacet
  facet normal 0.0462706 -0.706365 -0.706334
    outer loop
      vertex 50.0861 -2.15371 0.248159
      vertex 50 -2.25184 0.340653
      vertex 50 -2.15935 0.248159
    endloop
  endfacet
  facet normal 0.0748354 -0.376002 -0.923592
    outer loop
      vertex 50.1145 -1.92722 0.103127
      vertex 50.042 -1.81869 0.0530691
      vertex 50.0832 -1.81049 0.0530691
    endloop
  endfacet
  facet normal 0.670495 -0.227412 -0.706202
    outer loop
      vertex 50.7262 -1.69459 0.340653
      vertex 50.6092 -1.75232 0.248159
      vertex 50.6369 -1.67065 0.248159
    endloop
  endfacet
  facet normal 0.297 -0.875109 -0.382068
    outer loop
      vertex 50.2451 -2.41466 0.67856
      vertex 50.2321 -2.36631 0.557711
      vertex 50.3624 -2.37485 0.67856
    endloop
  endfacet
  facet normal 0.427245 -0.866502 -0.258139
    outer loop
      vertex 50.3753 -2.40613 0.804909
      vertex 50.3624 -2.37485 0.67856
      vertex 50.4735 -2.32007 0.67856
    endloop
  endfacet
  facet normal 0 -0.500004 -0.866023
    outer loop
      vertex 38 -2.05557 0.16853
      vertex 50 -1.94229 0.103127
      vertex 50 -2.05557 0.16853
    endloop
  endfacet
  facet normal -0 -0.500004 -0.866023
    outer loop
      vertex 50 -1.94229 0.103127
      vertex 38 -2.05557 0.16853
      vertex 38 -1.94229 0.103127
    endloop
  endfacet
  facet normal -0.0327413 -0.499736 -0.865559
    outer loop
      vertex 38 -2.05557 0.16853
      vertex 37.9275 -2.05082 0.16853
      vertex 38 -1.94229 0.103127
    endloop
  endfacet
  facet normal 0 -0.258813 -0.965928
    outer loop
      vertex 38 -1.82144 0.0530691
      vertex 50 -1.69509 0.0192146
      vertex 50 -1.82144 0.0530691
    endloop
  endfacet
  facet normal -0 -0.258813 -0.965928
    outer loop
      vertex 50 -1.69509 0.0192146
      vertex 38 -1.82144 0.0530691
      vertex 38 -1.69509 0.0192146
    endloop
  endfacet
  facet normal -0.161021 -0.47424 -0.865545
    outer loop
      vertex 37.8562 -2.03664 0.16853
      vertex 37.7874 -2.01328 0.16853
      vertex 37.8855 -1.92722 0.103127
    endloop
  endfacet
  facet normal 0.0506193 -0.254331 -0.965792
    outer loop
      vertex 50.0832 -1.81049 0.0530691
      vertex 50.042 -1.81869 0.0530691
      vertex 50.0505 -1.68844 0.0192146
    endloop
  endfacet
  facet normal 0.160978 -0.474279 -0.865532
    outer loop
      vertex 50.2126 -2.01328 0.16853
      vertex 50.1145 -1.92722 0.103127
      vertex 50.1693 -1.90862 0.103127
    endloop
  endfacet
  facet normal 0.577164 -0.195407 -0.792905
    outer loop
      vertex 50.6369 -1.67065 0.248159
      vertex 50.5133 -1.71261 0.16853
      vertex 50.5366 -1.64379 0.16853
    endloop
  endfacet
  facet normal 0.252925 -0.288223 -0.923557
    outer loop
      vertex 50.3127 -1.81275 0.103127
      vertex 50.1957 -1.75502 0.0530691
      vertex 50.2273 -1.72729 0.0530691
    endloop
  endfacet
  facet normal 0.726341 -0.637036 -0.258096
    outer loop
      vertex 50.6935 -2.19352 0.804909
      vertex 50.6696 -2.16958 0.67856
      vertex 50.7781 -2.09706 0.804909
    endloop
  endfacet
  facet normal -0.109143 0.0721477 -0.991404
    outer loop
      vertex 37.9434 1.5327 0.002141
      vertex 37.8452 1.61876 0.0192146
      vertex 37.9481 1.53981 0.002141
    endloop
  endfacet
  facet normal -0.169787 0.343688 -0.923608
    outer loop
      vertex 37.877 1.79697 0.0530691
      vertex 37.7789 1.88303 0.103127
      vertex 37.8307 1.90862 0.103127
    endloop
  endfacet
  facet normal -0.0328222 0.499695 -0.865579
    outer loop
      vertex 37.9423 1.9385 0.103127
      vertex 37.9275 2.05082 0.16853
      vertex 38 1.94229 0.103127
    endloop
  endfacet
  facet normal 0 0.130523 -0.991445
    outer loop
      vertex 38 1.5654 0.002141
      vertex 50 1.69509 0.0192146
      vertex 50 1.5654 0.002141
    endloop
  endfacet
  facet normal 0 0.130523 -0.991445
    outer loop
      vertex 50 1.69509 0.0192146
      vertex 38 1.5654 0.002141
      vertex 38 1.69509 0.0192146
    endloop
  endfacet
  facet normal -0.597796 0.119106 -0.792751
    outer loop
      vertex 37.4492 1.57252 0.16853
      vertex 37.3463 1.58606 0.248159
      vertex 37.4634 1.64379 0.16853
    endloop
  endfacet
  facet normal -0.188487 0.947506 -0.258275
    outer loop
      vertex 37.7549 2.41466 0.67856
      vertex 37.7462 2.44737 0.804909
      vertex 37.8764 2.43883 0.67856
    endloop
  endfacet
  facet normal 0.997827 0.0658834 0
    outer loop
      vertex 50.9979 1.5 2.5
      vertex 50.9893 1.63025 0.934596
      vertex 50.9893 1.63025 2.5
    endloop
  endfacet
  facet normal 0.997827 0.0658834 0
    outer loop
      vertex 50.9893 1.63025 0.934596
      vertex 50.9979 1.5 2.5
      vertex 50.9979 1.5 0.934596
    endloop
  endfacet
  facet normal 0.0398514 0.608258 -0.792739
    outer loop
      vertex 50.0725 2.05082 0.16853
      vertex 50 2.05557 0.16853
      vertex 50 2.15935 0.248159
    endloop
  endfacet
  facet normal 0.0462972 0.706339 -0.706358
    outer loop
      vertex 50.0861 2.1537 0.248159
      vertex 50 2.25184 0.340653
      vertex 50.0981 2.24541 0.340653
    endloop
  endfacet
  facet normal -0.60826 0.03958 -0.79275
    outer loop
      vertex 37.4492 1.57252 0.16853
      vertex 37.3407 1.5 0.248159
      vertex 37.3463 1.58606 0.248159
    endloop
  endfacet
  facet normal -0.922251 0.060664 -0.381802
    outer loop
      vertex 37.1031 1.5 0.557711
      vertex 37.0612 1.6236 0.67856
      vertex 37.1108 1.61706 0.557711
    endloop
  endfacet
  facet normal -0.15487 0.778728 -0.607945
    outer loop
      vertex 37.8054 2.22622 0.340653
      vertex 37.7848 2.30314 0.444429
      vertex 37.8915 2.32436 0.444429
    endloop
  endfacet
  facet normal 0 0.608741 -0.793369
    outer loop
      vertex 38 2.05557 0.16853
      vertex 50 2.15935 0.248159
      vertex 50 2.05557 0.16853
    endloop
  endfacet
  facet normal 0 0.608741 -0.793369
    outer loop
      vertex 50 2.15935 0.248159
      vertex 38 2.05557 0.16853
      vertex 38 2.15935 0.248159
    endloop
  endfacet
  facet normal -0.0631875 0.964005 -0.258265
    outer loop
      vertex 38 2.44693 0.67856
      vertex 37.872 2.47239 0.804909
      vertex 38 2.48078 0.804909
    endloop
  endfacet
  facet normal 0 0.923872 -0.382701
    outer loop
      vertex 50 2.39687 0.557711
      vertex 38 2.44693 0.67856
      vertex 50 2.44693 0.67856
    endloop
  endfacet
  facet normal 0 0.923872 -0.382701
    outer loop
      vertex 38 2.44693 0.67856
      vertex 50 2.39687 0.557711
      vertex 38 2.39687 0.557711
    endloop
  endfacet
  facet normal -0.0631754 0.964009 -0.258254
    outer loop
      vertex 37.8764 2.43883 0.67856
      vertex 37.872 2.47239 0.804909
      vertex 38 2.44693 0.67856
    endloop
  endfacet
  facet normal -0.297026 0.875088 -0.382094
    outer loop
      vertex 37.6568 2.3286 0.557711
      vertex 37.6376 2.37485 0.67856
      vertex 37.7679 2.36631 0.557711
    endloop
  endfacet
  facet normal -0.42723 0.866505 -0.258154
    outer loop
      vertex 37.5265 2.32007 0.67856
      vertex 37.5096 2.34938 0.804909
      vertex 37.6247 2.40613 0.804909
    endloop
  endfacet
  facet normal -0.866503 0.42744 -0.257814
    outer loop
      vertex 37.1251 1.86237 0.67856
      vertex 37.0939 1.87533 0.804909
      vertex 37.1799 1.97346 0.67856
    endloop
  endfacet
  facet normal 0.438705 0.889113 -0.130443
    outer loop
      vertex 50.4989 2.36417 0.934596
      vertex 50.3753 2.40613 0.804909
      vertex 50.3819 2.4219 0.934596
    endloop
  endfacet
  facet normal 0.65947 0.751731 -0
    outer loop
      vertex 50.7056 2.20559 0.934596
      vertex 50.6075 2.29165 2.5
      vertex 50.7056 2.20559 2.5
    endloop
  endfacet
  facet normal 0.65947 0.751731 0
    outer loop
      vertex 50.6075 2.29165 2.5
      vertex 50.7056 2.20559 0.934596
      vertex 50.6075 2.29165 0.934596
    endloop
  endfacet
  facet normal 0.972516 0.192968 -0.130294
    outer loop
      vertex 50.9893 1.63025 0.934596
      vertex 50.9474 1.75385 0.804909
      vertex 50.9639 1.75826 0.934596
    endloop
  endfacet
  facet normal 0.440876 0.660366 -0.607902
    outer loop
      vertex 50.5062 2.15965 0.444429
      vertex 50.3759 2.15111 0.340653
      vertex 50.4157 2.22007 0.444429
    endloop
  endfacet
  facet normal 0.0519301 0.792277 -0.607947
    outer loop
      vertex 50.0981 2.24541 0.340653
      vertex 50 2.25184 0.340653
      vertex 50.1085 2.32436 0.444429
    endloop
  endfacet
  facet normal -0.555336 0.831626 0
    outer loop
      vertex 37.5011 2.36417 0.934596
      vertex 37.3925 2.29165 2.5
      vertex 37.5011 2.36417 2.5
    endloop
  endfacet
  facet normal -0.555336 0.831626 0
    outer loop
      vertex 37.3925 2.29165 2.5
      vertex 37.5011 2.36417 0.934596
      vertex 37.3925 2.29165 0.934596
    endloop
  endfacet
  facet normal -0.0519183 -0.792284 -0.60794
    outer loop
      vertex 38 -2.33147 0.444429
      vertex 37.8915 -2.32436 0.444429
      vertex 38 -2.25184 0.340653
    endloop
  endfacet
  facet normal -0.193405 -0.972438 -0.130228
    outer loop
      vertex 37.8698 -2.48932 0.934596
      vertex 37.7462 -2.44737 0.804909
      vertex 37.872 -2.47239 0.804909
    endloop
  endfacet
  facet normal -0.278516 -0.820554 -0.49912
    outer loop
      vertex 37.7679 -2.36631 0.557711
      vertex 37.6568 -2.3286 0.557711
      vertex 37.7848 -2.30314 0.444429
    endloop
  endfacet
  facet normal -0.440876 -0.660366 -0.607902
    outer loop
      vertex 37.5843 -2.22007 0.444429
      vertex 37.4938 -2.15965 0.444429
      vertex 37.6241 -2.15111 0.340653
    endloop
  endfacet
  facet normal -0.46689 -0.532128 -0.706296
    outer loop
      vertex 37.5423 -2.09647 0.340653
      vertex 37.4684 -2.03163 0.340653
      vertex 37.5986 -2.0231 0.248159
    endloop
  endfacet
  facet normal -0.91478 0.311001 -0.257792
    outer loop
      vertex 37.1251 1.86237 0.67856
      vertex 37.0526 1.75385 0.804909
      vertex 37.0939 1.87533 0.804909
    endloop
  endfacet
  facet normal -0.989301 0.0653205 -0.130445
    outer loop
      vertex 37.0192 1.5 0.804909
      vertex 37.0021 1.5 0.934596
      vertex 37.0107 1.63025 0.934596
    endloop
  endfacet
  facet normal 0.93874 0.318989 -0.13043
    outer loop
      vertex 50.9639 1.75826 0.934596
      vertex 50.9061 1.87533 0.804909
      vertex 50.9219 1.88186 0.934596
    endloop
  endfacet
  facet normal 0.143736 0.215908 -0.965776
    outer loop
      vertex 50.1188 1.65477 0.0192146
      vertex 50.0975 1.66895 0.0192146
      vertex 50.1957 1.75501 0.0530691
    endloop
  endfacet
  facet normal 0.258872 0.0166577 -0.965768
    outer loop
      vertex 50.3214 1.5 0.0530691
      vertex 50.1951 1.5 0.0192146
      vertex 50.3187 1.54196 0.0530691
    endloop
  endfacet
  facet normal 0.25426 -0.0508114 -0.9658
    outer loop
      vertex 50.3187 -1.54196 0.0530691
      vertex 50.1884 -1.55049 0.0192146
      vertex 50.1934 -1.52547 0.0192146
    endloop
  endfacet
  facet normal 0.169787 0.343688 -0.923608
    outer loop
      vertex 50.2211 1.88303 0.103127
      vertex 50.123 1.79697 0.0530691
      vertex 50.1693 1.90862 0.103127
    endloop
  endfacet
  facet normal 0.546439 -0.26995 -0.7928
    outer loop
      vertex 50.571 -1.82967 0.248159
      vertex 50.4811 -1.77779 0.16853
      vertex 50.5133 -1.71261 0.16853
    endloop
  endfacet
  facet normal 0.457909 -0.402262 -0.792783
    outer loop
      vertex 50.4662 -1.96623 0.248159
      vertex 50.3928 -1.89285 0.16853
      vertex 50.4408 -1.83821 0.16853
    endloop
  endfacet
  facet normal 0.138121 -0.694296 -0.706311
    outer loop
      vertex 50.1946 -2.22622 0.340653
      vertex 50.0861 -2.15371 0.248159
      vertex 50.1707 -2.13688 0.248159
    endloop
  endfacet
  facet normal 0.457909 0.402262 -0.792783
    outer loop
      vertex 50.4408 1.83821 0.16853
      vertex 50.3928 1.89285 0.16853
      vertex 50.4662 1.96623 0.248159
    endloop
  endfacet
  facet normal 0.195969 0.577168 -0.792763
    outer loop
      vertex 50.2126 2.01328 0.16853
      vertex 50.1438 2.03664 0.16853
      vertex 50.1707 2.13688 0.248159
    endloop
  endfacet
  facet normal 0.0519183 0.792284 -0.60794
    outer loop
      vertex 50.1085 2.32436 0.444429
      vertex 50 2.25184 0.340653
      vertex 50 2.33147 0.444429
    endloop
  endfacet
  facet normal 0.0566602 0.864645 -0.499177
    outer loop
      vertex 50.1085 2.32436 0.444429
      vertex 50 2.33147 0.444429
      vertex 50 2.39687 0.557711
    endloop
  endfacet
  facet normal 0.706382 -0.04607 -0.70633
    outer loop
      vertex 50.7454 -1.59813 0.340653
      vertex 50.6537 -1.58606 0.248159
      vertex 50.7518 -1.5 0.340653
    endloop
  endfacet
  facet normal 0.777199 0.383261 -0.499072
    outer loop
      vertex 50.7682 1.81819 0.444429
      vertex 50.7201 1.91573 0.444429
      vertex 50.8286 1.84322 0.557711
    endloop
  endfacet
  facet normal 0.706382 0.04607 -0.70633
    outer loop
      vertex 50.7518 1.5 0.340653
      vertex 50.6537 1.58606 0.248159
      vertex 50.7454 1.59813 0.340653
    endloop
  endfacet
  facet normal 0.79203 0.0518144 -0.608279
    outer loop
      vertex 50.8315 1.5 0.444429
      vertex 50.7518 1.5 0.340653
      vertex 50.8244 1.60853 0.444429
    endloop
  endfacet
  facet normal 0.694466 0.137924 -0.706183
    outer loop
      vertex 50.6537 1.58606 0.248159
      vertex 50.6369 1.67065 0.248159
      vertex 50.7262 1.69459 0.340653
    endloop
  endfacet
  facet normal 0.448985 0.22184 -0.865563
    outer loop
      vertex 50.5133 1.71261 0.16853
      vertex 50.383 1.72114 0.103127
      vertex 50.4811 1.77778 0.16853
    endloop
  endfacet
  facet normal 0.532095 0.466865 -0.706337
    outer loop
      vertex 50.5231 1.90138 0.248159
      vertex 50.4662 1.96623 0.248159
      vertex 50.5316 2.03163 0.340653
    endloop
  endfacet
  facet normal 0.849969 0.169152 -0.498939
    outer loop
      vertex 50.8892 1.61706 0.557711
      vertex 50.8244 1.60853 0.444429
      vertex 50.8663 1.73213 0.557711
    endloop
  endfacet
  facet normal 0.96584 0 -0.259139
    outer loop
      vertex 50.9808 -1.5 0.804909
      vertex 50.9469 1.5 0.67856
      vertex 50.9808 1.5 0.804909
    endloop
  endfacet
  facet normal 0.96584 0 -0.259139
    outer loop
      vertex 50.9469 1.5 0.67856
      vertex 50.9808 -1.5 0.804909
      vertex 50.9469 -1.5 0.67856
    endloop
  endfacet
  facet normal -0.875051 -0.296906 -0.382274
    outer loop
      vertex 37.1251 -1.86238 0.67856
      vertex 37.0853 -1.74508 0.67856
      vertex 37.1337 -1.73213 0.557711
    endloop
  endfacet
  facet normal -0.875016 -0.296949 -0.382318
    outer loop
      vertex 37.1714 -1.84322 0.557711
      vertex 37.1251 -1.86238 0.67856
      vertex 37.1337 -1.73213 0.557711
    endloop
  endfacet
  facet normal -0.726341 -0.637036 -0.258096
    outer loop
      vertex 37.3065 -2.19352 0.804909
      vertex 37.2219 -2.09706 0.804909
      vertex 37.3304 -2.16958 0.67856
    endloop
  endfacet
  facet normal -0.831531 -0.555478 0
    outer loop
      vertex 37.2083 -2.10746 0.934596
      vertex 37.1358 -1.99893 2.5
      vertex 37.1358 -1.99893 0.934596
    endloop
  endfacet
  facet normal -0.831531 -0.555478 0
    outer loop
      vertex 37.1358 -1.99893 2.5
      vertex 37.2083 -2.10746 0.934596
      vertex 37.2083 -2.10746 2.5
    endloop
  endfacet
  facet normal -0.310516 -0.914833 -0.258187
    outer loop
      vertex 37.7462 -2.44737 0.804909
      vertex 37.6247 -2.40613 0.804909
      vertex 37.6376 -2.37485 0.67856
    endloop
  endfacet
  facet normal -0.318668 -0.938849 -0.130434
    outer loop
      vertex 37.7417 -2.46386 0.934596
      vertex 37.6247 -2.40613 0.804909
      vertex 37.7462 -2.44737 0.804909
    endloop
  endfacet
  facet normal -0.694554 -0.609375 -0.382436
    outer loop
      vertex 37.3304 -2.16958 0.67856
      vertex 37.2487 -2.07646 0.67856
      vertex 37.2885 -2.04598 0.557711
    endloop
  endfacet
  facet normal -0.536709 -0.803269 -0.258269
    outer loop
      vertex 37.5265 -2.32007 0.67856
      vertex 37.4029 -2.27811 0.804909
      vertex 37.4235 -2.25125 0.67856
    endloop
  endfacet
  facet normal -0.40873 -0.828805 -0.382128
    outer loop
      vertex 37.6376 -2.37485 0.67856
      vertex 37.5516 -2.27672 0.557711
      vertex 37.6568 -2.3286 0.557711
    endloop
  endfacet
  facet normal -0.427245 -0.866502 -0.258139
    outer loop
      vertex 37.6247 -2.40613 0.804909
      vertex 37.5265 -2.32007 0.67856
      vertex 37.6376 -2.37485 0.67856
    endloop
  endfacet
  facet normal -0.659513 -0.751693 0
    outer loop
      vertex 37.2944 -2.20559 0.934596
      vertex 37.3925 -2.29166 2.5
      vertex 37.2944 -2.20559 2.5
    endloop
  endfacet
  facet normal -0.659513 -0.751693 -0
    outer loop
      vertex 37.3925 -2.29166 2.5
      vertex 37.2944 -2.20559 0.934596
      vertex 37.3925 -2.29166 0.934596
    endloop
  endfacet
  facet normal -0.338785 -0.506751 -0.792735
    outer loop
      vertex 37.6703 -2.07101 0.248159
      vertex 37.6618 -1.94076 0.16853
      vertex 37.7222 -1.98114 0.16853
    endloop
  endfacet
  facet normal -0.338626 -0.506773 -0.792788
    outer loop
      vertex 37.6703 -2.07101 0.248159
      vertex 37.5986 -2.0231 0.248159
      vertex 37.6618 -1.94076 0.16853
    endloop
  endfacet
  facet normal -0.720349 -0.481513 -0.499242
    outer loop
      vertex 37.2885 -2.04598 0.557711
      vertex 37.2233 -1.94844 0.557711
      vertex 37.3404 -2.00617 0.444429
    endloop
  endfacet
  facet normal -0.637212 -0.726176 -0.258126
    outer loop
      vertex 37.4029 -2.27811 0.804909
      vertex 37.3065 -2.19352 0.804909
      vertex 37.3304 -2.16958 0.67856
    endloop
  endfacet
  facet normal -0.117231 0.0580807 -0.991405
    outer loop
      vertex 37.9396 1.52503 0.002141
      vertex 37.8198 1.57466 0.0192146
      vertex 37.9434 1.5327 0.002141
    endloop
  endfacet
  facet normal -0.123928 -0.0420442 -0.9914
    outer loop
      vertex 37.8198 -1.57466 0.0192146
      vertex 37.8116 -1.55049 0.0192146
      vertex 37.9368 -1.51693 0.002141
    endloop
  endfacet
  facet normal -0.115111 0.232466 -0.965769
    outer loop
      vertex 37.9025 1.66895 0.0192146
      vertex 37.877 1.79697 0.0530691
      vertex 37.9253 1.68024 0.0192146
    endloop
  endfacet
  facet normal -0.195153 -0.170848 -0.965778
    outer loop
      vertex 37.862 -1.63795 0.0192146
      vertex 37.745 -1.69568 0.0530691
      vertex 37.8452 -1.61876 0.0192146
    endloop
  endfacet
  facet normal -0.232615 -0.114735 -0.965777
    outer loop
      vertex 37.7216 -1.66072 0.0530691
      vertex 37.703 -1.62301 0.0530691
      vertex 37.831 -1.59755 0.0192146
    endloop
  endfacet
  facet normal 0.130508 -0.00916916 -0.991405
    outer loop
      vertex 50.1951 -1.5 0.0192146
      vertex 50.0648 -1.50854 0.002141
      vertex 50.0654 -1.5 0.002141
    endloop
  endfacet
  facet normal -0.0255039 0.128283 -0.99141
    outer loop
      vertex 37.9831 1.56317 0.002141
      vertex 37.9495 1.68844 0.0192146
      vertex 37.9915 1.56484 0.002141
    endloop
  endfacet
  facet normal -0.499755 -0.0328957 -0.865542
    outer loop
      vertex 37.5615 -1.55773 0.103127
      vertex 37.4492 -1.57252 0.16853
      vertex 37.5577 -1.5 0.103127
    endloop
  endfacet
  facet normal -0.694466 -0.137924 -0.706183
    outer loop
      vertex 37.3631 -1.67065 0.248159
      vertex 37.2738 -1.69459 0.340653
      vertex 37.3463 -1.58606 0.248159
    endloop
  endfacet
  facet normal -0.577164 -0.195407 -0.792905
    outer loop
      vertex 37.4867 -1.71261 0.16853
      vertex 37.3631 -1.67065 0.248159
      vertex 37.4634 -1.64379 0.16853
    endloop
  endfacet
  facet normal -0.499938 0 -0.866061
    outer loop
      vertex 37.4444 -1.5 0.16853
      vertex 37.5577 1.5 0.103127
      vertex 37.5577 -1.5 0.103127
    endloop
  endfacet
  facet normal -0.499938 0 -0.866061
    outer loop
      vertex 37.5577 1.5 0.103127
      vertex 37.4444 -1.5 0.16853
      vertex 37.4444 1.5 0.16853
    endloop
  endfacet
  facet normal -0.376236 0.330515 -0.865567
    outer loop
      vertex 37.6873 1.81275 0.103127
      vertex 37.5592 1.83821 0.16853
      vertex 37.6072 1.89285 0.16853
    endloop
  endfacet
  facet normal -0.849622 -0.169654 -0.499359
    outer loop
      vertex 37.1969 -1.7152 0.444429
      vertex 37.1337 -1.73213 0.557711
      vertex 37.1756 -1.60853 0.444429
    endloop
  endfacet
  facet normal -0.820449 -0.278431 -0.49934
    outer loop
      vertex 37.1714 -1.84322 0.557711
      vertex 37.1337 -1.73213 0.557711
      vertex 37.1969 -1.7152 0.444429
    endloop
  endfacet
  facet normal -0.507048 -0.3382 -0.792794
    outer loop
      vertex 37.5592 -1.83821 0.16853
      vertex 37.429 -1.82967 0.248159
      vertex 37.5189 -1.77779 0.16853
    endloop
  endfacet
  facet normal -0.343968 -0.169658 -0.923527
    outer loop
      vertex 37.7216 -1.66072 0.0530691
      vertex 37.617 -1.72114 0.103127
      vertex 37.703 -1.62301 0.0530691
    endloop
  endfacet
  facet normal -0.402016 -0.458153 -0.792767
    outer loop
      vertex 37.6618 -1.94076 0.16853
      vertex 37.5338 -1.96623 0.248159
      vertex 37.6072 -1.89285 0.16853
    endloop
  endfacet
  facet normal -0.457909 -0.402262 -0.792783
    outer loop
      vertex 37.6072 -1.89285 0.16853
      vertex 37.5338 -1.96623 0.248159
      vertex 37.5592 -1.83821 0.16853
    endloop
  endfacet
  facet normal -0.634675 -0.31344 -0.70636
    outer loop
      vertex 37.429 -1.82967 0.248159
      vertex 37.3489 -1.87592 0.340653
      vertex 37.3908 -1.75232 0.248159
    endloop
  endfacet
  facet normal -0.588622 -0.393181 -0.706351
    outer loop
      vertex 37.4769 -1.90138 0.248159
      vertex 37.3489 -1.87592 0.340653
      vertex 37.429 -1.82967 0.248159
    endloop
  endfacet
  facet normal -0.546439 -0.26995 -0.7928
    outer loop
      vertex 37.5189 -1.77779 0.16853
      vertex 37.429 -1.82967 0.248159
      vertex 37.4867 -1.71261 0.16853
    endloop
  endfacet
  facet normal -0.448987 -0.221807 -0.865571
    outer loop
      vertex 37.5189 -1.77779 0.16853
      vertex 37.4867 -1.71261 0.16853
      vertex 37.617 -1.72114 0.103127
    endloop
  endfacet
  facet normal -0.269501 -0.546772 -0.792723
    outer loop
      vertex 37.7477 -2.10916 0.248159
      vertex 37.6703 -2.07101 0.248159
      vertex 37.7874 -2.01328 0.16853
    endloop
  endfacet
  facet normal -0.393337 -0.588651 -0.706241
    outer loop
      vertex 37.6241 -2.15111 0.340653
      vertex 37.5986 -2.0231 0.248159
      vertex 37.6703 -2.07101 0.248159
    endloop
  endfacet
  facet normal 0.11893 -0.597832 -0.79275
    outer loop
      vertex 50.1707 -2.13688 0.248159
      vertex 50.0861 -2.15371 0.248159
      vertex 50.1438 -2.03664 0.16853
    endloop
  endfacet
  facet normal 0.338785 -0.506751 -0.792735
    outer loop
      vertex 50.3297 -2.07101 0.248159
      vertex 50.2778 -1.98114 0.16853
      vertex 50.3382 -1.94076 0.16853
    endloop
  endfacet
  facet normal 0.0398514 -0.608258 -0.792739
    outer loop
      vertex 50.0725 -2.05082 0.16853
      vertex 50 -2.15935 0.248159
      vertex 50 -2.05557 0.16853
    endloop
  endfacet
  facet normal 0.82073 -0.278119 -0.49905
    outer loop
      vertex 50.8286 -1.84322 0.557711
      vertex 50.7682 -1.81819 0.444429
      vertex 50.8031 -1.7152 0.444429
    endloop
  endfacet
  facet normal 0.318668 -0.938849 -0.130434
    outer loop
      vertex 50.2583 -2.46386 0.934596
      vertex 50.2538 -2.44737 0.804909
      vertex 50.3753 -2.40613 0.804909
    endloop
  endfacet
  facet normal 0.550549 -0.824571 -0.130303
    outer loop
      vertex 50.6075 -2.29166 0.934596
      vertex 50.4989 -2.36417 0.934596
      vertex 50.5971 -2.27811 0.804909
    endloop
  endfacet
  facet normal 0.0648934 -0.989359 -0.130224
    outer loop
      vertex 50.1302 -2.48932 0.934596
      vertex 50 -2.49786 0.934596
      vertex 50 -2.48079 0.804909
    endloop
  endfacet
  facet normal 0 -0.866037 -0.499981
    outer loop
      vertex 38 -2.33147 0.444429
      vertex 50 -2.39687 0.557711
      vertex 38 -2.39687 0.557711
    endloop
  endfacet
  facet normal 0 -0.866037 -0.499981
    outer loop
      vertex 50 -2.39687 0.557711
      vertex 38 -2.33147 0.444429
      vertex 50 -2.33147 0.444429
    endloop
  endfacet
  facet normal 0.351317 -0.71198 -0.607997
    outer loop
      vertex 50.3182 -2.26818 0.444429
      vertex 50.2877 -2.19461 0.340653
      vertex 50.4157 -2.22007 0.444429
    endloop
  endfacet
  facet normal -0.0327385 -0.499738 -0.865558
    outer loop
      vertex 38 -1.94229 0.103127
      vertex 37.9275 -2.05082 0.16853
      vertex 37.9423 -1.93851 0.103127
    endloop
  endfacet
  facet normal -0.0398514 -0.608258 -0.792739
    outer loop
      vertex 38 -2.15935 0.248159
      vertex 37.9275 -2.05082 0.16853
      vertex 38 -2.05557 0.16853
    endloop
  endfacet
  facet normal -0.213033 -0.31882 -0.923564
    outer loop
      vertex 37.7789 -1.88303 0.103127
      vertex 37.7308 -1.85089 0.103127
      vertex 37.8393 -1.77838 0.0530691
    endloop
  endfacet
  facet normal -0.0250489 -0.382565 -0.923589
    outer loop
      vertex 38 -1.94229 0.103127
      vertex 37.958 -1.81869 0.0530691
      vertex 38 -1.82144 0.0530691
    endloop
  endfacet
  facet normal 0.0169436 -0.258776 -0.965789
    outer loop
      vertex 50.042 -1.81869 0.0530691
      vertex 50 -1.82144 0.0530691
      vertex 50 -1.69509 0.0192146
    endloop
  endfacet
  facet normal -0.0169472 -0.258774 -0.965789
    outer loop
      vertex 38 -1.69509 0.0192146
      vertex 37.958 -1.81869 0.0530691
      vertex 37.9745 -1.69342 0.0192146
    endloop
  endfacet
  facet normal 0.128251 -0.0256296 -0.991411
    outer loop
      vertex 50.1884 -1.55049 0.0192146
      vertex 50.0648 -1.50854 0.002141
      vertex 50.1934 -1.52547 0.0192146
    endloop
  endfacet
  facet normal 0.171002 -0.194867 -0.965808
    outer loop
      vertex 50.1957 -1.75502 0.0530691
      vertex 50.1379 -1.63795 0.0192146
      vertex 50.2273 -1.72729 0.0530691
    endloop
  endfacet
  facet normal 0.212892 0.318973 -0.923544
    outer loop
      vertex 50.1957 1.75501 0.0530691
      vertex 50.1607 1.77837 0.0530691
      vertex 50.2692 1.85089 0.103127
    endloop
  endfacet
  facet normal 0.108634 -0.0727303 -0.991418
    outer loop
      vertex 50.1548 -1.61876 0.0192146
      vertex 50.0566 -1.5327 0.002141
      vertex 50.169 -1.59755 0.0192146
    endloop
  endfacet
  facet normal 0.0085982 -0.130508 -0.99141
    outer loop
      vertex 50.0255 -1.69342 0.0192146
      vertex 50 -1.5654 0.002141
      vertex 50.0085 -1.56484 0.002141
    endloop
  endfacet
  facet normal 0.0864642 -0.0981263 -0.991411
    outer loop
      vertex 50.1188 -1.65478 0.0192146
      vertex 50.0462 -1.54625 0.002141
      vertex 50.1379 -1.63795 0.0192146
    endloop
  endfacet
  facet normal 0.793095 0 -0.609097
    outer loop
      vertex 50.8315 -1.5 0.444429
      vertex 50.7518 1.5 0.340653
      vertex 50.8315 1.5 0.444429
    endloop
  endfacet
  facet normal 0.793095 0 -0.609097
    outer loop
      vertex 50.7518 1.5 0.340653
      vertex 50.8315 -1.5 0.444429
      vertex 50.7518 -1.5 0.340653
    endloop
  endfacet
  facet normal 0.25284 -0.288373 -0.923533
    outer loop
      vertex 50.2692 -1.85089 0.103127
      vertex 50.1957 -1.75502 0.0530691
      vertex 50.3127 -1.81275 0.103127
    endloop
  endfacet
  facet normal 0.889347 -0.438258 -0.130353
    outer loop
      vertex 50.8642 -1.99893 0.934596
      vertex 50.8494 -1.99039 0.804909
      vertex 50.9061 -1.87533 0.804909
    endloop
  endfacet
  facet normal 0.536709 -0.803269 -0.258269
    outer loop
      vertex 50.5971 -2.27811 0.804909
      vertex 50.4735 -2.32007 0.67856
      vertex 50.5765 -2.25125 0.67856
    endloop
  endfacet
  facet normal 0.0746882 0.37609 -0.923568
    outer loop
      vertex 50.1145 1.92722 0.103127
      vertex 50.042 1.81869 0.0530691
      vertex 50.0577 1.9385 0.103127
    endloop
  endfacet
  facet normal 0.0419712 0.123866 -0.991411
    outer loop
      vertex 50.0747 1.68024 0.0192146
      vertex 50.0169 1.56317 0.002141
      vertex 50.0505 1.68844 0.0192146
    endloop
  endfacet
  facet normal -0.123209 0.363002 -0.923606
    outer loop
      vertex 37.877 1.79697 0.0530691
      vertex 37.8307 1.90862 0.103127
      vertex 37.8855 1.92722 0.103127
    endloop
  endfacet
  facet normal -0.0398514 0.608258 -0.792739
    outer loop
      vertex 38 2.05557 0.16853
      vertex 37.9275 2.05082 0.16853
      vertex 38 2.15935 0.248159
    endloop
  endfacet
  facet normal -0.0250489 0.382565 -0.923589
    outer loop
      vertex 38 1.82144 0.0530691
      vertex 37.958 1.81869 0.0530691
      vertex 38 1.94229 0.103127
    endloop
  endfacet
  facet normal -0.0169436 0.258776 -0.965789
    outer loop
      vertex 38 1.69509 0.0192146
      vertex 37.958 1.81869 0.0530691
      vertex 38 1.82144 0.0530691
    endloop
  endfacet
  facet normal -0.376266 0.330422 -0.86559
    outer loop
      vertex 37.6491 1.76925 0.103127
      vertex 37.5592 1.83821 0.16853
      vertex 37.6873 1.81275 0.103127
    endloop
  endfacet
  facet normal -0.0462972 0.706339 -0.706358
    outer loop
      vertex 37.9139 2.1537 0.248159
      vertex 37.9019 2.24541 0.340653
      vertex 38 2.25184 0.340653
    endloop
  endfacet
  facet normal -0.82073 0.278119 -0.49905
    outer loop
      vertex 37.1969 1.7152 0.444429
      vertex 37.1714 1.84322 0.557711
      vertex 37.2318 1.81819 0.444429
    endloop
  endfacet
  facet normal -0.474099 0.160946 -0.865636
    outer loop
      vertex 37.5728 1.61447 0.103127
      vertex 37.4867 1.71261 0.16853
      vertex 37.5914 1.66926 0.103127
    endloop
  endfacet
  facet normal -0.363157 0.123284 -0.923535
    outer loop
      vertex 37.703 1.62301 0.0530691
      vertex 37.5728 1.61447 0.103127
      vertex 37.5914 1.66926 0.103127
    endloop
  endfacet
  facet normal -0.96584 0 -0.259139
    outer loop
      vertex 37.0531 -1.5 0.67856
      vertex 37.0192 1.5 0.804909
      vertex 37.0531 1.5 0.67856
    endloop
  endfacet
  facet normal -0.96584 -0 -0.259139
    outer loop
      vertex 37.0192 1.5 0.804909
      vertex 37.0531 -1.5 0.67856
      vertex 37.0192 -1.5 0.804909
    endloop
  endfacet
  facet normal -0.609419 0.69471 -0.382082
    outer loop
      vertex 37.454 2.21154 0.557711
      vertex 37.3304 2.16958 0.67856
      vertex 37.4235 2.25125 0.67856
    endloop
  endfacet
  facet normal 0 0.793354 -0.608761
    outer loop
      vertex 50 2.25184 0.340653
      vertex 38 2.33147 0.444429
      vertex 50 2.33147 0.444429
    endloop
  endfacet
  facet normal 0 0.793354 -0.608761
    outer loop
      vertex 38 2.33147 0.444429
      vertex 50 2.25184 0.340653
      vertex 38 2.25184 0.340653
    endloop
  endfacet
  facet normal -0.255193 0.751855 -0.60794
    outer loop
      vertex 37.8054 2.22622 0.340653
      vertex 37.6818 2.26818 0.444429
      vertex 37.7848 2.30314 0.444429
    endloop
  endfacet
  facet normal -0.318668 0.938849 -0.130434
    outer loop
      vertex 37.7462 2.44737 0.804909
      vertex 37.6247 2.40613 0.804909
      vertex 37.7417 2.46386 0.934596
    endloop
  endfacet
  facet normal -0.0604344 0.922184 -0.382002
    outer loop
      vertex 38 2.39687 0.557711
      vertex 37.8764 2.43883 0.67856
      vertex 38 2.44693 0.67856
    endloop
  endfacet
  facet normal -0.193405 0.972438 -0.130228
    outer loop
      vertex 37.872 2.47239 0.804909
      vertex 37.7462 2.44737 0.804909
      vertex 37.8698 2.48932 0.934596
    endloop
  endfacet
  facet normal -0.438458 0.889278 -0.130154
    outer loop
      vertex 37.5096 2.34938 0.804909
      vertex 37.5011 2.36417 0.934596
      vertex 37.6247 2.40613 0.804909
    endloop
  endfacet
  facet normal -0.824285 0.550966 -0.13035
    outer loop
      vertex 37.1506 1.99039 0.804909
      vertex 37.1358 1.99893 0.934596
      vertex 37.2219 2.09706 0.804909
    endloop
  endfacet
  facet normal -0.889347 0.438258 -0.130353
    outer loop
      vertex 37.1506 1.99039 0.804909
      vertex 37.0939 1.87533 0.804909
      vertex 37.1358 1.99893 0.934596
    endloop
  endfacet
  facet normal 0.803189 0.536865 -0.258194
    outer loop
      vertex 50.8201 1.97346 0.67856
      vertex 50.7781 2.09706 0.804909
      vertex 50.8494 1.99039 0.804909
    endloop
  endfacet
  facet normal 0 1 -0
    outer loop
      vertex 50 2.49786 0.934596
      vertex 38 2.49786 2.5
      vertex 50 2.49786 2.5
    endloop
  endfacet
  facet normal 0 1 0
    outer loop
      vertex 38 2.49786 2.5
      vertex 50 2.49786 0.934596
      vertex 38 2.49786 0.934596
    endloop
  endfacet
  facet normal 0.427245 0.866502 -0.258139
    outer loop
      vertex 50.4735 2.32007 0.67856
      vertex 50.3624 2.37485 0.67856
      vertex 50.3753 2.40613 0.804909
    endloop
  endfacet
  facet normal 0.318668 0.938849 -0.130434
    outer loop
      vertex 50.3753 2.40613 0.804909
      vertex 50.2538 2.44737 0.804909
      vertex 50.2583 2.46386 0.934596
    endloop
  endfacet
  facet normal 0.51341 0.768399 -0.382065
    outer loop
      vertex 50.546 2.21154 0.557711
      vertex 50.4735 2.32007 0.67856
      vertex 50.5765 2.25125 0.67856
    endloop
  endfacet
  facet normal 0.536612 0.803375 -0.258139
    outer loop
      vertex 50.5971 2.27811 0.804909
      vertex 50.4735 2.32007 0.67856
      vertex 50.4904 2.34938 0.804909
    endloop
  endfacet
  facet normal 0.536709 0.803269 -0.258269
    outer loop
      vertex 50.5765 2.25125 0.67856
      vertex 50.4735 2.32007 0.67856
      vertex 50.5971 2.27811 0.804909
    endloop
  endfacet
  facet normal 0.69501 0.609119 -0.382015
    outer loop
      vertex 50.7115 2.04598 0.557711
      vertex 50.6342 2.13418 0.557711
      vertex 50.6696 2.16958 0.67856
    endloop
  endfacet
  facet normal -0.310516 0.914833 -0.258187
    outer loop
      vertex 37.6376 2.37485 0.67856
      vertex 37.6247 2.40613 0.804909
      vertex 37.7462 2.44737 0.804909
    endloop
  endfacet
  facet normal -0.442486 0.896775 0
    outer loop
      vertex 37.6181 2.4219 0.934596
      vertex 37.5011 2.36417 2.5
      vertex 37.6181 2.4219 2.5
    endloop
  endfacet
  facet normal -0.442486 0.896775 0
    outer loop
      vertex 37.5011 2.36417 2.5
      vertex 37.6181 2.4219 0.934596
      vertex 37.5011 2.36417 0.934596
    endloop
  endfacet
  facet normal -0.154857 -0.778725 -0.607952
    outer loop
      vertex 37.8915 -2.32436 0.444429
      vertex 37.8054 -2.22622 0.340653
      vertex 37.9019 -2.24541 0.340653
    endloop
  endfacet
  facet normal -0.0519301 -0.792277 -0.607947
    outer loop
      vertex 38 -2.25184 0.340653
      vertex 37.8915 -2.32436 0.444429
      vertex 37.9019 -2.24541 0.340653
    endloop
  endfacet
  facet normal -0.188487 -0.947506 -0.258275
    outer loop
      vertex 37.8764 -2.43883 0.67856
      vertex 37.7462 -2.44737 0.804909
      vertex 37.7549 -2.41466 0.67856
    endloop
  endfacet
  facet normal -0.310483 -0.914836 -0.258217
    outer loop
      vertex 37.7462 -2.44737 0.804909
      vertex 37.6376 -2.37485 0.67856
      vertex 37.7549 -2.41466 0.67856
    endloop
  endfacet
  facet normal -0.0604035 -0.922197 -0.381975
    outer loop
      vertex 38 -2.39687 0.557711
      vertex 37.8764 -2.43883 0.67856
      vertex 37.8829 -2.3892 0.557711
    endloop
  endfacet
  facet normal -0.0566602 -0.864645 -0.499177
    outer loop
      vertex 38 -2.39687 0.557711
      vertex 37.8915 -2.32436 0.444429
      vertex 38 -2.33147 0.444429
    endloop
  endfacet
  facet normal -0.393212 -0.588666 -0.706298
    outer loop
      vertex 37.6241 -2.15111 0.340653
      vertex 37.5423 -2.09647 0.340653
      vertex 37.5986 -2.0231 0.248159
    endloop
  endfacet
  facet normal -0.440983 -0.660184 -0.608022
    outer loop
      vertex 37.6241 -2.15111 0.340653
      vertex 37.4938 -2.15965 0.444429
      vertex 37.5423 -2.09647 0.340653
    endloop
  endfacet
  facet normal 0.889311 -0.438312 -0.130416
    outer loop
      vertex 50.9219 -1.88186 0.934596
      vertex 50.8642 -1.99893 0.934596
      vertex 50.9061 -1.87533 0.804909
    endloop
  endfacet
  facet normal 0.751679 -0.659529 0
    outer loop
      vertex 50.7056 -2.20559 2.5
      vertex 50.7917 -2.10746 0.934596
      vertex 50.7917 -2.10746 2.5
    endloop
  endfacet
  facet normal 0.751679 -0.659529 0
    outer loop
      vertex 50.7917 -2.10746 0.934596
      vertex 50.7056 -2.20559 2.5
      vertex 50.7056 -2.20559 0.934596
    endloop
  endfacet
  facet normal 0.980877 0.194628 0
    outer loop
      vertex 50.9893 1.63025 2.5
      vertex 50.9639 1.75826 0.934596
      vertex 50.9639 1.75826 2.5
    endloop
  endfacet
  facet normal 0.980877 0.194628 0
    outer loop
      vertex 50.9639 1.75826 0.934596
      vertex 50.9893 1.63025 2.5
      vertex 50.9893 1.63025 0.934596
    endloop
  endfacet
  facet normal -0.0654508 -0.997856 0
    outer loop
      vertex 37.8698 -2.48932 0.934596
      vertex 38 -2.49786 2.5
      vertex 37.8698 -2.48932 2.5
    endloop
  endfacet
  facet normal -0.0654508 -0.997856 -0
    outer loop
      vertex 38 -2.49786 2.5
      vertex 37.8698 -2.48932 0.934596
      vertex 38 -2.49786 0.934596
    endloop
  endfacet
  facet normal -0.0861808 -0.0983168 -0.991416
    outer loop
      vertex 37.8812 -1.65478 0.0192146
      vertex 37.862 -1.63795 0.0192146
      vertex 37.9538 -1.54625 0.002141
    endloop
  endfacet
  facet normal -0.0576185 -0.117371 -0.991415
    outer loop
      vertex 37.975 -1.56042 0.002141
      vertex 37.9253 -1.68024 0.0192146
      vertex 37.9673 -1.55664 0.002141
    endloop
  endfacet
  facet normal -0.0421756 -0.123776 -0.991413
    outer loop
      vertex 37.9831 -1.56318 0.002141
      vertex 37.9253 -1.68024 0.0192146
      vertex 37.975 -1.56042 0.002141
    endloop
  endfacet
  facet normal 0.499938 0 -0.866061
    outer loop
      vertex 50.4423 -1.5 0.103127
      vertex 50.5556 1.5 0.16853
      vertex 50.5556 -1.5 0.16853
    endloop
  endfacet
  facet normal 0.499938 0 -0.866061
    outer loop
      vertex 50.5556 1.5 0.16853
      vertex 50.4423 -1.5 0.103127
      vertex 50.4423 1.5 0.103127
    endloop
  endfacet
  facet normal 0.382596 0.0251838 -0.923573
    outer loop
      vertex 50.4423 1.5 0.103127
      vertex 50.3187 1.54196 0.0530691
      vertex 50.4385 1.55773 0.103127
    endloop
  endfacet
  facet normal 0.577209 0.195772 -0.792782
    outer loop
      vertex 50.6369 1.67065 0.248159
      vertex 50.5133 1.71261 0.16853
      vertex 50.6092 1.75232 0.248159
    endloop
  endfacet
  facet normal 0.402016 0.458153 -0.792767
    outer loop
      vertex 50.3928 1.89285 0.16853
      vertex 50.3382 1.94076 0.16853
      vertex 50.4662 1.96623 0.248159
    endloop
  endfacet
  facet normal 0.79203 -0.0518144 -0.608279
    outer loop
      vertex 50.8244 -1.60853 0.444429
      vertex 50.7518 -1.5 0.340653
      vertex 50.8315 -1.5 0.444429
    endloop
  endfacet
  facet normal 0.258908 0 -0.965902
    outer loop
      vertex 50.1951 -1.5 0.0192146
      vertex 50.3214 1.5 0.0530691
      vertex 50.3214 -1.5 0.0530691
    endloop
  endfacet
  facet normal 0.258908 0 -0.965902
    outer loop
      vertex 50.3214 1.5 0.0530691
      vertex 50.1951 -1.5 0.0192146
      vertex 50.1951 1.5 0.0192146
    endloop
  endfacet
  facet normal 0.820449 -0.278431 -0.49934
    outer loop
      vertex 50.8286 -1.84322 0.557711
      vertex 50.8031 -1.7152 0.444429
      vertex 50.8663 -1.73213 0.557711
    endloop
  endfacet
  facet normal 0.989301 0.0653205 -0.130445
    outer loop
      vertex 50.9979 1.5 0.934596
      vertex 50.9808 1.5 0.804909
      vertex 50.9893 1.63025 0.934596
    endloop
  endfacet
  facet normal 0.866037 0 -0.499981
    outer loop
      vertex 50.8969 -1.5 0.557711
      vertex 50.8315 1.5 0.444429
      vertex 50.8969 1.5 0.557711
    endloop
  endfacet
  facet normal 0.866037 0 -0.499981
    outer loop
      vertex 50.8315 1.5 0.444429
      vertex 50.8969 -1.5 0.557711
      vertex 50.8315 -1.5 0.444429
    endloop
  endfacet
  facet normal 0.946821 -0.321761 0
    outer loop
      vertex 50.9219 -1.88186 2.5
      vertex 50.9639 -1.75827 0.934596
      vertex 50.9639 -1.75827 2.5
    endloop
  endfacet
  facet normal 0.946821 -0.321761 0
    outer loop
      vertex 50.9639 -1.75827 0.934596
      vertex 50.9219 -1.88186 2.5
      vertex 50.9219 -1.88186 0.934596
    endloop
  endfacet
  facet normal 0.720349 -0.481513 -0.499242
    outer loop
      vertex 50.7115 -2.04598 0.557711
      vertex 50.6596 -2.00617 0.444429
      vertex 50.7767 -1.94844 0.557711
    endloop
  endfacet
  facet normal 0.828925 -0.408869 -0.381718
    outer loop
      vertex 50.8748 -1.86238 0.67856
      vertex 50.7767 -1.94844 0.557711
      vertex 50.8286 -1.84322 0.557711
    endloop
  endfacet
  facet normal 0.513195 -0.768454 -0.382243
    outer loop
      vertex 50.4735 -2.32007 0.67856
      vertex 50.4484 -2.27672 0.557711
      vertex 50.546 -2.21154 0.557711
    endloop
  endfacet
  facet normal 0.402039 -0.458099 -0.792786
    outer loop
      vertex 50.4014 -2.0231 0.248159
      vertex 50.3382 -1.94076 0.16853
      vertex 50.4662 -1.96623 0.248159
    endloop
  endfacet
  facet normal 0.138042 0.694315 -0.706308
    outer loop
      vertex 50.1707 2.13688 0.248159
      vertex 50.0861 2.1537 0.248159
      vertex 50.1946 2.22622 0.340653
    endloop
  endfacet
  facet normal 0.118863 0.597848 -0.792748
    outer loop
      vertex 50.1438 2.03664 0.16853
      vertex 50.0861 2.1537 0.248159
      vertex 50.1707 2.13688 0.248159
    endloop
  endfacet
  facet normal 0.513128 0.768471 -0.382299
    outer loop
      vertex 50.546 2.21154 0.557711
      vertex 50.4484 2.27671 0.557711
      vertex 50.4735 2.32007 0.67856
    endloop
  endfacet
  facet normal 0.829016 0.408202 -0.382234
    outer loop
      vertex 50.8748 1.86237 0.67856
      vertex 50.7767 1.94844 0.557711
      vertex 50.8201 1.97346 0.67856
    endloop
  endfacet
  facet normal 0.383306 0.777101 -0.499189
    outer loop
      vertex 50.4157 2.22007 0.444429
      vertex 50.3432 2.3286 0.557711
      vertex 50.4484 2.27671 0.557711
    endloop
  endfacet
  facet normal 0.255255 0.751794 -0.60799
    outer loop
      vertex 50.2877 2.19461 0.340653
      vertex 50.1946 2.22622 0.340653
      vertex 50.3182 2.26818 0.444429
    endloop
  endfacet
  facet normal 0.86465 0.0565651 -0.49918
    outer loop
      vertex 50.8315 1.5 0.444429
      vertex 50.8244 1.60853 0.444429
      vertex 50.8969 1.5 0.557711
    endloop
  endfacet
  facet normal 0.466882 0.532078 -0.706338
    outer loop
      vertex 50.4662 1.96623 0.248159
      vertex 50.4014 2.02309 0.248159
      vertex 50.5316 2.03163 0.340653
    endloop
  endfacet
  facet normal 0.768315 0.513254 -0.382442
    outer loop
      vertex 50.8201 1.97346 0.67856
      vertex 50.7115 2.04598 0.557711
      vertex 50.7513 2.07645 0.67856
    endloop
  endfacet
  facet normal 0.651487 0.571256 -0.499231
    outer loop
      vertex 50.6596 2.00617 0.444429
      vertex 50.5879 2.08794 0.444429
      vertex 50.7115 2.04598 0.557711
    endloop
  endfacet
  facet normal 0.751781 0.255087 -0.608075
    outer loop
      vertex 50.7262 1.69459 0.340653
      vertex 50.6946 1.78772 0.340653
      vertex 50.7682 1.81819 0.444429
    endloop
  endfacet
  facet normal 0.402016 0.458154 -0.792766
    outer loop
      vertex 50.4662 1.96623 0.248159
      vertex 50.3382 1.94076 0.16853
      vertex 50.4014 2.02309 0.248159
    endloop
  endfacet
  facet normal 0.376266 0.330422 -0.86559
    outer loop
      vertex 50.3509 1.76925 0.103127
      vertex 50.3127 1.81275 0.103127
      vertex 50.4408 1.83821 0.16853
    endloop
  endfacet
  facet normal 0.706337 0.0459619 -0.706382
    outer loop
      vertex 50.6593 1.5 0.248159
      vertex 50.6537 1.58606 0.248159
      vertex 50.7518 1.5 0.340653
    endloop
  endfacet
  facet normal 0.778523 0.154962 -0.608184
    outer loop
      vertex 50.7454 1.59813 0.340653
      vertex 50.7262 1.69459 0.340653
      vertex 50.8244 1.60853 0.444429
    endloop
  endfacet
  facet normal 0.752026 0.254838 -0.607877
    outer loop
      vertex 50.8031 1.7152 0.444429
      vertex 50.7262 1.69459 0.340653
      vertex 50.7682 1.81819 0.444429
    endloop
  endfacet
  facet normal 0.768245 0.513528 -0.382215
    outer loop
      vertex 50.7767 1.94844 0.557711
      vertex 50.7115 2.04598 0.557711
      vertex 50.8201 1.97346 0.67856
    endloop
  endfacet
  facet normal 0.745262 0.653898 -0.130393
    outer loop
      vertex 50.7917 2.10746 0.934596
      vertex 50.6935 2.19352 0.804909
      vertex 50.7056 2.20559 0.934596
    endloop
  endfacet
  facet normal 0.963906 0.0632465 -0.25862
    outer loop
      vertex 50.9808 1.5 0.804909
      vertex 50.9469 1.5 0.67856
      vertex 50.9724 1.62802 0.804909
    endloop
  endfacet
  facet normal 0.637212 0.726176 -0.258126
    outer loop
      vertex 50.6696 2.16958 0.67856
      vertex 50.5971 2.27811 0.804909
      vertex 50.6935 2.19352 0.804909
    endloop
  endfacet
  facet normal 0.991419 0 -0.130724
    outer loop
      vertex 50.9979 -1.5 0.934596
      vertex 50.9808 1.5 0.804909
      vertex 50.9979 1.5 0.934596
    endloop
  endfacet
  facet normal 0.991419 0 -0.130724
    outer loop
      vertex 50.9808 1.5 0.804909
      vertex 50.9979 -1.5 0.934596
      vertex 50.9808 -1.5 0.804909
    endloop
  endfacet
  facet normal -0.768302 -0.513246 -0.382479
    outer loop
      vertex 37.2487 -2.07646 0.67856
      vertex 37.1799 -1.97347 0.67856
      vertex 37.2885 -2.04598 0.557711
    endloop
  endfacet
  facet normal -0.768232 -0.51352 -0.382251
    outer loop
      vertex 37.2885 -2.04598 0.557711
      vertex 37.1799 -1.97347 0.67856
      vertex 37.2233 -1.94844 0.557711
    endloop
  endfacet
  facet normal -0.609419 -0.69471 -0.382082
    outer loop
      vertex 37.4235 -2.25125 0.67856
      vertex 37.3304 -2.16958 0.67856
      vertex 37.454 -2.21154 0.557711
    endloop
  endfacet
  facet normal -0.745375 -0.653729 -0.13059
    outer loop
      vertex 37.3065 -2.19352 0.804909
      vertex 37.2083 -2.10746 0.934596
      vertex 37.2219 -2.09706 0.804909
    endloop
  endfacet
  facet normal -0.481104 -0.720621 -0.499243
    outer loop
      vertex 37.5516 -2.27672 0.557711
      vertex 37.4938 -2.15965 0.444429
      vertex 37.5843 -2.22007 0.444429
    endloop
  endfacet
  facet normal -0.383234 -0.777105 -0.499239
    outer loop
      vertex 37.6568 -2.3286 0.557711
      vertex 37.5516 -2.27672 0.557711
      vertex 37.5843 -2.22007 0.444429
    endloop
  endfacet
  facet normal -0.596877 -0.523902 -0.607671
    outer loop
      vertex 37.4684 -2.03163 0.340653
      vertex 37.3404 -2.00617 0.444429
      vertex 37.4035 -1.95769 0.340653
    endloop
  endfacet
  facet normal -0.571613 -0.651245 -0.499138
    outer loop
      vertex 37.454 -2.21154 0.557711
      vertex 37.4121 -2.08794 0.444429
      vertex 37.4938 -2.15965 0.444429
    endloop
  endfacet
  facet normal -0.117435 0.0574855 -0.991415
    outer loop
      vertex 37.9434 1.5327 0.002141
      vertex 37.8198 1.57466 0.0192146
      vertex 37.831 1.59754 0.0192146
    endloop
  endfacet
  facet normal -0.252827 0.288358 -0.923541
    outer loop
      vertex 37.8043 1.75501 0.0530691
      vertex 37.6873 1.81275 0.103127
      vertex 37.7308 1.85089 0.103127
    endloop
  endfacet
  facet normal -0.128622 -0.0245286 -0.99139
    outer loop
      vertex 37.9368 -1.51693 0.002141
      vertex 37.8116 -1.55049 0.0192146
      vertex 37.9352 -1.50854 0.002141
    endloop
  endfacet
  facet normal -0.258677 -0.0172655 -0.965809
    outer loop
      vertex 37.8066 -1.52547 0.0192146
      vertex 37.6813 -1.54196 0.0530691
      vertex 37.8049 -1.5 0.0192146
    endloop
  endfacet
  facet normal -0.258872 -0.0166577 -0.965768
    outer loop
      vertex 37.6813 -1.54196 0.0530691
      vertex 37.6786 -1.5 0.0530691
      vertex 37.8049 -1.5 0.0192146
    endloop
  endfacet
  facet normal -0.382596 -0.0251838 -0.923573
    outer loop
      vertex 37.5615 -1.55773 0.103127
      vertex 37.5577 -1.5 0.103127
      vertex 37.6813 -1.54196 0.0530691
    endloop
  endfacet
  facet normal -0.258908 0 -0.965902
    outer loop
      vertex 37.6786 -1.5 0.0530691
      vertex 37.8049 1.5 0.0192146
      vertex 37.8049 -1.5 0.0192146
    endloop
  endfacet
  facet normal -0.258908 0 -0.965902
    outer loop
      vertex 37.8049 1.5 0.0192146
      vertex 37.6786 -1.5 0.0530691
      vertex 37.6786 1.5 0.0530691
    endloop
  endfacet
  facet normal -0.0250625 -0.382568 -0.923587
    outer loop
      vertex 38 -1.94229 0.103127
      vertex 37.9423 -1.93851 0.103127
      vertex 37.958 -1.81869 0.0530691
    endloop
  endfacet
  facet normal 0.0832389 -0.245656 -0.965777
    outer loop
      vertex 50.123 -1.79697 0.0530691
      vertex 50.0505 -1.68844 0.0192146
      vertex 50.0747 -1.68024 0.0192146
    endloop
  endfacet
  facet normal -0.0506193 -0.254331 -0.965792
    outer loop
      vertex 37.958 -1.81869 0.0530691
      vertex 37.9168 -1.81049 0.0530691
      vertex 37.9495 -1.68844 0.0192146
    endloop
  endfacet
  facet normal 0.123928 0.0420442 -0.9914
    outer loop
      vertex 50.1884 1.55049 0.0192146
      vertex 50.0632 1.51693 0.002141
      vertex 50.1802 1.57466 0.0192146
    endloop
  endfacet
  facet normal -0.25284 -0.288373 -0.923533
    outer loop
      vertex 37.7308 -1.85089 0.103127
      vertex 37.6873 -1.81275 0.103127
      vertex 37.8043 -1.75502 0.0530691
    endloop
  endfacet
  facet normal -0.215555 -0.144279 -0.965774
    outer loop
      vertex 37.745 -1.69568 0.0530691
      vertex 37.7216 -1.66072 0.0530691
      vertex 37.831 -1.59755 0.0192146
    endloop
  endfacet
  facet normal -0.597692 -0.118705 -0.792889
    outer loop
      vertex 37.3631 -1.67065 0.248159
      vertex 37.3463 -1.58606 0.248159
      vertex 37.4634 -1.64379 0.16853
    endloop
  endfacet
  facet normal -0.597796 -0.119106 -0.792751
    outer loop
      vertex 37.4634 -1.64379 0.16853
      vertex 37.3463 -1.58606 0.248159
      vertex 37.4492 -1.57252 0.16853
    endloop
  endfacet
  facet normal -0.694466 0.137924 -0.706183
    outer loop
      vertex 37.3463 1.58606 0.248159
      vertex 37.2738 1.69459 0.340653
      vertex 37.3631 1.67065 0.248159
    endloop
  endfacet
  facet normal -0.499665 0.0330721 -0.865587
    outer loop
      vertex 37.5577 1.5 0.103127
      vertex 37.4444 1.5 0.16853
      vertex 37.4492 1.57252 0.16853
    endloop
  endfacet
  facet normal -0.474399 0.160615 -0.865534
    outer loop
      vertex 37.5728 1.61447 0.103127
      vertex 37.4634 1.64379 0.16853
      vertex 37.4867 1.71261 0.16853
    endloop
  endfacet
  facet normal -0.86465 -0.0565651 -0.49918
    outer loop
      vertex 37.1756 -1.60853 0.444429
      vertex 37.1031 -1.5 0.557711
      vertex 37.1685 -1.5 0.444429
    endloop
  endfacet
  facet normal -0.752026 -0.254838 -0.607877
    outer loop
      vertex 37.2318 -1.81819 0.444429
      vertex 37.1969 -1.7152 0.444429
      vertex 37.2738 -1.69459 0.340653
    endloop
  endfacet
  facet normal -0.922345 -0.0604449 -0.38161
    outer loop
      vertex 37.0612 -1.6236 0.67856
      vertex 37.0531 -1.5 0.67856
      vertex 37.1031 -1.5 0.557711
    endloop
  endfacet
  facet normal -0.84996 -0.169165 -0.49895
    outer loop
      vertex 37.1337 -1.73213 0.557711
      vertex 37.1108 -1.61707 0.557711
      vertex 37.1756 -1.60853 0.444429
    endloop
  endfacet
  facet normal -0.123209 -0.363002 -0.923606
    outer loop
      vertex 37.8855 -1.92722 0.103127
      vertex 37.8307 -1.90862 0.103127
      vertex 37.877 -1.79697 0.0530691
    endloop
  endfacet
  facet normal -0.269518 -0.546751 -0.792732
    outer loop
      vertex 37.7874 -2.01328 0.16853
      vertex 37.6703 -2.07101 0.248159
      vertex 37.7222 -1.98114 0.16853
    endloop
  endfacet
  facet normal 0.481235 -0.720597 -0.499152
    outer loop
      vertex 50.546 -2.21154 0.557711
      vertex 50.4484 -2.27672 0.557711
      vertex 50.5062 -2.15965 0.444429
    endloop
  endfacet
  facet normal 0.0398439 -0.608255 -0.792741
    outer loop
      vertex 50.0861 -2.15371 0.248159
      vertex 50 -2.15935 0.248159
      vertex 50.0725 -2.05082 0.16853
    endloop
  endfacet
  facet normal 0.269501 -0.546772 -0.792723
    outer loop
      vertex 50.2523 -2.10916 0.248159
      vertex 50.2126 -2.01328 0.16853
      vertex 50.3297 -2.07101 0.248159
    endloop
  endfacet
  facet normal 0.227707 -0.670305 -0.706286
    outer loop
      vertex 50.1946 -2.22622 0.340653
      vertex 50.1707 -2.13688 0.248159
      vertex 50.2523 -2.10916 0.248159
    endloop
  endfacet
  facet normal 0.0519183 -0.792284 -0.60794
    outer loop
      vertex 50.1085 -2.32436 0.444429
      vertex 50 -2.33147 0.444429
      vertex 50 -2.25184 0.340653
    endloop
  endfacet
  facet normal 0.745262 -0.653898 -0.130393
    outer loop
      vertex 50.7056 -2.20559 0.934596
      vertex 50.6935 -2.19352 0.804909
      vertex 50.7917 -2.10746 0.934596
    endloop
  endfacet
  facet normal -0.0604344 -0.922184 -0.382002
    outer loop
      vertex 38 -2.44693 0.67856
      vertex 37.8764 -2.43883 0.67856
      vertex 38 -2.39687 0.557711
    endloop
  endfacet
  facet normal 0.310516 -0.914833 -0.258187
    outer loop
      vertex 50.3753 -2.40613 0.804909
      vertex 50.2538 -2.44737 0.804909
      vertex 50.3624 -2.37485 0.67856
    endloop
  endfacet
  facet normal -0.0632613 -0.963982 -0.258335
    outer loop
      vertex 38 -2.48079 0.804909
      vertex 37.872 -2.47239 0.804909
      vertex 38 -2.44693 0.67856
    endloop
  endfacet
  facet normal 0.318719 -0.938839 -0.130383
    outer loop
      vertex 50.3819 -2.4219 0.934596
      vertex 50.2583 -2.46386 0.934596
      vertex 50.3753 -2.40613 0.804909
    endloop
  endfacet
  facet normal 0.0654508 -0.997856 0
    outer loop
      vertex 50 -2.49786 0.934596
      vertex 50.1302 -2.48932 2.5
      vertex 50 -2.49786 2.5
    endloop
  endfacet
  facet normal 0.0654508 -0.997856 0
    outer loop
      vertex 50.1302 -2.48932 2.5
      vertex 50 -2.49786 0.934596
      vertex 50.1302 -2.48932 0.934596
    endloop
  endfacet
  facet normal 0.0632613 -0.963982 -0.258335
    outer loop
      vertex 50.128 -2.47239 0.804909
      vertex 50 -2.48079 0.804909
      vertex 50 -2.44693 0.67856
    endloop
  endfacet
  facet normal -0.221853 -0.44908 -0.86551
    outer loop
      vertex 37.7874 -2.01328 0.16853
      vertex 37.7789 -1.88303 0.103127
      vertex 37.8307 -1.90862 0.103127
    endloop
  endfacet
  facet normal -0.143938 -0.215661 -0.965801
    outer loop
      vertex 37.8393 -1.77838 0.0530691
      vertex 37.8043 -1.75502 0.0530691
      vertex 37.9025 -1.66895 0.0192146
    endloop
  endfacet
  facet normal 0.169787 -0.343688 -0.923608
    outer loop
      vertex 50.1693 -1.90862 0.103127
      vertex 50.123 -1.79697 0.0530691
      vertex 50.2211 -1.88303 0.103127
    endloop
  endfacet
  facet normal 0.123209 -0.363002 -0.923606
    outer loop
      vertex 50.1693 -1.90862 0.103127
      vertex 50.1145 -1.92722 0.103127
      vertex 50.123 -1.79697 0.0530691
    endloop
  endfacet
  facet normal 0.0250489 -0.382565 -0.923589
    outer loop
      vertex 50.042 -1.81869 0.0530691
      vertex 50 -1.94229 0.103127
      vertex 50 -1.82144 0.0530691
    endloop
  endfacet
  facet normal 0 -0.382685 -0.923879
    outer loop
      vertex 38 -1.94229 0.103127
      vertex 50 -1.82144 0.0530691
      vertex 50 -1.94229 0.103127
    endloop
  endfacet
  facet normal -0 -0.382685 -0.923879
    outer loop
      vertex 50 -1.82144 0.0530691
      vertex 38 -1.94229 0.103127
      vertex 38 -1.82144 0.0530691
    endloop
  endfacet
  facet normal 0.213033 -0.31882 -0.923564
    outer loop
      vertex 50.2211 -1.88303 0.103127
      vertex 50.1607 -1.77838 0.0530691
      vertex 50.2692 -1.85089 0.103127
    endloop
  endfacet
  facet normal 0.278199 -0.416346 -0.865599
    outer loop
      vertex 50.3382 -1.94076 0.16853
      vertex 50.2211 -1.88303 0.103127
      vertex 50.2692 -1.85089 0.103127
    endloop
  endfacet
  facet normal 0.227581 -0.670288 -0.706343
    outer loop
      vertex 50.2877 -2.19461 0.340653
      vertex 50.1946 -2.22622 0.340653
      vertex 50.2523 -2.10916 0.248159
    endloop
  endfacet
  facet normal 0.634675 -0.31344 -0.70636
    outer loop
      vertex 50.6511 -1.87592 0.340653
      vertex 50.571 -1.82967 0.248159
      vertex 50.6092 -1.75232 0.248159
    endloop
  endfacet
  facet normal -0.0580467 0.117224 -0.991408
    outer loop
      vertex 37.9673 1.55664 0.002141
      vertex 37.9025 1.66895 0.0192146
      vertex 37.9253 1.68024 0.0192146
    endloop
  endfacet
  facet normal -0.0506193 0.254331 -0.965792
    outer loop
      vertex 37.9495 1.68844 0.0192146
      vertex 37.9168 1.81049 0.0530691
      vertex 37.958 1.81869 0.0530691
    endloop
  endfacet
  facet normal 0.31902 -0.212857 -0.923536
    outer loop
      vertex 50.3509 -1.76925 0.103127
      vertex 50.2784 -1.66072 0.0530691
      vertex 50.383 -1.72114 0.103127
    endloop
  endfacet
  facet normal 0.448987 -0.221807 -0.865571
    outer loop
      vertex 50.4811 -1.77779 0.16853
      vertex 50.383 -1.72114 0.103127
      vertex 50.5133 -1.71261 0.16853
    endloop
  endfacet
  facet normal 0.143947 0.215674 -0.965797
    outer loop
      vertex 50.1957 1.75501 0.0530691
      vertex 50.0975 1.66895 0.0192146
      vertex 50.1607 1.77837 0.0530691
    endloop
  endfacet
  facet normal 0.38255 0 -0.923935
    outer loop
      vertex 50.3214 -1.5 0.0530691
      vertex 50.4423 1.5 0.103127
      vertex 50.4423 -1.5 0.103127
    endloop
  endfacet
  facet normal 0.38255 0 -0.923935
    outer loop
      vertex 50.4423 1.5 0.103127
      vertex 50.3214 -1.5 0.0530691
      vertex 50.3214 1.5 0.0530691
    endloop
  endfacet
  facet normal 0.608542 -0.0402786 -0.792498
    outer loop
      vertex 50.6593 -1.5 0.248159
      vertex 50.5508 -1.57252 0.16853
      vertex 50.5556 -1.5 0.16853
    endloop
  endfacet
  facet normal 0.597796 0.119106 -0.792751
    outer loop
      vertex 50.5508 1.57252 0.16853
      vertex 50.5366 1.64379 0.16853
      vertex 50.6537 1.58606 0.248159
    endloop
  endfacet
  facet normal 0.161021 0.47424 -0.865545
    outer loop
      vertex 50.2126 2.01328 0.16853
      vertex 50.1145 1.92722 0.103127
      vertex 50.1438 2.03664 0.16853
    endloop
  endfacet
  facet normal 0.160978 0.474279 -0.865532
    outer loop
      vertex 50.1693 1.90862 0.103127
      vertex 50.1145 1.92722 0.103127
      vertex 50.2126 2.01328 0.16853
    endloop
  endfacet
  facet normal 0.232777 0.113947 -0.965832
    outer loop
      vertex 50.1802 1.57466 0.0192146
      vertex 50.169 1.59754 0.0192146
      vertex 50.297 1.62301 0.0530691
    endloop
  endfacet
  facet normal 0.0169436 0.258776 -0.965789
    outer loop
      vertex 50.042 1.81869 0.0530691
      vertex 50 1.69509 0.0192146
      vertex 50 1.82144 0.0530691
    endloop
  endfacet
  facet normal -0.0463524 0.706362 -0.706331
    outer loop
      vertex 38 2.15935 0.248159
      vertex 37.9139 2.1537 0.248159
      vertex 38 2.25184 0.340653
    endloop
  endfacet
  facet normal -0.0399164 0.608284 -0.792715
    outer loop
      vertex 37.9275 2.05082 0.16853
      vertex 37.9139 2.1537 0.248159
      vertex 38 2.15935 0.248159
    endloop
  endfacet
  facet normal -0.0975552 0.491235 -0.865547
    outer loop
      vertex 37.8855 1.92722 0.103127
      vertex 37.8562 2.03664 0.16853
      vertex 37.9423 1.9385 0.103127
    endloop
  endfacet
  facet normal -0.0834113 0.245545 -0.96579
    outer loop
      vertex 37.9495 1.68844 0.0192146
      vertex 37.877 1.79697 0.0530691
      vertex 37.9168 1.81049 0.0530691
    endloop
  endfacet
  facet normal -0.338691 0.506764 -0.792766
    outer loop
      vertex 37.6618 1.94076 0.16853
      vertex 37.5986 2.02309 0.248159
      vertex 37.6703 2.07101 0.248159
    endloop
  endfacet
  facet normal -0.118901 0.597858 -0.792735
    outer loop
      vertex 37.9275 2.05082 0.16853
      vertex 37.8562 2.03664 0.16853
      vertex 37.9139 2.1537 0.248159
    endloop
  endfacet
  facet normal -0.212892 0.318973 -0.923544
    outer loop
      vertex 37.8043 1.75501 0.0530691
      vertex 37.7308 1.85089 0.103127
      vertex 37.8393 1.77837 0.0530691
    endloop
  endfacet
  facet normal -0.288421 0.252745 -0.923544
    outer loop
      vertex 37.745 1.69568 0.0530691
      vertex 37.6873 1.81275 0.103127
      vertex 37.7727 1.72729 0.0530691
    endloop
  endfacet
  facet normal -0.609037 0 -0.793142
    outer loop
      vertex 37.3407 -1.5 0.248159
      vertex 37.4444 1.5 0.16853
      vertex 37.4444 -1.5 0.16853
    endloop
  endfacet
  facet normal -0.609037 0 -0.793142
    outer loop
      vertex 37.4444 1.5 0.16853
      vertex 37.3407 -1.5 0.248159
      vertex 37.3407 1.5 0.248159
    endloop
  endfacet
  facet normal -0.523762 0.596727 -0.607939
    outer loop
      vertex 37.4684 2.03163 0.340653
      vertex 37.4121 2.08794 0.444429
      vertex 37.4938 2.15965 0.444429
    endloop
  endfacet
  facet normal -0.440876 0.660366 -0.607902
    outer loop
      vertex 37.6241 2.15111 0.340653
      vertex 37.4938 2.15965 0.444429
      vertex 37.5843 2.22007 0.444429
    endloop
  endfacet
  facet normal -0.491221 0.0978286 -0.865524
    outer loop
      vertex 37.5615 1.55773 0.103127
      vertex 37.4634 1.64379 0.16853
      vertex 37.5728 1.61447 0.103127
    endloop
  endfacet
  facet normal -0.491194 0.0978667 -0.865535
    outer loop
      vertex 37.5615 1.55773 0.103127
      vertex 37.4492 1.57252 0.16853
      vertex 37.4634 1.64379 0.16853
    endloop
  endfacet
  facet normal -0.513128 0.768471 -0.382299
    outer loop
      vertex 37.5516 2.27671 0.557711
      vertex 37.454 2.21154 0.557711
      vertex 37.5265 2.32007 0.67856
    endloop
  endfacet
  facet normal -0.849622 0.169654 -0.499359
    outer loop
      vertex 37.1756 1.60853 0.444429
      vertex 37.1337 1.73213 0.557711
      vertex 37.1969 1.7152 0.444429
    endloop
  endfacet
  facet normal -0.777199 0.383261 -0.499072
    outer loop
      vertex 37.2318 1.81819 0.444429
      vertex 37.1714 1.84322 0.557711
      vertex 37.2799 1.91573 0.444429
    endloop
  endfacet
  facet normal -0.972499 0.193217 -0.130052
    outer loop
      vertex 37.0276 1.62802 0.804909
      vertex 37.0107 1.63025 0.934596
      vertex 37.0526 1.75385 0.804909
    endloop
  endfacet
  facet normal -0.93874 0.318989 -0.13043
    outer loop
      vertex 37.0939 1.87533 0.804909
      vertex 37.0361 1.75826 0.934596
      vertex 37.0781 1.88186 0.934596
    endloop
  endfacet
  facet normal -0.0566602 0.864645 -0.499177
    outer loop
      vertex 38 2.33147 0.444429
      vertex 37.8915 2.32436 0.444429
      vertex 38 2.39687 0.557711
    endloop
  endfacet
  facet normal -0.0519183 0.792284 -0.60794
    outer loop
      vertex 38 2.25184 0.340653
      vertex 37.8915 2.32436 0.444429
      vertex 38 2.33147 0.444429
    endloop
  endfacet
  facet normal -0.169146 0.849792 -0.499242
    outer loop
      vertex 37.8915 2.32436 0.444429
      vertex 37.7679 2.36631 0.557711
      vertex 37.8829 2.3892 0.557711
    endloop
  endfacet
  facet normal -0.180414 0.906405 -0.381944
    outer loop
      vertex 37.8829 2.3892 0.557711
      vertex 37.7679 2.36631 0.557711
      vertex 37.8764 2.43883 0.67856
    endloop
  endfacet
  facet normal -0.481184 0.720632 -0.49915
    outer loop
      vertex 37.4938 2.15965 0.444429
      vertex 37.454 2.21154 0.557711
      vertex 37.5516 2.27671 0.557711
    endloop
  endfacet
  facet normal -0.866589 0.427043 -0.258181
    outer loop
      vertex 37.1799 1.97346 0.67856
      vertex 37.0939 1.87533 0.804909
      vertex 37.1506 1.99039 0.804909
    endloop
  endfacet
  facet normal -0.653945 0.745245 -0.130249
    outer loop
      vertex 37.4029 2.27811 0.804909
      vertex 37.3065 2.19352 0.804909
      vertex 37.3925 2.29165 0.934596
    endloop
  endfacet
  facet normal -0.550715 0.824488 -0.130123
    outer loop
      vertex 37.5096 2.34938 0.804909
      vertex 37.4029 2.27811 0.804909
      vertex 37.5011 2.36417 0.934596
    endloop
  endfacet
  facet normal -0.571296 0.651348 -0.499367
    outer loop
      vertex 37.4121 2.08794 0.444429
      vertex 37.3658 2.13418 0.557711
      vertex 37.454 2.21154 0.557711
    endloop
  endfacet
  facet normal -0.609384 0.694773 -0.382023
    outer loop
      vertex 37.3658 2.13418 0.557711
      vertex 37.3304 2.16958 0.67856
      vertex 37.454 2.21154 0.557711
    endloop
  endfacet
  facet normal 0.193275 0.972447 -0.130355
    outer loop
      vertex 50.2538 2.44737 0.804909
      vertex 50.1302 2.48932 0.934596
      vertex 50.2583 2.46386 0.934596
    endloop
  endfacet
  facet normal 0.193405 0.972438 -0.130228
    outer loop
      vertex 50.2538 2.44737 0.804909
      vertex 50.128 2.47239 0.804909
      vertex 50.1302 2.48932 0.934596
    endloop
  endfacet
  facet normal 0.42723 0.866505 -0.258154
    outer loop
      vertex 50.4735 2.32007 0.67856
      vertex 50.3753 2.40613 0.804909
      vertex 50.4904 2.34938 0.804909
    endloop
  endfacet
  facet normal 0.16902 0.849879 -0.499137
    outer loop
      vertex 50.2152 2.30314 0.444429
      vertex 50.1085 2.32436 0.444429
      vertex 50.2321 2.36631 0.557711
    endloop
  endfacet
  facet normal 0.550606 0.824542 -0.130241
    outer loop
      vertex 50.5971 2.27811 0.804909
      vertex 50.4989 2.36417 0.934596
      vertex 50.6075 2.29165 0.934596
    endloop
  endfacet
  facet normal 0.726284 0.637146 -0.257984
    outer loop
      vertex 50.7513 2.07645 0.67856
      vertex 50.6696 2.16958 0.67856
      vertex 50.7781 2.09706 0.804909
    endloop
  endfacet
  facet normal 0.458284 0.402103 -0.792647
    outer loop
      vertex 50.5231 1.90138 0.248159
      vertex 50.4408 1.83821 0.16853
      vertex 50.4662 1.96623 0.248159
    endloop
  endfacet
  facet normal 0.481184 0.720632 -0.49915
    outer loop
      vertex 50.5062 2.15965 0.444429
      vertex 50.4484 2.27671 0.557711
      vertex 50.546 2.21154 0.557711
    endloop
  endfacet
  facet normal 0.571613 0.651245 -0.499138
    outer loop
      vertex 50.5879 2.08794 0.444429
      vertex 50.5062 2.15965 0.444429
      vertex 50.546 2.21154 0.557711
    endloop
  endfacet
  facet normal 0.278512 0.820557 -0.499116
    outer loop
      vertex 50.3182 2.26818 0.444429
      vertex 50.2152 2.30314 0.444429
      vertex 50.3432 2.3286 0.557711
    endloop
  endfacet
  facet normal -0.318719 0.938839 -0.130383
    outer loop
      vertex 37.6247 2.40613 0.804909
      vertex 37.6181 2.4219 0.934596
      vertex 37.7417 2.46386 0.934596
    endloop
  endfacet
  facet normal -0.438705 0.889113 -0.130443
    outer loop
      vertex 37.6247 2.40613 0.804909
      vertex 37.5011 2.36417 0.934596
      vertex 37.6181 2.4219 0.934596
    endloop
  endfacet
  facet normal -0.18845 0.947523 -0.258238
    outer loop
      vertex 37.8764 2.43883 0.67856
      vertex 37.7462 2.44737 0.804909
      vertex 37.872 2.47239 0.804909
    endloop
  endfacet
  facet normal -0.310483 0.914836 -0.258217
    outer loop
      vertex 37.7549 2.41466 0.67856
      vertex 37.6376 2.37485 0.67856
      vertex 37.7462 2.44737 0.804909
    endloop
  endfacet
  facet normal -0.831531 0.555478 0
    outer loop
      vertex 37.1358 1.99893 0.934596
      vertex 37.2083 2.10746 2.5
      vertex 37.2083 2.10746 0.934596
    endloop
  endfacet
  facet normal -0.831531 0.555478 0
    outer loop
      vertex 37.2083 2.10746 2.5
      vertex 37.1358 1.99893 0.934596
      vertex 37.1358 1.99893 2.5
    endloop
  endfacet
  facet normal -0.896972 0.442088 0
    outer loop
      vertex 37.0781 1.88186 0.934596
      vertex 37.1358 1.99893 2.5
      vertex 37.1358 1.99893 0.934596
    endloop
  endfacet
  facet normal -0.896972 0.442088 0
    outer loop
      vertex 37.1358 1.99893 2.5
      vertex 37.0781 1.88186 0.934596
      vertex 37.0781 1.88186 2.5
    endloop
  endfacet
  facet normal -0.0462997 -0.706377 -0.70632
    outer loop
      vertex 38 -2.25184 0.340653
      vertex 37.9019 -2.24541 0.340653
      vertex 37.9139 -2.15371 0.248159
    endloop
  endfacet
  facet normal -0.0462706 -0.706365 -0.706334
    outer loop
      vertex 38 -2.25184 0.340653
      vertex 37.9139 -2.15371 0.248159
      vertex 38 -2.15935 0.248159
    endloop
  endfacet
  facet normal -0.16902 -0.849879 -0.499137
    outer loop
      vertex 37.8915 -2.32436 0.444429
      vertex 37.7679 -2.36631 0.557711
      vertex 37.7848 -2.30314 0.444429
    endloop
  endfacet
  facet normal -0.15487 -0.778728 -0.607945
    outer loop
      vertex 37.8915 -2.32436 0.444429
      vertex 37.7848 -2.30314 0.444429
      vertex 37.8054 -2.22622 0.340653
    endloop
  endfacet
  facet normal -0.180414 -0.906405 -0.381944
    outer loop
      vertex 37.8764 -2.43883 0.67856
      vertex 37.7679 -2.36631 0.557711
      vertex 37.8829 -2.3892 0.557711
    endloop
  endfacet
  facet normal -0.180308 -0.90639 -0.38203
    outer loop
      vertex 37.8764 -2.43883 0.67856
      vertex 37.7549 -2.41466 0.67856
      vertex 37.7679 -2.36631 0.557711
    endloop
  endfacet
  facet normal -0.312992 -0.63501 -0.706257
    outer loop
      vertex 37.7477 -2.10916 0.248159
      vertex 37.6241 -2.15111 0.340653
      vertex 37.6703 -2.07101 0.248159
    endloop
  endfacet
  facet normal -0.313109 -0.634856 -0.706343
    outer loop
      vertex 37.7123 -2.19461 0.340653
      vertex 37.6241 -2.15111 0.340653
      vertex 37.7477 -2.10916 0.248159
    endloop
  endfacet
  facet normal -1 0 0
    outer loop
      vertex 37.0021 -1.5 0.934596
      vertex 37.0021 1.5 2.5
      vertex 37.0021 1.5 0.934596
    endloop
  endfacet
  facet normal -1 -0 0
    outer loop
      vertex 37.0021 1.5 2.5
      vertex 37.0021 -1.5 0.934596
      vertex 37.0021 -1.5 2.5
    endloop
  endfacet
  facet normal 0.922253 -0.060659 -0.381798
    outer loop
      vertex 50.9388 -1.6236 0.67856
      vertex 50.8892 -1.61707 0.557711
      vertex 50.8969 -1.5 0.557711
    endloop
  endfacet
  facet normal 0.997827 -0.0658834 0
    outer loop
      vertex 50.9893 -1.63025 2.5
      vertex 50.9979 -1.5 0.934596
      vertex 50.9979 -1.5 2.5
    endloop
  endfacet
  facet normal 0.997827 -0.0658834 0
    outer loop
      vertex 50.9979 -1.5 0.934596
      vertex 50.9893 -1.63025 2.5
      vertex 50.9893 -1.63025 0.934596
    endloop
  endfacet
  facet normal 0.947479 0.188246 -0.258548
    outer loop
      vertex 50.9724 1.62802 0.804909
      vertex 50.9388 1.6236 0.67856
      vertex 50.9474 1.75385 0.804909
    endloop
  endfacet
  facet normal 0.889311 0.438312 -0.130416
    outer loop
      vertex 50.9061 1.87533 0.804909
      vertex 50.8642 1.99893 0.934596
      vertex 50.9219 1.88186 0.934596
    endloop
  endfacet
  facet normal 0.321463 -0.946922 0
    outer loop
      vertex 50.2583 -2.46386 0.934596
      vertex 50.3819 -2.4219 2.5
      vertex 50.2583 -2.46386 2.5
    endloop
  endfacet
  facet normal 0.321463 -0.946922 0
    outer loop
      vertex 50.3819 -2.4219 2.5
      vertex 50.2583 -2.46386 0.934596
      vertex 50.3819 -2.4219 0.934596
    endloop
  endfacet
  facet normal 0.896972 -0.442088 0
    outer loop
      vertex 50.8642 -1.99893 2.5
      vertex 50.9219 -1.88186 0.934596
      vertex 50.9219 -1.88186 2.5
    endloop
  endfacet
  facet normal 0.896972 -0.442088 0
    outer loop
      vertex 50.9219 -1.88186 0.934596
      vertex 50.8642 -1.99893 2.5
      vertex 50.8642 -1.99893 0.934596
    endloop
  endfacet
  facet normal 0.831531 -0.555478 0
    outer loop
      vertex 50.7917 -2.10746 2.5
      vertex 50.8642 -1.99893 0.934596
      vertex 50.8642 -1.99893 2.5
    endloop
  endfacet
  facet normal 0.831531 -0.555478 0
    outer loop
      vertex 50.8642 -1.99893 0.934596
      vertex 50.7917 -2.10746 2.5
      vertex 50.7917 -2.10746 0.934596
    endloop
  endfacet
  facet normal -0.0580467 -0.117224 -0.991408
    outer loop
      vertex 37.9253 -1.68024 0.0192146
      vertex 37.9025 -1.66895 0.0192146
      vertex 37.9673 -1.55664 0.002141
    endloop
  endfacet
  facet normal 0.0420416 0.123832 -0.991412
    outer loop
      vertex 50.025 1.56042 0.002141
      vertex 50.0169 1.56317 0.002141
      vertex 50.0747 1.68024 0.0192146
    endloop
  endfacet
  facet normal 0.114732 0.232548 -0.965794
    outer loop
      vertex 50.1607 1.77837 0.0530691
      vertex 50.0975 1.66895 0.0192146
      vertex 50.123 1.79697 0.0530691
    endloop
  endfacet
  facet normal 0.258677 -0.0172655 -0.965809
    outer loop
      vertex 50.3187 -1.54196 0.0530691
      vertex 50.1934 -1.52547 0.0192146
      vertex 50.1951 -1.5 0.0192146
    endloop
  endfacet
  facet normal 0.382434 0.0246085 -0.923655
    outer loop
      vertex 50.3214 1.5 0.0530691
      vertex 50.3187 1.54196 0.0530691
      vertex 50.4423 1.5 0.103127
    endloop
  endfacet
  facet normal 0.128622 -0.0245286 -0.99139
    outer loop
      vertex 50.1884 -1.55049 0.0192146
      vertex 50.0632 -1.51693 0.002141
      vertex 50.0648 -1.50854 0.002141
    endloop
  endfacet
  facet normal 0.0085982 0.130508 -0.99141
    outer loop
      vertex 50.0085 1.56484 0.002141
      vertex 50 1.5654 0.002141
      vertex 50.0255 1.69342 0.0192146
    endloop
  endfacet
  facet normal 0.254248 0.050566 -0.965816
    outer loop
      vertex 50.3187 1.54196 0.0530691
      vertex 50.1884 1.55049 0.0192146
      vertex 50.3105 1.58319 0.0530691
    endloop
  endfacet
  facet normal 0.343919 0.169706 -0.923536
    outer loop
      vertex 50.4086 1.66926 0.103127
      vertex 50.297 1.62301 0.0530691
      vertex 50.383 1.72114 0.103127
    endloop
  endfacet
  facet normal 0.448999 0.221557 -0.865628
    outer loop
      vertex 50.4086 1.66926 0.103127
      vertex 50.383 1.72114 0.103127
      vertex 50.5133 1.71261 0.16853
    endloop
  endfacet
  facet normal 0.768232 -0.51352 -0.382251
    outer loop
      vertex 50.8201 -1.97347 0.67856
      vertex 50.7115 -2.04598 0.557711
      vertex 50.7767 -1.94844 0.557711
    endloop
  endfacet
  facet normal 0.922345 -0.0604449 -0.38161
    outer loop
      vertex 50.9388 -1.6236 0.67856
      vertex 50.8969 -1.5 0.557711
      vertex 50.9469 -1.5 0.67856
    endloop
  endfacet
  facet normal 0.707084 0 -0.70713
    outer loop
      vertex 50.7518 -1.5 0.340653
      vertex 50.6593 1.5 0.248159
      vertex 50.7518 1.5 0.340653
    endloop
  endfacet
  facet normal 0.707084 0 -0.70713
    outer loop
      vertex 50.6593 1.5 0.248159
      vertex 50.7518 -1.5 0.340653
      vertex 50.6593 -1.5 0.248159
    endloop
  endfacet
  facet normal 0.864761 -0.0568776 -0.498952
    outer loop
      vertex 50.8892 -1.61707 0.557711
      vertex 50.8244 -1.60853 0.444429
      vertex 50.8969 -1.5 0.557711
    endloop
  endfacet
  facet normal 0.924034 0 -0.382309
    outer loop
      vertex 50.9469 -1.5 0.67856
      vertex 50.8969 1.5 0.557711
      vertex 50.9469 1.5 0.67856
    endloop
  endfacet
  facet normal 0.924034 0 -0.382309
    outer loop
      vertex 50.8969 1.5 0.557711
      vertex 50.9469 -1.5 0.67856
      vertex 50.8969 -1.5 0.557711
    endloop
  endfacet
  facet normal 0.87483 -0.297576 -0.382257
    outer loop
      vertex 50.8748 -1.86238 0.67856
      vertex 50.8663 -1.73213 0.557711
      vertex 50.9147 -1.74508 0.67856
    endloop
  endfacet
  facet normal 0.824407 -0.550719 -0.130618
    outer loop
      vertex 50.7917 -2.10746 0.934596
      vertex 50.7781 -2.09706 0.804909
      vertex 50.8642 -1.99893 0.934596
    endloop
  endfacet
  facet normal 0.803396 -0.53669 -0.257911
    outer loop
      vertex 50.7781 -2.09706 0.804909
      vertex 50.7513 -2.07646 0.67856
      vertex 50.8201 -1.97347 0.67856
    endloop
  endfacet
  facet normal 0.829006 -0.408197 -0.382262
    outer loop
      vertex 50.8201 -1.97347 0.67856
      vertex 50.7767 -1.94844 0.557711
      vertex 50.8748 -1.86238 0.67856
    endloop
  endfacet
  facet normal 0.609384 -0.694773 -0.382023
    outer loop
      vertex 50.6696 -2.16958 0.67856
      vertex 50.546 -2.21154 0.557711
      vertex 50.6342 -2.13418 0.557711
    endloop
  endfacet
  facet normal 0.51341 -0.768399 -0.382065
    outer loop
      vertex 50.5765 -2.25125 0.67856
      vertex 50.4735 -2.32007 0.67856
      vertex 50.546 -2.21154 0.557711
    endloop
  endfacet
  facet normal 0.154857 0.778725 -0.607952
    outer loop
      vertex 50.1946 2.22622 0.340653
      vertex 50.0981 2.24541 0.340653
      vertex 50.1085 2.32436 0.444429
    endloop
  endfacet
  facet normal 0.138068 0.694295 -0.706323
    outer loop
      vertex 50.1946 2.22622 0.340653
      vertex 50.0861 2.1537 0.248159
      vertex 50.0981 2.24541 0.340653
    endloop
  endfacet
  facet normal 0.351317 0.71198 -0.607997
    outer loop
      vertex 50.4157 2.22007 0.444429
      vertex 50.2877 2.19461 0.340653
      vertex 50.3182 2.26818 0.444429
    endloop
  endfacet
  facet normal 0.351212 0.712113 -0.607902
    outer loop
      vertex 50.3759 2.15111 0.340653
      vertex 50.2877 2.19461 0.340653
      vertex 50.4157 2.22007 0.444429
    endloop
  endfacet
  facet normal 0.383446 0.777094 -0.499093
    outer loop
      vertex 50.4157 2.22007 0.444429
      vertex 50.3182 2.26818 0.444429
      vertex 50.3432 2.3286 0.557711
    endloop
  endfacet
  facet normal 0.297 0.875109 -0.382068
    outer loop
      vertex 50.3624 2.37485 0.67856
      vertex 50.2321 2.36631 0.557711
      vertex 50.2451 2.41466 0.67856
    endloop
  endfacet
  facet normal 0.922345 0.0604449 -0.38161
    outer loop
      vertex 50.9469 1.5 0.67856
      vertex 50.8969 1.5 0.557711
      vertex 50.9388 1.6236 0.67856
    endloop
  endfacet
  facet normal 0.922251 0.060664 -0.381802
    outer loop
      vertex 50.8969 1.5 0.557711
      vertex 50.8892 1.61706 0.557711
      vertex 50.9388 1.6236 0.67856
    endloop
  endfacet
  facet normal 0.634675 0.31344 -0.70636
    outer loop
      vertex 50.6092 1.75232 0.248159
      vertex 50.571 1.82967 0.248159
      vertex 50.6511 1.87592 0.340653
    endloop
  endfacet
  facet normal 0.546506 0.269897 -0.792771
    outer loop
      vertex 50.6092 1.75232 0.248159
      vertex 50.5133 1.71261 0.16853
      vertex 50.571 1.82967 0.248159
    endloop
  endfacet
  facet normal 0.670508 0.227511 -0.706157
    outer loop
      vertex 50.7262 1.69459 0.340653
      vertex 50.6092 1.75232 0.248159
      vertex 50.6946 1.78772 0.340653
    endloop
  endfacet
  facet normal 0.63501 0.313185 -0.706171
    outer loop
      vertex 50.6946 1.78772 0.340653
      vertex 50.6092 1.75232 0.248159
      vertex 50.6511 1.87592 0.340653
    endloop
  endfacet
  facet normal 0.588622 0.393181 -0.706351
    outer loop
      vertex 50.571 1.82967 0.248159
      vertex 50.5231 1.90138 0.248159
      vertex 50.6511 1.87592 0.340653
    endloop
  endfacet
  facet normal 0.416645 0.277855 -0.865565
    outer loop
      vertex 50.4811 1.77778 0.16853
      vertex 50.383 1.72114 0.103127
      vertex 50.4408 1.83821 0.16853
    endloop
  endfacet
  facet normal 0.21302 0.318801 -0.923574
    outer loop
      vertex 50.2692 1.85089 0.103127
      vertex 50.1607 1.77837 0.0530691
      vertex 50.2211 1.88303 0.103127
    endloop
  endfacet
  facet normal 0.169639 0.343839 -0.923579
    outer loop
      vertex 50.1607 1.77837 0.0530691
      vertex 50.123 1.79697 0.0530691
      vertex 50.2211 1.88303 0.103127
    endloop
  endfacet
  facet normal 0.269501 0.546772 -0.792723
    outer loop
      vertex 50.3297 2.07101 0.248159
      vertex 50.2126 2.01328 0.16853
      vertex 50.2523 2.10916 0.248159
    endloop
  endfacet
  facet normal 0.196072 0.577181 -0.792728
    outer loop
      vertex 50.2126 2.01328 0.16853
      vertex 50.1707 2.13688 0.248159
      vertex 50.2523 2.10916 0.248159
    endloop
  endfacet
  facet normal 0.670495 0.227412 -0.706202
    outer loop
      vertex 50.6369 1.67065 0.248159
      vertex 50.6092 1.75232 0.248159
      vertex 50.7262 1.69459 0.340653
    endloop
  endfacet
  facet normal 0.69426 0.13819 -0.706333
    outer loop
      vertex 50.7454 1.59813 0.340653
      vertex 50.6537 1.58606 0.248159
      vertex 50.7262 1.69459 0.340653
    endloop
  endfacet
  facet normal 0.914609 0.310943 -0.258467
    outer loop
      vertex 50.9474 1.75385 0.804909
      vertex 50.8748 1.86237 0.67856
      vertex 50.9061 1.87533 0.804909
    endloop
  endfacet
  facet normal 0.906468 0.180395 -0.381804
    outer loop
      vertex 50.8892 1.61706 0.557711
      vertex 50.8663 1.73213 0.557711
      vertex 50.9388 1.6236 0.67856
    endloop
  endfacet
  facet normal 0.712017 0.351118 -0.608069
    outer loop
      vertex 50.7682 1.81819 0.444429
      vertex 50.6946 1.78772 0.340653
      vertex 50.7201 1.91573 0.444429
    endloop
  endfacet
  facet normal 0.71198 0.351147 -0.608096
    outer loop
      vertex 50.6946 1.78772 0.340653
      vertex 50.6511 1.87592 0.340653
      vertex 50.7201 1.91573 0.444429
    endloop
  endfacet
  facet normal 0.866656 0.426736 -0.258465
    outer loop
      vertex 50.8748 1.86237 0.67856
      vertex 50.8201 1.97346 0.67856
      vertex 50.9061 1.87533 0.804909
    endloop
  endfacet
  facet normal 0.777194 0.383353 -0.499008
    outer loop
      vertex 50.8286 1.84322 0.557711
      vertex 50.7201 1.91573 0.444429
      vertex 50.7767 1.94844 0.557711
    endloop
  endfacet
  facet normal 0.896972 0.442088 0
    outer loop
      vertex 50.9219 1.88186 2.5
      vertex 50.8642 1.99893 0.934596
      vertex 50.8642 1.99893 2.5
    endloop
  endfacet
  facet normal 0.896972 0.442088 0
    outer loop
      vertex 50.8642 1.99893 0.934596
      vertex 50.9219 1.88186 2.5
      vertex 50.9219 1.88186 0.934596
    endloop
  endfacet
  facet normal 0.938711 0.319137 -0.130284
    outer loop
      vertex 50.9474 1.75385 0.804909
      vertex 50.9061 1.87533 0.804909
      vertex 50.9639 1.75826 0.934596
    endloop
  endfacet
  facet normal -0.946821 -0.321761 0
    outer loop
      vertex 37.0781 -1.88186 0.934596
      vertex 37.0361 -1.75827 2.5
      vertex 37.0361 -1.75827 0.934596
    endloop
  endfacet
  facet normal -0.946821 -0.321761 0
    outer loop
      vertex 37.0361 -1.75827 2.5
      vertex 37.0781 -1.88186 0.934596
      vertex 37.0781 -1.88186 2.5
    endloop
  endfacet
  facet normal -0.938733 -0.319013 -0.13043
    outer loop
      vertex 37.0781 -1.88186 0.934596
      vertex 37.0361 -1.75827 0.934596
      vertex 37.0939 -1.87533 0.804909
    endloop
  endfacet
  facet normal -0.828704 -0.408795 -0.382278
    outer loop
      vertex 37.1799 -1.97347 0.67856
      vertex 37.1251 -1.86238 0.67856
      vertex 37.2233 -1.94844 0.557711
    endloop
  endfacet
  facet normal -0.86651 -0.427444 -0.257782
    outer loop
      vertex 37.1799 -1.97347 0.67856
      vertex 37.0939 -1.87533 0.804909
      vertex 37.1251 -1.86238 0.67856
    endloop
  endfacet
  facet normal -0.866597 -0.427047 -0.258149
    outer loop
      vertex 37.1506 -1.99039 0.804909
      vertex 37.0939 -1.87533 0.804909
      vertex 37.1799 -1.97347 0.67856
    endloop
  endfacet
  facet normal -0.803396 -0.53669 -0.257911
    outer loop
      vertex 37.2219 -2.09706 0.804909
      vertex 37.1799 -1.97347 0.67856
      vertex 37.2487 -2.07646 0.67856
    endloop
  endfacet
  facet normal -0.896972 -0.442088 0
    outer loop
      vertex 37.1358 -1.99893 0.934596
      vertex 37.0781 -1.88186 2.5
      vertex 37.0781 -1.88186 0.934596
    endloop
  endfacet
  facet normal -0.896972 -0.442088 0
    outer loop
      vertex 37.0781 -1.88186 2.5
      vertex 37.1358 -1.99893 0.934596
      vertex 37.1358 -1.99893 2.5
    endloop
  endfacet
  facet normal -0.889311 -0.438312 -0.130416
    outer loop
      vertex 37.1358 -1.99893 0.934596
      vertex 37.0781 -1.88186 0.934596
      vertex 37.0939 -1.87533 0.804909
    endloop
  endfacet
  facet normal -0.408662 -0.828813 -0.382183
    outer loop
      vertex 37.6376 -2.37485 0.67856
      vertex 37.5265 -2.32007 0.67856
      vertex 37.5516 -2.27672 0.557711
    endloop
  endfacet
  facet normal -0.513195 -0.768454 -0.382243
    outer loop
      vertex 37.5265 -2.32007 0.67856
      vertex 37.454 -2.21154 0.557711
      vertex 37.5516 -2.27672 0.557711
    endloop
  endfacet
  facet normal -0.660499 -0.441033 -0.607643
    outer loop
      vertex 37.4035 -1.95769 0.340653
      vertex 37.3404 -2.00617 0.444429
      vertex 37.3489 -1.87592 0.340653
    endloop
  endfacet
  facet normal -0.531958 -0.466921 -0.706403
    outer loop
      vertex 37.4684 -2.03163 0.340653
      vertex 37.4035 -1.95769 0.340653
      vertex 37.4769 -1.90138 0.248159
    endloop
  endfacet
  facet normal -0.523607 -0.59677 -0.60803
    outer loop
      vertex 37.4938 -2.15965 0.444429
      vertex 37.4684 -2.03163 0.340653
      vertex 37.5423 -2.09647 0.340653
    endloop
  endfacet
  facet normal -0.523762 -0.596727 -0.607939
    outer loop
      vertex 37.4938 -2.15965 0.444429
      vertex 37.4121 -2.08794 0.444429
      vertex 37.4684 -2.03163 0.340653
    endloop
  endfacet
  facet normal 0.0506632 -0.254333 -0.965789
    outer loop
      vertex 50.042 -1.81869 0.0530691
      vertex 50.0255 -1.69342 0.0192146
      vertex 50.0505 -1.68844 0.0192146
    endloop
  endfacet
  facet normal -0.258872 0.0166577 -0.965768
    outer loop
      vertex 37.8049 1.5 0.0192146
      vertex 37.6786 1.5 0.0530691
      vertex 37.6813 1.54196 0.0530691
    endloop
  endfacet
  facet normal -0.343968 0.169658 -0.923527
    outer loop
      vertex 37.703 1.62301 0.0530691
      vertex 37.617 1.72114 0.103127
      vertex 37.7216 1.66072 0.0530691
    endloop
  endfacet
  facet normal -0.21302 0.318801 -0.923574
    outer loop
      vertex 37.8393 1.77837 0.0530691
      vertex 37.7308 1.85089 0.103127
      vertex 37.7789 1.88303 0.103127
    endloop
  endfacet
  facet normal -0.0832389 0.245656 -0.965777
    outer loop
      vertex 37.9253 1.68024 0.0192146
      vertex 37.877 1.79697 0.0530691
      vertex 37.9495 1.68844 0.0192146
    endloop
  endfacet
  facet normal 0.0576185 0.117371 -0.991415
    outer loop
      vertex 50.0327 1.55664 0.002141
      vertex 50.025 1.56042 0.002141
      vertex 50.0747 1.68024 0.0192146
    endloop
  endfacet
  facet normal -0.0576185 0.117371 -0.991415
    outer loop
      vertex 37.9673 1.55664 0.002141
      vertex 37.9253 1.68024 0.0192146
      vertex 37.975 1.56042 0.002141
    endloop
  endfacet
  facet normal -0.0169472 0.258774 -0.965789
    outer loop
      vertex 37.9745 1.69342 0.0192146
      vertex 37.958 1.81869 0.0530691
      vertex 38 1.69509 0.0192146
    endloop
  endfacet
  facet normal 0.0748354 0.376002 -0.923592
    outer loop
      vertex 50.0832 1.81049 0.0530691
      vertex 50.042 1.81869 0.0530691
      vertex 50.1145 1.92722 0.103127
    endloop
  endfacet
  facet normal -0.130508 0.00871422 -0.991409
    outer loop
      vertex 37.9346 1.5 0.002141
      vertex 37.8049 1.5 0.0192146
      vertex 37.8066 1.52546 0.0192146
    endloop
  endfacet
  facet normal -0.376104 0.0748012 -0.923553
    outer loop
      vertex 37.6813 1.54196 0.0530691
      vertex 37.5728 1.61447 0.103127
      vertex 37.6895 1.58319 0.0530691
    endloop
  endfacet
  facet normal -0.0983678 -0.0861166 -0.991417
    outer loop
      vertex 37.862 -1.63795 0.0192146
      vertex 37.8452 -1.61876 0.0192146
      vertex 37.9538 -1.54625 0.002141
    endloop
  endfacet
  facet normal -0.38255 0 -0.923935
    outer loop
      vertex 37.5577 -1.5 0.103127
      vertex 37.6786 1.5 0.0530691
      vertex 37.6786 -1.5 0.0530691
    endloop
  endfacet
  facet normal -0.38255 0 -0.923935
    outer loop
      vertex 37.6786 1.5 0.0530691
      vertex 37.5577 -1.5 0.103127
      vertex 37.5577 1.5 0.103127
    endloop
  endfacet
  facet normal -0.491221 -0.0978286 -0.865524
    outer loop
      vertex 37.5728 -1.61447 0.103127
      vertex 37.4634 -1.64379 0.16853
      vertex 37.5615 -1.55773 0.103127
    endloop
  endfacet
  facet normal -0.37605 -0.0748919 -0.923568
    outer loop
      vertex 37.5728 -1.61447 0.103127
      vertex 37.5615 -1.55773 0.103127
      vertex 37.6813 -1.54196 0.0530691
    endloop
  endfacet
  facet normal -0.117442 -0.057464 -0.991416
    outer loop
      vertex 37.831 -1.59755 0.0192146
      vertex 37.8198 -1.57466 0.0192146
      vertex 37.9434 -1.5327 0.002141
    endloop
  endfacet
  facet normal -0.376104 -0.0748012 -0.923553
    outer loop
      vertex 37.6895 -1.58319 0.0530691
      vertex 37.5728 -1.61447 0.103127
      vertex 37.6813 -1.54196 0.0530691
    endloop
  endfacet
  facet normal -0.114676 -0.23256 -0.965798
    outer loop
      vertex 37.877 -1.79697 0.0530691
      vertex 37.8393 -1.77838 0.0530691
      vertex 37.9025 -1.66895 0.0192146
    endloop
  endfacet
  facet normal -0.215533 -0.144299 -0.965776
    outer loop
      vertex 37.8452 -1.61876 0.0192146
      vertex 37.745 -1.69568 0.0530691
      vertex 37.831 -1.59755 0.0192146
    endloop
  endfacet
  facet normal 0.130513 0 -0.991447
    outer loop
      vertex 50.0654 -1.5 0.002141
      vertex 50.1951 1.5 0.0192146
      vertex 50.1951 -1.5 0.0192146
    endloop
  endfacet
  facet normal 0.130513 0 -0.991447
    outer loop
      vertex 50.1951 1.5 0.0192146
      vertex 50.0654 -1.5 0.002141
      vertex 50.0654 1.5 0.002141
    endloop
  endfacet
  facet normal -0.0864752 0.0981278 -0.99141
    outer loop
      vertex 37.9538 1.54625 0.002141
      vertex 37.8812 1.65477 0.0192146
      vertex 37.9602 1.55189 0.002141
    endloop
  endfacet
  facet normal 0.117435 0.0574855 -0.991415
    outer loop
      vertex 50.1802 1.57466 0.0192146
      vertex 50.0566 1.5327 0.002141
      vertex 50.169 1.59754 0.0192146
    endloop
  endfacet
  facet normal -0.31902 -0.212857 -0.923536
    outer loop
      vertex 37.6491 -1.76925 0.103127
      vertex 37.617 -1.72114 0.103127
      vertex 37.7216 -1.66072 0.0530691
    endloop
  endfacet
  facet normal -0.318543 -0.213213 -0.923618
    outer loop
      vertex 37.745 -1.69568 0.0530691
      vertex 37.6491 -1.76925 0.103127
      vertex 37.7216 -1.66072 0.0530691
    endloop
  endfacet
  facet normal -0.792116 -0.0516615 -0.60818
    outer loop
      vertex 37.2546 -1.59813 0.340653
      vertex 37.1756 -1.60853 0.444429
      vertex 37.2482 -1.5 0.340653
    endloop
  endfacet
  facet normal -0.778658 -0.155483 -0.607879
    outer loop
      vertex 37.1969 -1.7152 0.444429
      vertex 37.1756 -1.60853 0.444429
      vertex 37.2738 -1.69459 0.340653
    endloop
  endfacet
  facet normal -0.914836 -0.310405 -0.258311
    outer loop
      vertex 37.1251 -1.86238 0.67856
      vertex 37.0526 -1.75385 0.804909
      vertex 37.0853 -1.74508 0.67856
    endloop
  endfacet
  facet normal -0.914786 -0.311003 -0.257769
    outer loop
      vertex 37.0939 -1.87533 0.804909
      vertex 37.0526 -1.75385 0.804909
      vertex 37.1251 -1.86238 0.67856
    endloop
  endfacet
  facet normal -0.922253 -0.060659 -0.381798
    outer loop
      vertex 37.1108 -1.61707 0.557711
      vertex 37.0612 -1.6236 0.67856
      vertex 37.1031 -1.5 0.557711
    endloop
  endfacet
  facet normal -0.864761 -0.0568776 -0.498952
    outer loop
      vertex 37.1108 -1.61707 0.557711
      vertex 37.1031 -1.5 0.557711
      vertex 37.1756 -1.60853 0.444429
    endloop
  endfacet
  facet normal 0.0250625 -0.382568 -0.923587
    outer loop
      vertex 50.0577 -1.93851 0.103127
      vertex 50 -1.94229 0.103127
      vertex 50.042 -1.81869 0.0530691
    endloop
  endfacet
  facet normal 0.0747474 -0.376054 -0.923578
    outer loop
      vertex 50.0577 -1.93851 0.103127
      vertex 50.042 -1.81869 0.0530691
      vertex 50.1145 -1.92722 0.103127
    endloop
  endfacet
  facet normal 0.278512 -0.820557 -0.499116
    outer loop
      vertex 50.3432 -2.3286 0.557711
      vertex 50.2152 -2.30314 0.444429
      vertex 50.3182 -2.26818 0.444429
    endloop
  endfacet
  facet normal 0.138075 -0.694332 -0.706285
    outer loop
      vertex 50.0981 -2.24541 0.340653
      vertex 50.0861 -2.15371 0.248159
      vertex 50.1946 -2.22622 0.340653
    endloop
  endfacet
  facet normal 0.313109 -0.634856 -0.706343
    outer loop
      vertex 50.2877 -2.19461 0.340653
      vertex 50.2523 -2.10916 0.248159
      vertex 50.3759 -2.15111 0.340653
    endloop
  endfacet
  facet normal 0.312992 -0.63501 -0.706257
    outer loop
      vertex 50.3759 -2.15111 0.340653
      vertex 50.2523 -2.10916 0.248159
      vertex 50.3297 -2.07101 0.248159
    endloop
  endfacet
  facet normal 0.0604344 -0.922184 -0.382002
    outer loop
      vertex 50.1236 -2.43883 0.67856
      vertex 50 -2.44693 0.67856
      vertex 50 -2.39687 0.557711
    endloop
  endfacet
  facet normal 0 -0.923872 -0.382701
    outer loop
      vertex 38 -2.39687 0.557711
      vertex 50 -2.44693 0.67856
      vertex 38 -2.44693 0.67856
    endloop
  endfacet
  facet normal 0 -0.923872 -0.382701
    outer loop
      vertex 50 -2.44693 0.67856
      vertex 38 -2.39687 0.557711
      vertex 50 -2.39687 0.557711
    endloop
  endfacet
  facet normal 0.154857 -0.778725 -0.607952
    outer loop
      vertex 50.1085 -2.32436 0.444429
      vertex 50.0981 -2.24541 0.340653
      vertex 50.1946 -2.22622 0.340653
    endloop
  endfacet
  facet normal 0.169146 -0.849792 -0.499242
    outer loop
      vertex 50.1171 -2.3892 0.557711
      vertex 50.1085 -2.32436 0.444429
      vertex 50.2321 -2.36631 0.557711
    endloop
  endfacet
  facet normal 0.15487 -0.778728 -0.607945
    outer loop
      vertex 50.2152 -2.30314 0.444429
      vertex 50.1085 -2.32436 0.444429
      vertex 50.1946 -2.22622 0.340653
    endloop
  endfacet
  facet normal 0.0566333 -0.864636 -0.499197
    outer loop
      vertex 50.1171 -2.3892 0.557711
      vertex 50 -2.39687 0.557711
      vertex 50.1085 -2.32436 0.444429
    endloop
  endfacet
  facet normal 0.310483 -0.914836 -0.258217
    outer loop
      vertex 50.2538 -2.44737 0.804909
      vertex 50.2451 -2.41466 0.67856
      vertex 50.3624 -2.37485 0.67856
    endloop
  endfacet
  facet normal 0.188487 -0.947506 -0.258275
    outer loop
      vertex 50.2538 -2.44737 0.804909
      vertex 50.1236 -2.43883 0.67856
      vertex 50.2451 -2.41466 0.67856
    endloop
  endfacet
  facet normal 0.653884 -0.745278 -0.130372
    outer loop
      vertex 50.7056 -2.20559 0.934596
      vertex 50.6075 -2.29166 0.934596
      vertex 50.6935 -2.19352 0.804909
    endloop
  endfacet
  facet normal 0.637082 -0.726243 -0.258259
    outer loop
      vertex 50.5971 -2.27811 0.804909
      vertex 50.5765 -2.25125 0.67856
      vertex 50.6696 -2.16958 0.67856
    endloop
  endfacet
  facet normal 0.408662 -0.828813 -0.382183
    outer loop
      vertex 50.4735 -2.32007 0.67856
      vertex 50.3624 -2.37485 0.67856
      vertex 50.4484 -2.27672 0.557711
    endloop
  endfacet
  facet normal -0.171085 -0.194962 -0.965774
    outer loop
      vertex 37.8043 -1.75502 0.0530691
      vertex 37.7727 -1.72729 0.0530691
      vertex 37.862 -1.63795 0.0192146
    endloop
  endfacet
  facet normal -0.252925 -0.288223 -0.923557
    outer loop
      vertex 37.8043 -1.75502 0.0530691
      vertex 37.6873 -1.81275 0.103127
      vertex 37.7727 -1.72729 0.0530691
    endloop
  endfacet
  facet normal -0.160978 -0.474279 -0.865532
    outer loop
      vertex 37.8855 -1.92722 0.103127
      vertex 37.7874 -2.01328 0.16853
      vertex 37.8307 -1.90862 0.103127
    endloop
  endfacet
  facet normal -0.278271 -0.416235 -0.865629
    outer loop
      vertex 37.7222 -1.98114 0.16853
      vertex 37.6618 -1.94076 0.16853
      vertex 37.7789 -1.88303 0.103127
    endloop
  endfacet
  facet normal 0.108653 0.0727086 -0.991417
    outer loop
      vertex 50.169 1.59754 0.0192146
      vertex 50.0566 1.5327 0.002141
      vertex 50.1548 1.61876 0.0192146
    endloop
  endfacet
  facet normal 0.123312 -0.363004 -0.923592
    outer loop
      vertex 50.1145 -1.92722 0.103127
      vertex 50.0832 -1.81049 0.0530691
      vertex 50.123 -1.79697 0.0530691
    endloop
  endfacet
  facet normal 0.143938 -0.215661 -0.965801
    outer loop
      vertex 50.1607 -1.77838 0.0530691
      vertex 50.0975 -1.66895 0.0192146
      vertex 50.1957 -1.75502 0.0530691
    endloop
  endfacet
  facet normal 0.215533 -0.144299 -0.965776
    outer loop
      vertex 50.255 -1.69568 0.0530691
      vertex 50.1548 -1.61876 0.0192146
      vertex 50.169 -1.59755 0.0192146
    endloop
  endfacet
  facet normal 0.792116 -0.0516615 -0.60818
    outer loop
      vertex 50.8244 -1.60853 0.444429
      vertex 50.7454 -1.59813 0.340653
      vertex 50.7518 -1.5 0.340653
    endloop
  endfacet
  facet normal 0.72028 -0.481886 -0.498981
    outer loop
      vertex 50.7767 -1.94844 0.557711
      vertex 50.6596 -2.00617 0.444429
      vertex 50.7201 -1.91574 0.444429
    endloop
  endfacet
  facet normal 0.596996 -0.523475 -0.607922
    outer loop
      vertex 50.5879 -2.08794 0.444429
      vertex 50.5316 -2.03163 0.340653
      vertex 50.6596 -2.00617 0.444429
    endloop
  endfacet
  facet normal 0.351212 -0.712113 -0.607902
    outer loop
      vertex 50.4157 -2.22007 0.444429
      vertex 50.2877 -2.19461 0.340653
      vertex 50.3759 -2.15111 0.340653
    endloop
  endfacet
  facet normal 0.115111 -0.232466 -0.965769
    outer loop
      vertex 50.123 -1.79697 0.0530691
      vertex 50.0747 -1.68024 0.0192146
      vertex 50.0975 -1.66895 0.0192146
    endloop
  endfacet
  facet normal -0.128622 0.0245286 -0.99139
    outer loop
      vertex 37.9352 1.50854 0.002141
      vertex 37.8116 1.55049 0.0192146
      vertex 37.9368 1.51693 0.002141
    endloop
  endfacet
  facet normal 0.123594 0.0427239 -0.991413
    outer loop
      vertex 50.0632 1.51693 0.002141
      vertex 50.0604 1.52503 0.002141
      vertex 50.1802 1.57466 0.0192146
    endloop
  endfacet
  facet normal 0.376236 -0.330515 -0.865567
    outer loop
      vertex 50.3928 -1.89285 0.16853
      vertex 50.3127 -1.81275 0.103127
      vertex 50.4408 -1.83821 0.16853
    endloop
  endfacet
  facet normal 0.33031 -0.376434 -0.865559
    outer loop
      vertex 50.3382 -1.94076 0.16853
      vertex 50.3127 -1.81275 0.103127
      vertex 50.3928 -1.89285 0.16853
    endloop
  endfacet
  facet normal 0.318543 -0.213213 -0.923618
    outer loop
      vertex 50.3509 -1.76925 0.103127
      vertex 50.255 -1.69568 0.0530691
      vertex 50.2784 -1.66072 0.0530691
    endloop
  endfacet
  facet normal 0.288049 -0.252953 -0.923603
    outer loop
      vertex 50.3127 -1.81275 0.103127
      vertex 50.255 -1.69568 0.0530691
      vertex 50.3509 -1.76925 0.103127
    endloop
  endfacet
  facet normal 0.382596 -0.0251838 -0.923573
    outer loop
      vertex 50.4385 -1.55773 0.103127
      vertex 50.3187 -1.54196 0.0530691
      vertex 50.4423 -1.5 0.103127
    endloop
  endfacet
  facet normal 0.0580467 0.117224 -0.991408
    outer loop
      vertex 50.0975 1.66895 0.0192146
      vertex 50.0327 1.55664 0.002141
      vertex 50.0747 1.68024 0.0192146
    endloop
  endfacet
  facet normal 0.597796 -0.119106 -0.792751
    outer loop
      vertex 50.6537 -1.58606 0.248159
      vertex 50.5366 -1.64379 0.16853
      vertex 50.5508 -1.57252 0.16853
    endloop
  endfacet
  facet normal 0.60826 0.03958 -0.79275
    outer loop
      vertex 50.6593 1.5 0.248159
      vertex 50.5508 1.57252 0.16853
      vertex 50.6537 1.58606 0.248159
    endloop
  endfacet
  facet normal 0.0976789 0.49115 -0.865581
    outer loop
      vertex 50.1438 2.03664 0.16853
      vertex 50.0577 1.9385 0.103127
      vertex 50.0725 2.05082 0.16853
    endloop
  endfacet
  facet normal 0.0975552 0.491235 -0.865547
    outer loop
      vertex 50.1145 1.92722 0.103127
      vertex 50.0577 1.9385 0.103127
      vertex 50.1438 2.03664 0.16853
    endloop
  endfacet
  facet normal 0.288049 0.252953 -0.923603
    outer loop
      vertex 50.3509 1.76925 0.103127
      vertex 50.255 1.69568 0.0530691
      vertex 50.3127 1.81275 0.103127
    endloop
  endfacet
  facet normal 0.31902 0.212857 -0.923536
    outer loop
      vertex 50.383 1.72114 0.103127
      vertex 50.2784 1.66072 0.0530691
      vertex 50.3509 1.76925 0.103127
    endloop
  endfacet
  facet normal -0.481119 0.720644 -0.499196
    outer loop
      vertex 37.5843 2.22007 0.444429
      vertex 37.4938 2.15965 0.444429
      vertex 37.5516 2.27671 0.557711
    endloop
  endfacet
  facet normal -0.154857 0.778725 -0.607952
    outer loop
      vertex 37.9019 2.24541 0.340653
      vertex 37.8054 2.22622 0.340653
      vertex 37.8915 2.32436 0.444429
    endloop
  endfacet
  facet normal -0.0746882 0.37609 -0.923568
    outer loop
      vertex 37.958 1.81869 0.0530691
      vertex 37.8855 1.92722 0.103127
      vertex 37.9423 1.9385 0.103127
    endloop
  endfacet
  facet normal -0.0748354 0.376002 -0.923592
    outer loop
      vertex 37.9168 1.81049 0.0530691
      vertex 37.8855 1.92722 0.103127
      vertex 37.958 1.81869 0.0530691
    endloop
  endfacet
  facet normal -0.0983678 0.0861166 -0.991417
    outer loop
      vertex 37.9538 1.54625 0.002141
      vertex 37.8452 1.61876 0.0192146
      vertex 37.862 1.63795 0.0192146
    endloop
  endfacet
  facet normal -0.195153 0.170848 -0.965778
    outer loop
      vertex 37.8452 1.61876 0.0192146
      vertex 37.745 1.69568 0.0530691
      vertex 37.862 1.63795 0.0192146
    endloop
  endfacet
  facet normal -0.221383 0.449104 -0.865618
    outer loop
      vertex 37.7789 1.88303 0.103127
      vertex 37.7222 1.98114 0.16853
      vertex 37.7874 2.01328 0.16853
    endloop
  endfacet
  facet normal -0.196072 0.577181 -0.792728
    outer loop
      vertex 37.7874 2.01328 0.16853
      vertex 37.7477 2.10916 0.248159
      vertex 37.8293 2.13688 0.248159
    endloop
  endfacet
  facet normal -0.499665 -0.0330721 -0.865587
    outer loop
      vertex 37.4492 -1.57252 0.16853
      vertex 37.4444 -1.5 0.16853
      vertex 37.5577 -1.5 0.103127
    endloop
  endfacet
  facet normal -0.608542 -0.0402786 -0.792498
    outer loop
      vertex 37.4492 -1.57252 0.16853
      vertex 37.3407 -1.5 0.248159
      vertex 37.4444 -1.5 0.16853
    endloop
  endfacet
  facet normal -0.448999 0.221557 -0.865628
    outer loop
      vertex 37.5914 1.66926 0.103127
      vertex 37.4867 1.71261 0.16853
      vertex 37.617 1.72114 0.103127
    endloop
  endfacet
  facet normal -0.546506 0.269897 -0.792771
    outer loop
      vertex 37.4867 1.71261 0.16853
      vertex 37.3908 1.75232 0.248159
      vertex 37.429 1.82967 0.248159
    endloop
  endfacet
  facet normal -0.499755 0.0328957 -0.865542
    outer loop
      vertex 37.5577 1.5 0.103127
      vertex 37.4492 1.57252 0.16853
      vertex 37.5615 1.55773 0.103127
    endloop
  endfacet
  facet normal -0.531958 0.466921 -0.706403
    outer loop
      vertex 37.4769 1.90138 0.248159
      vertex 37.4035 1.95769 0.340653
      vertex 37.4684 2.03163 0.340653
    endloop
  endfacet
  facet normal -0.694599 0.60935 -0.382394
    outer loop
      vertex 37.2885 2.04598 0.557711
      vertex 37.2487 2.07645 0.67856
      vertex 37.3304 2.16958 0.67856
    endloop
  endfacet
  facet normal -0.706337 0.0459619 -0.706382
    outer loop
      vertex 37.3407 1.5 0.248159
      vertex 37.2482 1.5 0.340653
      vertex 37.3463 1.58606 0.248159
    endloop
  endfacet
  facet normal -0.0604035 0.922197 -0.381975
    outer loop
      vertex 37.8829 2.3892 0.557711
      vertex 37.8764 2.43883 0.67856
      vertex 38 2.39687 0.557711
    endloop
  endfacet
  facet normal -0.0566333 0.864636 -0.499197
    outer loop
      vertex 37.8915 2.32436 0.444429
      vertex 37.8829 2.3892 0.557711
      vertex 38 2.39687 0.557711
    endloop
  endfacet
  facet normal -0.720289 0.481839 -0.499014
    outer loop
      vertex 37.2799 1.91573 0.444429
      vertex 37.2233 1.94844 0.557711
      vertex 37.3404 2.00617 0.444429
    endloop
  endfacet
  facet normal -0.69501 0.609119 -0.382015
    outer loop
      vertex 37.3658 2.13418 0.557711
      vertex 37.2885 2.04598 0.557711
      vertex 37.3304 2.16958 0.67856
    endloop
  endfacet
  facet normal -0.550606 0.824542 -0.130241
    outer loop
      vertex 37.4029 2.27811 0.804909
      vertex 37.3925 2.29165 0.934596
      vertex 37.5011 2.36417 0.934596
    endloop
  endfacet
  facet normal -0.637212 0.726176 -0.258126
    outer loop
      vertex 37.3304 2.16958 0.67856
      vertex 37.3065 2.19352 0.804909
      vertex 37.4029 2.27811 0.804909
    endloop
  endfacet
  facet normal -0.51341 0.768399 -0.382065
    outer loop
      vertex 37.454 2.21154 0.557711
      vertex 37.4235 2.25125 0.67856
      vertex 37.5265 2.32007 0.67856
    endloop
  endfacet
  facet normal -0.536612 0.803375 -0.258139
    outer loop
      vertex 37.5265 2.32007 0.67856
      vertex 37.4029 2.27811 0.804909
      vertex 37.5096 2.34938 0.804909
    endloop
  endfacet
  facet normal -0.571613 0.651245 -0.499138
    outer loop
      vertex 37.4938 2.15965 0.444429
      vertex 37.4121 2.08794 0.444429
      vertex 37.454 2.21154 0.557711
    endloop
  endfacet
  facet normal -0.777194 0.383353 -0.499008
    outer loop
      vertex 37.2799 1.91573 0.444429
      vertex 37.1714 1.84322 0.557711
      vertex 37.2233 1.94844 0.557711
    endloop
  endfacet
  facet normal 0 0.991439 -0.130574
    outer loop
      vertex 50 2.48078 0.804909
      vertex 38 2.49786 0.934596
      vertex 50 2.49786 0.934596
    endloop
  endfacet
  facet normal 0 0.991439 -0.130574
    outer loop
      vertex 38 2.49786 0.934596
      vertex 50 2.48078 0.804909
      vertex 38 2.48078 0.804909
    endloop
  endfacet
  facet normal 0.0648928 0.989349 -0.130299
    outer loop
      vertex 50.1302 2.48932 0.934596
      vertex 50 2.48078 0.804909
      vertex 50 2.49786 0.934596
    endloop
  endfacet
  facet normal 0.0648493 0.989357 -0.130256
    outer loop
      vertex 50.128 2.47239 0.804909
      vertex 50 2.48078 0.804909
      vertex 50.1302 2.48932 0.934596
    endloop
  endfacet
  facet normal 0.408652 0.828791 -0.382242
    outer loop
      vertex 50.4484 2.27671 0.557711
      vertex 50.3624 2.37485 0.67856
      vertex 50.4735 2.32007 0.67856
    endloop
  endfacet
  facet normal 0.169146 0.849792 -0.499242
    outer loop
      vertex 50.2321 2.36631 0.557711
      vertex 50.1085 2.32436 0.444429
      vertex 50.1171 2.3892 0.557711
    endloop
  endfacet
  facet normal 0.637082 0.726243 -0.258259
    outer loop
      vertex 50.6696 2.16958 0.67856
      vertex 50.5765 2.25125 0.67856
      vertex 50.5971 2.27811 0.804909
    endloop
  endfacet
  facet normal 0.609419 0.69471 -0.382082
    outer loop
      vertex 50.6696 2.16958 0.67856
      vertex 50.546 2.21154 0.557711
      vertex 50.5765 2.25125 0.67856
    endloop
  endfacet
  facet normal 0.523762 0.596727 -0.607939
    outer loop
      vertex 50.5316 2.03163 0.340653
      vertex 50.5062 2.15965 0.444429
      vertex 50.5879 2.08794 0.444429
    endloop
  endfacet
  facet normal 0.338691 0.506764 -0.792766
    outer loop
      vertex 50.3382 1.94076 0.16853
      vertex 50.3297 2.07101 0.248159
      vertex 50.4014 2.02309 0.248159
    endloop
  endfacet
  facet normal 0.651558 0.571036 -0.49939
    outer loop
      vertex 50.7115 2.04598 0.557711
      vertex 50.5879 2.08794 0.444429
      vertex 50.6342 2.13418 0.557711
    endloop
  endfacet
  facet normal 0.571296 0.651348 -0.499367
    outer loop
      vertex 50.5879 2.08794 0.444429
      vertex 50.546 2.21154 0.557711
      vertex 50.6342 2.13418 0.557711
    endloop
  endfacet
  facet normal -0.408794 0.828774 -0.382127
    outer loop
      vertex 37.6568 2.3286 0.557711
      vertex 37.5516 2.27671 0.557711
      vertex 37.6376 2.37485 0.67856
    endloop
  endfacet
  facet normal -0.408652 0.828791 -0.382242
    outer loop
      vertex 37.5516 2.27671 0.557711
      vertex 37.5265 2.32007 0.67856
      vertex 37.6376 2.37485 0.67856
    endloop
  endfacet
  facet normal 0 -0.793354 -0.608761
    outer loop
      vertex 38 -2.25184 0.340653
      vertex 50 -2.33147 0.444429
      vertex 38 -2.33147 0.444429
    endloop
  endfacet
  facet normal 0 -0.793354 -0.608761
    outer loop
      vertex 50 -2.33147 0.444429
      vertex 38 -2.25184 0.340653
      vertex 50 -2.25184 0.340653
    endloop
  endfacet
  facet normal 0 -0.707122 -0.707091
    outer loop
      vertex 38 -2.15935 0.248159
      vertex 50 -2.25184 0.340653
      vertex 38 -2.25184 0.340653
    endloop
  endfacet
  facet normal 0 -0.707122 -0.707091
    outer loop
      vertex 50 -2.25184 0.340653
      vertex 38 -2.15935 0.248159
      vertex 50 -2.15935 0.248159
    endloop
  endfacet
  facet normal -0.169146 -0.849792 -0.499242
    outer loop
      vertex 37.8829 -2.3892 0.557711
      vertex 37.7679 -2.36631 0.557711
      vertex 37.8915 -2.32436 0.444429
    endloop
  endfacet
  facet normal -0.0566333 -0.864636 -0.499197
    outer loop
      vertex 38 -2.39687 0.557711
      vertex 37.8829 -2.3892 0.557711
      vertex 37.8915 -2.32436 0.444429
    endloop
  endfacet
  facet normal -0.989301 -0.0653205 -0.130445
    outer loop
      vertex 37.0107 -1.63025 0.934596
      vertex 37.0021 -1.5 0.934596
      vertex 37.0192 -1.5 0.804909
    endloop
  endfacet
  facet normal 0.751679 0.659529 0
    outer loop
      vertex 50.7917 2.10746 2.5
      vertex 50.7056 2.20559 0.934596
      vertex 50.7056 2.20559 2.5
    endloop
  endfacet
  facet normal 0.751679 0.659529 0
    outer loop
      vertex 50.7056 2.20559 0.934596
      vertex 50.7917 2.10746 2.5
      vertex 50.7917 2.10746 0.934596
    endloop
  endfacet
  facet normal 0.194938 -0.980816 0
    outer loop
      vertex 50.1302 -2.48932 0.934596
      vertex 50.2583 -2.46386 2.5
      vertex 50.1302 -2.48932 2.5
    endloop
  endfacet
  facet normal 0.194938 -0.980816 0
    outer loop
      vertex 50.2583 -2.46386 2.5
      vertex 50.1302 -2.48932 0.934596
      vertex 50.2583 -2.46386 0.934596
    endloop
  endfacet
  facet normal 0.442486 -0.896775 0
    outer loop
      vertex 50.3819 -2.4219 0.934596
      vertex 50.4989 -2.36417 2.5
      vertex 50.3819 -2.4219 2.5
    endloop
  endfacet
  facet normal 0.442486 -0.896775 0
    outer loop
      vertex 50.4989 -2.36417 2.5
      vertex 50.3819 -2.4219 0.934596
      vertex 50.4989 -2.36417 0.934596
    endloop
  endfacet
  facet normal 0.555283 -0.831661 0
    outer loop
      vertex 50.4989 -2.36417 0.934596
      vertex 50.6075 -2.29166 2.5
      vertex 50.4989 -2.36417 2.5
    endloop
  endfacet
  facet normal 0.555283 -0.831661 0
    outer loop
      vertex 50.6075 -2.29166 2.5
      vertex 50.4989 -2.36417 0.934596
      vertex 50.6075 -2.29166 0.934596
    endloop
  endfacet
  facet normal 0.0832389 0.245656 -0.965777
    outer loop
      vertex 50.0747 1.68024 0.0192146
      vertex 50.0505 1.68844 0.0192146
      vertex 50.123 1.79697 0.0530691
    endloop
  endfacet
  facet normal 0.13042 0.009163 -0.991416
    outer loop
      vertex 50.0654 1.5 0.002141
      vertex 50.0648 1.50854 0.002141
      vertex 50.1934 1.52546 0.0192146
    endloop
  endfacet
  facet normal 0.0251301 0.382587 -0.923577
    outer loop
      vertex 50.042 1.81869 0.0530691
      vertex 50 1.94229 0.103127
      vertex 50.0577 1.9385 0.103127
    endloop
  endfacet
  facet normal 0.0250489 0.382565 -0.923589
    outer loop
      vertex 50.042 1.81869 0.0530691
      vertex 50 1.82144 0.0530691
      vertex 50 1.94229 0.103127
    endloop
  endfacet
  facet normal 0.128622 0.0245286 -0.99139
    outer loop
      vertex 50.0648 1.50854 0.002141
      vertex 50.0632 1.51693 0.002141
      vertex 50.1884 1.55049 0.0192146
    endloop
  endfacet
  facet normal 0.0864702 -0.0981223 -0.991411
    outer loop
      vertex 50.1188 -1.65478 0.0192146
      vertex 50.0398 -1.55189 0.002141
      vertex 50.0462 -1.54625 0.002141
    endloop
  endfacet
  facet normal 0.258675 0.0172721 -0.96581
    outer loop
      vertex 50.1951 1.5 0.0192146
      vertex 50.1934 1.52546 0.0192146
      vertex 50.3187 1.54196 0.0530691
    endloop
  endfacet
  facet normal 0.130508 0.00871422 -0.991409
    outer loop
      vertex 50.1951 1.5 0.0192146
      vertex 50.0654 1.5 0.002141
      vertex 50.1934 1.52546 0.0192146
    endloop
  endfacet
  facet normal 0.382434 -0.0246085 -0.923655
    outer loop
      vertex 50.4423 -1.5 0.103127
      vertex 50.3187 -1.54196 0.0530691
      vertex 50.3214 -1.5 0.0530691
    endloop
  endfacet
  facet normal 0.258872 -0.0166577 -0.965768
    outer loop
      vertex 50.3187 -1.54196 0.0530691
      vertex 50.1951 -1.5 0.0192146
      vertex 50.3214 -1.5 0.0530691
    endloop
  endfacet
  facet normal -0.123594 -0.0427239 -0.991413
    outer loop
      vertex 37.9396 -1.52503 0.002141
      vertex 37.8198 -1.57466 0.0192146
      vertex 37.9368 -1.51693 0.002141
    endloop
  endfacet
  facet normal 0.0864368 0.0981536 -0.99141
    outer loop
      vertex 50.1379 1.63795 0.0192146
      vertex 50.0462 1.54625 0.002141
      vertex 50.1188 1.65477 0.0192146
    endloop
  endfacet
  facet normal 0.491221 0.0978286 -0.865524
    outer loop
      vertex 50.4385 1.55773 0.103127
      vertex 50.4272 1.61447 0.103127
      vertex 50.5366 1.64379 0.16853
    endloop
  endfacet
  facet normal 0.37605 0.0748919 -0.923568
    outer loop
      vertex 50.4385 1.55773 0.103127
      vertex 50.3187 1.54196 0.0530691
      vertex 50.4272 1.61447 0.103127
    endloop
  endfacet
  facet normal 0.609037 0 -0.793142
    outer loop
      vertex 50.5556 -1.5 0.16853
      vertex 50.6593 1.5 0.248159
      vertex 50.6593 -1.5 0.248159
    endloop
  endfacet
  facet normal 0.609037 0 -0.793142
    outer loop
      vertex 50.6593 1.5 0.248159
      vertex 50.5556 -1.5 0.16853
      vertex 50.5556 1.5 0.16853
    endloop
  endfacet
  facet normal 0.98088 -0.194613 0
    outer loop
      vertex 50.9639 -1.75827 2.5
      vertex 50.9893 -1.63025 0.934596
      vertex 50.9893 -1.63025 2.5
    endloop
  endfacet
  facet normal 0.98088 -0.194613 0
    outer loop
      vertex 50.9893 -1.63025 0.934596
      vertex 50.9639 -1.75827 2.5
      vertex 50.9639 -1.75827 0.934596
    endloop
  endfacet
  facet normal 0.98938 -0.0649179 -0.130046
    outer loop
      vertex 50.9893 -1.63025 0.934596
      vertex 50.9724 -1.62802 0.804909
      vertex 50.9808 -1.5 0.804909
    endloop
  endfacet
  facet normal 0.972517 -0.192954 -0.130309
    outer loop
      vertex 50.9639 -1.75827 0.934596
      vertex 50.9474 -1.75385 0.804909
      vertex 50.9893 -1.63025 0.934596
    endloop
  endfacet
  facet normal 0.972499 -0.193217 -0.130052
    outer loop
      vertex 50.9893 -1.63025 0.934596
      vertex 50.9474 -1.75385 0.804909
      vertex 50.9724 -1.62802 0.804909
    endloop
  endfacet
  facet normal 0.376266 -0.330422 -0.86559
    outer loop
      vertex 50.4408 -1.83821 0.16853
      vertex 50.3127 -1.81275 0.103127
      vertex 50.3509 -1.76925 0.103127
    endloop
  endfacet
  facet normal 0.531958 -0.466921 -0.706403
    outer loop
      vertex 50.5316 -2.03163 0.340653
      vertex 50.5231 -1.90138 0.248159
      vertex 50.5965 -1.95769 0.340653
    endloop
  endfacet
  facet normal 0.768302 -0.513246 -0.382479
    outer loop
      vertex 50.7513 -2.07646 0.67856
      vertex 50.7115 -2.04598 0.557711
      vertex 50.8201 -1.97347 0.67856
    endloop
  endfacet
  facet normal 0.72626 -0.637193 -0.257936
    outer loop
      vertex 50.7781 -2.09706 0.804909
      vertex 50.6696 -2.16958 0.67856
      vertex 50.7513 -2.07646 0.67856
    endloop
  endfacet
  facet normal 0.383446 -0.777094 -0.499093
    outer loop
      vertex 50.3432 -2.3286 0.557711
      vertex 50.3182 -2.26818 0.444429
      vertex 50.4157 -2.22007 0.444429
    endloop
  endfacet
  facet normal 0.609419 -0.69471 -0.382082
    outer loop
      vertex 50.5765 -2.25125 0.67856
      vertex 50.546 -2.21154 0.557711
      vertex 50.6696 -2.16958 0.67856
    endloop
  endfacet
  facet normal 0.0566333 0.864636 -0.499197
    outer loop
      vertex 50.1085 2.32436 0.444429
      vertex 50 2.39687 0.557711
      vertex 50.1171 2.3892 0.557711
    endloop
  endfacet
  facet normal 0.0604035 0.922197 -0.381975
    outer loop
      vertex 50.1171 2.3892 0.557711
      vertex 50 2.39687 0.557711
      vertex 50.1236 2.43883 0.67856
    endloop
  endfacet
  facet normal 0.963931 0.0631702 -0.258548
    outer loop
      vertex 50.9469 1.5 0.67856
      vertex 50.9388 1.6236 0.67856
      vertex 50.9724 1.62802 0.804909
    endloop
  endfacet
  facet normal 0.507055 0.338149 -0.792812
    outer loop
      vertex 50.4811 1.77778 0.16853
      vertex 50.4408 1.83821 0.16853
      vertex 50.571 1.82967 0.248159
    endloop
  endfacet
  facet normal 0.546406 0.269975 -0.792814
    outer loop
      vertex 50.5133 1.71261 0.16853
      vertex 50.4811 1.77778 0.16853
      vertex 50.571 1.82967 0.248159
    endloop
  endfacet
  facet normal 0.376236 0.330515 -0.865567
    outer loop
      vertex 50.4408 1.83821 0.16853
      vertex 50.3127 1.81275 0.103127
      vertex 50.3928 1.89285 0.16853
    endloop
  endfacet
  facet normal 0.33031 0.376434 -0.865559
    outer loop
      vertex 50.3928 1.89285 0.16853
      vertex 50.3127 1.81275 0.103127
      vertex 50.3382 1.94076 0.16853
    endloop
  endfacet
  facet normal 0.720349 0.481513 -0.499242
    outer loop
      vertex 50.7767 1.94844 0.557711
      vertex 50.6596 2.00617 0.444429
      vertex 50.7115 2.04598 0.557711
    endloop
  endfacet
  facet normal 0.588639 0.39305 -0.706411
    outer loop
      vertex 50.6511 1.87592 0.340653
      vertex 50.5231 1.90138 0.248159
      vertex 50.5965 1.95769 0.340653
    endloop
  endfacet
  facet normal 0.221853 0.44908 -0.86551
    outer loop
      vertex 50.2211 1.88303 0.103127
      vertex 50.1693 1.90862 0.103127
      vertex 50.2126 2.01328 0.16853
    endloop
  endfacet
  facet normal 0.278271 0.416235 -0.865629
    outer loop
      vertex 50.3382 1.94076 0.16853
      vertex 50.2211 1.88303 0.103127
      vertex 50.2778 1.98114 0.16853
    endloop
  endfacet
  facet normal 0.393395 0.588615 -0.706239
    outer loop
      vertex 50.4014 2.02309 0.248159
      vertex 50.3297 2.07101 0.248159
      vertex 50.3759 2.15111 0.340653
    endloop
  endfacet
  facet normal 0.531958 0.466921 -0.706403
    outer loop
      vertex 50.5965 1.95769 0.340653
      vertex 50.5231 1.90138 0.248159
      vertex 50.5316 2.03163 0.340653
    endloop
  endfacet
  facet normal 0.227581 0.670288 -0.706343
    outer loop
      vertex 50.2523 2.10916 0.248159
      vertex 50.1946 2.22622 0.340653
      vertex 50.2877 2.19461 0.340653
    endloop
  endfacet
  facet normal 0.313109 0.634856 -0.706343
    outer loop
      vertex 50.3759 2.15111 0.340653
      vertex 50.2523 2.10916 0.248159
      vertex 50.2877 2.19461 0.340653
    endloop
  endfacet
  facet normal 0.597692 0.118705 -0.792889
    outer loop
      vertex 50.6537 1.58606 0.248159
      vertex 50.5366 1.64379 0.16853
      vertex 50.6369 1.67065 0.248159
    endloop
  endfacet
  facet normal 0.577164 0.195407 -0.792905
    outer loop
      vertex 50.5366 1.64379 0.16853
      vertex 50.5133 1.71261 0.16853
      vertex 50.6369 1.67065 0.248159
    endloop
  endfacet
  facet normal 0.906384 0.179814 -0.382275
    outer loop
      vertex 50.9388 1.6236 0.67856
      vertex 50.8663 1.73213 0.557711
      vertex 50.9147 1.74508 0.67856
    endloop
  endfacet
  facet normal 0.820449 0.278431 -0.49934
    outer loop
      vertex 50.8663 1.73213 0.557711
      vertex 50.8031 1.7152 0.444429
      vertex 50.8286 1.84322 0.557711
    endloop
  endfacet
  facet normal 0.720289 0.481839 -0.499014
    outer loop
      vertex 50.7201 1.91573 0.444429
      vertex 50.6596 2.00617 0.444429
      vertex 50.7767 1.94844 0.557711
    endloop
  endfacet
  facet normal 0.659856 0.441412 -0.608066
    outer loop
      vertex 50.7201 1.91573 0.444429
      vertex 50.6511 1.87592 0.340653
      vertex 50.6596 2.00617 0.444429
    endloop
  endfacet
  facet normal 0.694599 0.60935 -0.382394
    outer loop
      vertex 50.7115 2.04598 0.557711
      vertex 50.6696 2.16958 0.67856
      vertex 50.7513 2.07645 0.67856
    endloop
  endfacet
  facet normal 0.824407 0.550719 -0.130618
    outer loop
      vertex 50.8642 1.99893 0.934596
      vertex 50.7781 2.09706 0.804909
      vertex 50.7917 2.10746 0.934596
    endloop
  endfacet
  facet normal -0.69501 -0.609119 -0.382015
    outer loop
      vertex 37.3304 -2.16958 0.67856
      vertex 37.2885 -2.04598 0.557711
      vertex 37.3658 -2.13418 0.557711
    endloop
  endfacet
  facet normal -0.609384 -0.694773 -0.382023
    outer loop
      vertex 37.454 -2.21154 0.557711
      vertex 37.3304 -2.16958 0.67856
      vertex 37.3658 -2.13418 0.557711
    endloop
  endfacet
  facet normal -0.824407 -0.550719 -0.130618
    outer loop
      vertex 37.2083 -2.10746 0.934596
      vertex 37.1358 -1.99893 0.934596
      vertex 37.2219 -2.09706 0.804909
    endloop
  endfacet
  facet normal -0.803198 -0.536871 -0.258154
    outer loop
      vertex 37.2219 -2.09706 0.804909
      vertex 37.1506 -1.99039 0.804909
      vertex 37.1799 -1.97347 0.67856
    endloop
  endfacet
  facet normal -0.363155 0.123119 -0.923558
    outer loop
      vertex 37.6895 1.58319 0.0530691
      vertex 37.5728 1.61447 0.103127
      vertex 37.703 1.62301 0.0530691
    endloop
  endfacet
  facet normal -0.254248 0.050566 -0.965816
    outer loop
      vertex 37.8116 1.55049 0.0192146
      vertex 37.6813 1.54196 0.0530691
      vertex 37.6895 1.58319 0.0530691
    endloop
  endfacet
  facet normal -0.108653 0.0727086 -0.991417
    outer loop
      vertex 37.9434 1.5327 0.002141
      vertex 37.831 1.59754 0.0192146
      vertex 37.8452 1.61876 0.0192146
    endloop
  endfacet
  facet normal -0.215567 0.144253 -0.965775
    outer loop
      vertex 37.831 1.59754 0.0192146
      vertex 37.745 1.69568 0.0530691
      vertex 37.8452 1.61876 0.0192146
    endloop
  endfacet
  facet normal -0.0506632 0.254333 -0.965789
    outer loop
      vertex 37.9745 1.69342 0.0192146
      vertex 37.9495 1.68844 0.0192146
      vertex 37.958 1.81869 0.0530691
    endloop
  endfacet
  facet normal 0.123928 -0.0420442 -0.9914
    outer loop
      vertex 50.1802 -1.57466 0.0192146
      vertex 50.0632 -1.51693 0.002141
      vertex 50.1884 -1.55049 0.0192146
    endloop
  endfacet
  facet normal 0.0419742 -0.123875 -0.99141
    outer loop
      vertex 50.0505 -1.68844 0.0192146
      vertex 50.0169 -1.56318 0.002141
      vertex 50.0747 -1.68024 0.0192146
    endloop
  endfacet
  facet normal 0 0.258813 -0.965928
    outer loop
      vertex 38 1.69509 0.0192146
      vertex 50 1.82144 0.0530691
      vertex 50 1.69509 0.0192146
    endloop
  endfacet
  facet normal 0 0.258813 -0.965928
    outer loop
      vertex 50 1.82144 0.0530691
      vertex 38 1.69509 0.0192146
      vertex 38 1.82144 0.0530691
    endloop
  endfacet
  facet normal -0.123928 0.0420442 -0.9914
    outer loop
      vertex 37.9368 1.51693 0.002141
      vertex 37.8116 1.55049 0.0192146
      vertex 37.8198 1.57466 0.0192146
    endloop
  endfacet
  facet normal -0.13042 0.009163 -0.991416
    outer loop
      vertex 37.9346 1.5 0.002141
      vertex 37.8066 1.52546 0.0192146
      vertex 37.9352 1.50854 0.002141
    endloop
  endfacet
  facet normal -0.130513 0 -0.991447
    outer loop
      vertex 37.8049 -1.5 0.0192146
      vertex 37.9346 1.5 0.002141
      vertex 37.9346 -1.5 0.002141
    endloop
  endfacet
  facet normal -0.130513 0 -0.991447
    outer loop
      vertex 37.9346 1.5 0.002141
      vertex 37.8049 -1.5 0.0192146
      vertex 37.8049 1.5 0.0192146
    endloop
  endfacet
  facet normal -0.448999 -0.221557 -0.865628
    outer loop
      vertex 37.617 -1.72114 0.103127
      vertex 37.4867 -1.71261 0.16853
      vertex 37.5914 -1.66926 0.103127
    endloop
  endfacet
  facet normal -0.474099 -0.160946 -0.865636
    outer loop
      vertex 37.5914 -1.66926 0.103127
      vertex 37.4867 -1.71261 0.16853
      vertex 37.5728 -1.61447 0.103127
    endloop
  endfacet
  facet normal -0.0864702 -0.0981223 -0.991411
    outer loop
      vertex 37.9602 -1.55189 0.002141
      vertex 37.8812 -1.65478 0.0192146
      vertex 37.9538 -1.54625 0.002141
    endloop
  endfacet
  facet normal -0.254248 -0.050566 -0.965816
    outer loop
      vertex 37.6895 -1.58319 0.0530691
      vertex 37.6813 -1.54196 0.0530691
      vertex 37.8116 -1.55049 0.0192146
    endloop
  endfacet
  facet normal -0.24547 -0.0832789 -0.965821
    outer loop
      vertex 37.8198 -1.57466 0.0192146
      vertex 37.703 -1.62301 0.0530691
      vertex 37.8116 -1.55049 0.0192146
    endloop
  endfacet
  facet normal -0.108634 -0.0727303 -0.991418
    outer loop
      vertex 37.8452 -1.61876 0.0192146
      vertex 37.831 -1.59755 0.0192146
      vertex 37.9434 -1.5327 0.002141
    endloop
  endfacet
  facet normal -0.0832389 -0.245656 -0.965777
    outer loop
      vertex 37.9495 -1.68844 0.0192146
      vertex 37.877 -1.79697 0.0530691
      vertex 37.9253 -1.68024 0.0192146
    endloop
  endfacet
  facet normal -0.115111 -0.232466 -0.965769
    outer loop
      vertex 37.9253 -1.68024 0.0192146
      vertex 37.877 -1.79697 0.0530691
      vertex 37.9025 -1.66895 0.0192146
    endloop
  endfacet
  facet normal -0.0834113 -0.245545 -0.96579
    outer loop
      vertex 37.9168 -1.81049 0.0530691
      vertex 37.877 -1.79697 0.0530691
      vertex 37.9495 -1.68844 0.0192146
    endloop
  endfacet
  facet normal -0.143668 -0.215959 -0.965775
    outer loop
      vertex 37.9025 -1.66895 0.0192146
      vertex 37.8043 -1.75502 0.0530691
      vertex 37.8812 -1.65478 0.0192146
    endloop
  endfacet
  facet normal -0.170955 -0.195029 -0.965784
    outer loop
      vertex 37.8812 -1.65478 0.0192146
      vertex 37.8043 -1.75502 0.0530691
      vertex 37.862 -1.63795 0.0192146
    endloop
  endfacet
  facet normal -0.0727171 0.108693 -0.991412
    outer loop
      vertex 37.9602 1.55189 0.002141
      vertex 37.8812 1.65477 0.0192146
      vertex 37.9673 1.55664 0.002141
    endloop
  endfacet
  facet normal 0.117231 0.0580807 -0.991405
    outer loop
      vertex 50.0604 1.52503 0.002141
      vertex 50.0566 1.5327 0.002141
      vertex 50.1802 1.57466 0.0192146
    endloop
  endfacet
  facet normal -0.793095 0 -0.609097
    outer loop
      vertex 37.2482 -1.5 0.340653
      vertex 37.1685 1.5 0.444429
      vertex 37.2482 1.5 0.340653
    endloop
  endfacet
  facet normal -0.793095 -0 -0.609097
    outer loop
      vertex 37.1685 1.5 0.444429
      vertex 37.2482 -1.5 0.340653
      vertex 37.1685 -1.5 0.444429
    endloop
  endfacet
  facet normal -0.79203 -0.0518144 -0.608279
    outer loop
      vertex 37.1756 -1.60853 0.444429
      vertex 37.1685 -1.5 0.444429
      vertex 37.2482 -1.5 0.340653
    endloop
  endfacet
  facet normal -0.69426 -0.13819 -0.706333
    outer loop
      vertex 37.2738 -1.69459 0.340653
      vertex 37.2546 -1.59813 0.340653
      vertex 37.3463 -1.58606 0.248159
    endloop
  endfacet
  facet normal -0.778523 -0.154962 -0.608184
    outer loop
      vertex 37.2738 -1.69459 0.340653
      vertex 37.1756 -1.60853 0.444429
      vertex 37.2546 -1.59813 0.340653
    endloop
  endfacet
  facet normal 0.255193 -0.751855 -0.60794
    outer loop
      vertex 50.2152 -2.30314 0.444429
      vertex 50.1946 -2.22622 0.340653
      vertex 50.3182 -2.26818 0.444429
    endloop
  endfacet
  facet normal 0.255255 -0.751794 -0.60799
    outer loop
      vertex 50.3182 -2.26818 0.444429
      vertex 50.1946 -2.22622 0.340653
      vertex 50.2877 -2.19461 0.340653
    endloop
  endfacet
  facet normal 0.161021 -0.47424 -0.865545
    outer loop
      vertex 50.1438 -2.03664 0.16853
      vertex 50.1145 -1.92722 0.103127
      vertex 50.2126 -2.01328 0.16853
    endloop
  endfacet
  facet normal 0.195969 -0.577168 -0.792763
    outer loop
      vertex 50.1707 -2.13688 0.248159
      vertex 50.1438 -2.03664 0.16853
      vertex 50.2126 -2.01328 0.16853
    endloop
  endfacet
  facet normal 0.0976376 -0.491215 -0.865549
    outer loop
      vertex 50.1438 -2.03664 0.16853
      vertex 50.0577 -1.93851 0.103127
      vertex 50.1145 -1.92722 0.103127
    endloop
  endfacet
  facet normal 0.196072 -0.577181 -0.792728
    outer loop
      vertex 50.2523 -2.10916 0.248159
      vertex 50.1707 -2.13688 0.248159
      vertex 50.2126 -2.01328 0.16853
    endloop
  endfacet
  facet normal 0.221853 -0.44908 -0.86551
    outer loop
      vertex 50.2126 -2.01328 0.16853
      vertex 50.1693 -1.90862 0.103127
      vertex 50.2211 -1.88303 0.103127
    endloop
  endfacet
  facet normal 0.269518 -0.546751 -0.792732
    outer loop
      vertex 50.3297 -2.07101 0.248159
      vertex 50.2126 -2.01328 0.16853
      vertex 50.2778 -1.98114 0.16853
    endloop
  endfacet
  facet normal -0.18845 -0.947523 -0.258238
    outer loop
      vertex 37.872 -2.47239 0.804909
      vertex 37.7462 -2.44737 0.804909
      vertex 37.8764 -2.43883 0.67856
    endloop
  endfacet
  facet normal -0.0631754 -0.964009 -0.258254
    outer loop
      vertex 38 -2.44693 0.67856
      vertex 37.872 -2.47239 0.804909
      vertex 37.8764 -2.43883 0.67856
    endloop
  endfacet
  facet normal 0 -0.965916 -0.258854
    outer loop
      vertex 38 -2.44693 0.67856
      vertex 50 -2.48079 0.804909
      vertex 38 -2.48079 0.804909
    endloop
  endfacet
  facet normal 0 -0.965916 -0.258854
    outer loop
      vertex 50 -2.48079 0.804909
      vertex 38 -2.44693 0.67856
      vertex 50 -2.44693 0.67856
    endloop
  endfacet
  facet normal 0.0649262 -0.989352 -0.130256
    outer loop
      vertex 50.1302 -2.48932 0.934596
      vertex 50 -2.48079 0.804909
      vertex 50.128 -2.47239 0.804909
    endloop
  endfacet
  facet normal 0 -0.991448 -0.130499
    outer loop
      vertex 38 -2.48079 0.804909
      vertex 50 -2.49786 0.934596
      vertex 38 -2.49786 0.934596
    endloop
  endfacet
  facet normal 0 -0.991448 -0.130499
    outer loop
      vertex 50 -2.49786 0.934596
      vertex 38 -2.48079 0.804909
      vertex 50 -2.48079 0.804909
    endloop
  endfacet
  facet normal 0.180414 -0.906405 -0.381944
    outer loop
      vertex 50.1236 -2.43883 0.67856
      vertex 50.1171 -2.3892 0.557711
      vertex 50.2321 -2.36631 0.557711
    endloop
  endfacet
  facet normal 0.0604035 -0.922197 -0.381975
    outer loop
      vertex 50.1236 -2.43883 0.67856
      vertex 50 -2.39687 0.557711
      vertex 50.1171 -2.3892 0.557711
    endloop
  endfacet
  facet normal 0.637212 -0.726176 -0.258126
    outer loop
      vertex 50.6935 -2.19352 0.804909
      vertex 50.5971 -2.27811 0.804909
      vertex 50.6696 -2.16958 0.67856
    endloop
  endfacet
  facet normal 0.65394 -0.74524 -0.130306
    outer loop
      vertex 50.6075 -2.29166 0.934596
      vertex 50.5971 -2.27811 0.804909
      vertex 50.6935 -2.19352 0.804909
    endloop
  endfacet
  facet normal -0.221383 -0.449104 -0.865618
    outer loop
      vertex 37.7874 -2.01328 0.16853
      vertex 37.7222 -1.98114 0.16853
      vertex 37.7789 -1.88303 0.103127
    endloop
  endfacet
  facet normal -0.212904 -0.318992 -0.923535
    outer loop
      vertex 37.8393 -1.77838 0.0530691
      vertex 37.7308 -1.85089 0.103127
      vertex 37.8043 -1.75502 0.0530691
    endloop
  endfacet
  facet normal -0.376236 -0.330515 -0.865567
    outer loop
      vertex 37.6072 -1.89285 0.16853
      vertex 37.5592 -1.83821 0.16853
      vertex 37.6873 -1.81275 0.103127
    endloop
  endfacet
  facet normal -0.376266 -0.330422 -0.86559
    outer loop
      vertex 37.6873 -1.81275 0.103127
      vertex 37.5592 -1.83821 0.16853
      vertex 37.6491 -1.76925 0.103127
    endloop
  endfacet
  facet normal -0.169579 -0.343901 -0.923567
    outer loop
      vertex 37.877 -1.79697 0.0530691
      vertex 37.7789 -1.88303 0.103127
      vertex 37.8393 -1.77838 0.0530691
    endloop
  endfacet
  facet normal -0.169787 -0.343688 -0.923608
    outer loop
      vertex 37.8307 -1.90862 0.103127
      vertex 37.7789 -1.88303 0.103127
      vertex 37.877 -1.79697 0.0530691
    endloop
  endfacet
  facet normal 0.0834113 -0.245545 -0.96579
    outer loop
      vertex 50.0832 -1.81049 0.0530691
      vertex 50.0505 -1.68844 0.0192146
      vertex 50.123 -1.79697 0.0530691
    endloop
  endfacet
  facet normal 0.169579 -0.343901 -0.923567
    outer loop
      vertex 50.2211 -1.88303 0.103127
      vertex 50.123 -1.79697 0.0530691
      vertex 50.1607 -1.77838 0.0530691
    endloop
  endfacet
  facet normal 0.114676 -0.23256 -0.965798
    outer loop
      vertex 50.123 -1.79697 0.0530691
      vertex 50.0975 -1.66895 0.0192146
      vertex 50.1607 -1.77838 0.0530691
    endloop
  endfacet
  facet normal 0.416539 -0.277924 -0.865594
    outer loop
      vertex 50.4408 -1.83821 0.16853
      vertex 50.3509 -1.76925 0.103127
      vertex 50.383 -1.72114 0.103127
    endloop
  endfacet
  facet normal 0.41661 -0.277878 -0.865575
    outer loop
      vertex 50.4408 -1.83821 0.16853
      vertex 50.383 -1.72114 0.103127
      vertex 50.4811 -1.77779 0.16853
    endloop
  endfacet
  facet normal 0.597692 -0.118705 -0.792889
    outer loop
      vertex 50.6369 -1.67065 0.248159
      vertex 50.5366 -1.64379 0.16853
      vertex 50.6537 -1.58606 0.248159
    endloop
  endfacet
  facet normal 0.670508 -0.227511 -0.706157
    outer loop
      vertex 50.6946 -1.78772 0.340653
      vertex 50.6092 -1.75232 0.248159
      vertex 50.7262 -1.69459 0.340653
    endloop
  endfacet
  facet normal -0.109143 -0.0721477 -0.991404
    outer loop
      vertex 37.9481 -1.53981 0.002141
      vertex 37.8452 -1.61876 0.0192146
      vertex 37.9434 -1.5327 0.002141
    endloop
  endfacet
  facet normal 0.0834113 0.245545 -0.96579
    outer loop
      vertex 50.123 1.79697 0.0530691
      vertex 50.0505 1.68844 0.0192146
      vertex 50.0832 1.81049 0.0530691
    endloop
  endfacet
  facet normal 0.171487 -0.194617 -0.965772
    outer loop
      vertex 50.1957 -1.75502 0.0530691
      vertex 50.1188 -1.65478 0.0192146
      vertex 50.1379 -1.63795 0.0192146
    endloop
  endfacet
  facet normal 0.143668 -0.215959 -0.965775
    outer loop
      vertex 50.1957 -1.75502 0.0530691
      vertex 50.0975 -1.66895 0.0192146
      vertex 50.1188 -1.65478 0.0192146
    endloop
  endfacet
  facet normal -0.0419712 0.123866 -0.991411
    outer loop
      vertex 37.9831 1.56317 0.002141
      vertex 37.9253 1.68024 0.0192146
      vertex 37.9495 1.68844 0.0192146
    endloop
  endfacet
  facet normal 0.171426 0.194664 -0.965774
    outer loop
      vertex 50.1379 1.63795 0.0192146
      vertex 50.1188 1.65477 0.0192146
      vertex 50.1957 1.75501 0.0530691
    endloop
  endfacet
  facet normal 0.194986 -0.170867 -0.965808
    outer loop
      vertex 50.2273 -1.72729 0.0530691
      vertex 50.1379 -1.63795 0.0192146
      vertex 50.255 -1.69568 0.0530691
    endloop
  endfacet
  facet normal 0.288421 -0.252745 -0.923544
    outer loop
      vertex 50.3127 -1.81275 0.103127
      vertex 50.2273 -1.72729 0.0530691
      vertex 50.255 -1.69568 0.0530691
    endloop
  endfacet
  facet normal 0.232615 -0.114735 -0.965777
    outer loop
      vertex 50.2784 -1.66072 0.0530691
      vertex 50.169 -1.59755 0.0192146
      vertex 50.297 -1.62301 0.0530691
    endloop
  endfacet
  facet normal 0.215555 -0.144279 -0.965774
    outer loop
      vertex 50.255 -1.69568 0.0530691
      vertex 50.169 -1.59755 0.0192146
      vertex 50.2784 -1.66072 0.0530691
    endloop
  endfacet
  facet normal 0.499755 -0.0328957 -0.865542
    outer loop
      vertex 50.5508 -1.57252 0.16853
      vertex 50.4385 -1.55773 0.103127
      vertex 50.4423 -1.5 0.103127
    endloop
  endfacet
  facet normal 0.499665 -0.0330721 -0.865587
    outer loop
      vertex 50.5508 -1.57252 0.16853
      vertex 50.4423 -1.5 0.103127
      vertex 50.5556 -1.5 0.16853
    endloop
  endfacet
  facet normal 0.778658 -0.155483 -0.607879
    outer loop
      vertex 50.8031 -1.7152 0.444429
      vertex 50.7262 -1.69459 0.340653
      vertex 50.8244 -1.60853 0.444429
    endloop
  endfacet
  facet normal 0.712031 -0.351088 -0.60807
    outer loop
      vertex 50.7201 -1.91574 0.444429
      vertex 50.6946 -1.78772 0.340653
      vertex 50.7682 -1.81819 0.444429
    endloop
  endfacet
  facet normal 0.252827 0.288358 -0.923541
    outer loop
      vertex 50.3127 1.81275 0.103127
      vertex 50.1957 1.75501 0.0530691
      vertex 50.2692 1.85089 0.103127
    endloop
  endfacet
  facet normal 0.170969 0.194899 -0.965807
    outer loop
      vertex 50.2273 1.72729 0.0530691
      vertex 50.1379 1.63795 0.0192146
      vertex 50.1957 1.75501 0.0530691
    endloop
  endfacet
  facet normal 0.416539 0.277924 -0.865594
    outer loop
      vertex 50.383 1.72114 0.103127
      vertex 50.3509 1.76925 0.103127
      vertex 50.4408 1.83821 0.16853
    endloop
  endfacet
  facet normal 0.343968 0.169658 -0.923527
    outer loop
      vertex 50.297 1.62301 0.0530691
      vertex 50.2784 1.66072 0.0530691
      vertex 50.383 1.72114 0.103127
    endloop
  endfacet
  facet normal -0.161021 0.47424 -0.865545
    outer loop
      vertex 37.8855 1.92722 0.103127
      vertex 37.7874 2.01328 0.16853
      vertex 37.8562 2.03664 0.16853
    endloop
  endfacet
  facet normal -0.195969 0.577168 -0.792763
    outer loop
      vertex 37.8562 2.03664 0.16853
      vertex 37.7874 2.01328 0.16853
      vertex 37.8293 2.13688 0.248159
    endloop
  endfacet
  facet normal -0.313109 0.634856 -0.706343
    outer loop
      vertex 37.7477 2.10916 0.248159
      vertex 37.6241 2.15111 0.340653
      vertex 37.7123 2.19461 0.340653
    endloop
  endfacet
  facet normal -0.351317 0.71198 -0.607997
    outer loop
      vertex 37.7123 2.19461 0.340653
      vertex 37.5843 2.22007 0.444429
      vertex 37.6818 2.26818 0.444429
    endloop
  endfacet
  facet normal -0.221853 0.44908 -0.86551
    outer loop
      vertex 37.8307 1.90862 0.103127
      vertex 37.7789 1.88303 0.103127
      vertex 37.7874 2.01328 0.16853
    endloop
  endfacet
  facet normal -0.160978 0.474279 -0.865532
    outer loop
      vertex 37.8307 1.90862 0.103127
      vertex 37.7874 2.01328 0.16853
      vertex 37.8855 1.92722 0.103127
    endloop
  endfacet
  facet normal -0.318543 0.213213 -0.923618
    outer loop
      vertex 37.7216 1.66072 0.0530691
      vertex 37.6491 1.76925 0.103127
      vertex 37.745 1.69568 0.0530691
    endloop
  endfacet
  facet normal -0.288049 0.252953 -0.923603
    outer loop
      vertex 37.745 1.69568 0.0530691
      vertex 37.6491 1.76925 0.103127
      vertex 37.6873 1.81275 0.103127
    endloop
  endfacet
  facet normal -0.458284 0.402103 -0.792647
    outer loop
      vertex 37.5592 1.83821 0.16853
      vertex 37.4769 1.90138 0.248159
      vertex 37.5338 1.96623 0.248159
    endloop
  endfacet
  facet normal -0.143947 0.215674 -0.965797
    outer loop
      vertex 37.9025 1.66895 0.0192146
      vertex 37.8043 1.75501 0.0530691
      vertex 37.8393 1.77837 0.0530691
    endloop
  endfacet
  facet normal -0.0724912 0.10889 -0.991407
    outer loop
      vertex 37.9673 1.55664 0.002141
      vertex 37.8812 1.65477 0.0192146
      vertex 37.9025 1.66895 0.0192146
    endloop
  endfacet
  facet normal -0.171052 0.194995 -0.965773
    outer loop
      vertex 37.862 1.63795 0.0192146
      vertex 37.7727 1.72729 0.0530691
      vertex 37.8043 1.75501 0.0530691
    endloop
  endfacet
  facet normal -0.330107 0.376499 -0.865608
    outer loop
      vertex 37.6873 1.81275 0.103127
      vertex 37.6618 1.94076 0.16853
      vertex 37.7308 1.85089 0.103127
    endloop
  endfacet
  facet normal -0.33031 0.376434 -0.865559
    outer loop
      vertex 37.6873 1.81275 0.103127
      vertex 37.6072 1.89285 0.16853
      vertex 37.6618 1.94076 0.16853
    endloop
  endfacet
  facet normal -0.506985 0.33865 -0.792643
    outer loop
      vertex 37.5592 1.83821 0.16853
      vertex 37.429 1.82967 0.248159
      vertex 37.4769 1.90138 0.248159
    endloop
  endfacet
  facet normal -0.532095 0.466865 -0.706337
    outer loop
      vertex 37.4769 1.90138 0.248159
      vertex 37.4684 2.03163 0.340653
      vertex 37.5338 1.96623 0.248159
    endloop
  endfacet
  facet normal -0.31902 0.212857 -0.923536
    outer loop
      vertex 37.7216 1.66072 0.0530691
      vertex 37.617 1.72114 0.103127
      vertex 37.6491 1.76925 0.103127
    endloop
  endfacet
  facet normal -0.343919 0.169706 -0.923536
    outer loop
      vertex 37.703 1.62301 0.0530691
      vertex 37.5914 1.66926 0.103127
      vertex 37.617 1.72114 0.103127
    endloop
  endfacet
  facet normal -0.608542 0.0402786 -0.792498
    outer loop
      vertex 37.4444 1.5 0.16853
      vertex 37.3407 1.5 0.248159
      vertex 37.4492 1.57252 0.16853
    endloop
  endfacet
  facet normal -0.79203 0.0518144 -0.608279
    outer loop
      vertex 37.2482 1.5 0.340653
      vertex 37.1685 1.5 0.444429
      vertex 37.1756 1.60853 0.444429
    endloop
  endfacet
  facet normal -0.71198 0.351147 -0.608096
    outer loop
      vertex 37.3054 1.78772 0.340653
      vertex 37.2799 1.91573 0.444429
      vertex 37.3489 1.87592 0.340653
    endloop
  endfacet
  facet normal -0.577164 0.195407 -0.792905
    outer loop
      vertex 37.4634 1.64379 0.16853
      vertex 37.3631 1.67065 0.248159
      vertex 37.4867 1.71261 0.16853
    endloop
  endfacet
  facet normal -0.864763 0.0568826 -0.498948
    outer loop
      vertex 37.1756 1.60853 0.444429
      vertex 37.1031 1.5 0.557711
      vertex 37.1108 1.61706 0.557711
    endloop
  endfacet
  facet normal -0.792116 0.0516615 -0.60818
    outer loop
      vertex 37.2482 1.5 0.340653
      vertex 37.1756 1.60853 0.444429
      vertex 37.2546 1.59813 0.340653
    endloop
  endfacet
  facet normal -0.63501 0.313185 -0.706171
    outer loop
      vertex 37.3908 1.75232 0.248159
      vertex 37.3054 1.78772 0.340653
      vertex 37.3489 1.87592 0.340653
    endloop
  endfacet
  facet normal -0.828719 0.408767 -0.382275
    outer loop
      vertex 37.1714 1.84322 0.557711
      vertex 37.1251 1.86237 0.67856
      vertex 37.2233 1.94844 0.557711
    endloop
  endfacet
  facet normal -0.828715 0.4088 -0.382249
    outer loop
      vertex 37.2233 1.94844 0.557711
      vertex 37.1251 1.86237 0.67856
      vertex 37.1799 1.97346 0.67856
    endloop
  endfacet
  facet normal -0.824407 0.550719 -0.130618
    outer loop
      vertex 37.2219 2.09706 0.804909
      vertex 37.1358 1.99893 0.934596
      vertex 37.2083 2.10746 0.934596
    endloop
  endfacet
  facet normal -0.745375 0.653729 -0.13059
    outer loop
      vertex 37.2219 2.09706 0.804909
      vertex 37.2083 2.10746 0.934596
      vertex 37.3065 2.19352 0.804909
    endloop
  endfacet
  facet normal -0.65947 0.751731 0
    outer loop
      vertex 37.3925 2.29165 0.934596
      vertex 37.2944 2.20559 2.5
      vertex 37.3925 2.29165 2.5
    endloop
  endfacet
  facet normal -0.65947 0.751731 0
    outer loop
      vertex 37.2944 2.20559 2.5
      vertex 37.3925 2.29165 0.934596
      vertex 37.2944 2.20559 0.934596
    endloop
  endfacet
  facet normal -0.653841 0.745315 -0.130371
    outer loop
      vertex 37.3065 2.19352 0.804909
      vertex 37.2944 2.20559 0.934596
      vertex 37.3925 2.29165 0.934596
    endloop
  endfacet
  facet normal -0.536709 0.803269 -0.258269
    outer loop
      vertex 37.4235 2.25125 0.67856
      vertex 37.4029 2.27811 0.804909
      vertex 37.5265 2.32007 0.67856
    endloop
  endfacet
  facet normal -0.637082 0.726243 -0.258259
    outer loop
      vertex 37.4235 2.25125 0.67856
      vertex 37.3304 2.16958 0.67856
      vertex 37.4029 2.27811 0.804909
    endloop
  endfacet
  facet normal -0.651558 0.571036 -0.49939
    outer loop
      vertex 37.4121 2.08794 0.444429
      vertex 37.2885 2.04598 0.557711
      vertex 37.3658 2.13418 0.557711
    endloop
  endfacet
  facet normal -0.726341 0.637036 -0.258096
    outer loop
      vertex 37.3304 2.16958 0.67856
      vertex 37.2219 2.09706 0.804909
      vertex 37.3065 2.19352 0.804909
    endloop
  endfacet
  facet normal -0.596996 0.523475 -0.607922
    outer loop
      vertex 37.4684 2.03163 0.340653
      vertex 37.3404 2.00617 0.444429
      vertex 37.4121 2.08794 0.444429
    endloop
  endfacet
  facet normal -0.651487 0.571256 -0.499231
    outer loop
      vertex 37.3404 2.00617 0.444429
      vertex 37.2885 2.04598 0.557711
      vertex 37.4121 2.08794 0.444429
    endloop
  endfacet
  facet normal 0.194938 0.980816 -0
    outer loop
      vertex 50.2583 2.46386 0.934596
      vertex 50.1302 2.48932 2.5
      vertex 50.2583 2.46386 2.5
    endloop
  endfacet
  facet normal 0.194938 0.980816 0
    outer loop
      vertex 50.1302 2.48932 2.5
      vertex 50.2583 2.46386 0.934596
      vertex 50.1302 2.48932 0.934596
    endloop
  endfacet
  facet normal 0.523607 0.59677 -0.60803
    outer loop
      vertex 50.5316 2.03163 0.340653
      vertex 50.4577 2.09647 0.340653
      vertex 50.5062 2.15965 0.444429
    endloop
  endfacet
  facet normal 0.466871 0.532106 -0.706325
    outer loop
      vertex 50.5316 2.03163 0.340653
      vertex 50.4014 2.02309 0.248159
      vertex 50.4577 2.09647 0.340653
    endloop
  endfacet
  facet normal -0.180308 0.90639 -0.38203
    outer loop
      vertex 37.7679 2.36631 0.557711
      vertex 37.7549 2.41466 0.67856
      vertex 37.8764 2.43883 0.67856
    endloop
  endfacet
  facet normal -0.297 0.875109 -0.382068
    outer loop
      vertex 37.7679 2.36631 0.557711
      vertex 37.6376 2.37485 0.67856
      vertex 37.7549 2.41466 0.67856
    endloop
  endfacet
  facet normal -0.963906 -0.0632465 -0.25862
    outer loop
      vertex 37.0276 -1.62802 0.804909
      vertex 37.0192 -1.5 0.804909
      vertex 37.0531 -1.5 0.67856
    endloop
  endfacet
  facet normal -0.98938 -0.0649179 -0.130046
    outer loop
      vertex 37.0276 -1.62802 0.804909
      vertex 37.0107 -1.63025 0.934596
      vertex 37.0192 -1.5 0.804909
    endloop
  endfacet
  facet normal 0.866589 0.427043 -0.258181
    outer loop
      vertex 50.9061 1.87533 0.804909
      vertex 50.8201 1.97346 0.67856
      vertex 50.8494 1.99039 0.804909
    endloop
  endfacet
  facet normal 0.831531 0.555478 0
    outer loop
      vertex 50.8642 1.99893 2.5
      vertex 50.7917 2.10746 0.934596
      vertex 50.7917 2.10746 2.5
    endloop
  endfacet
  facet normal 0.831531 0.555478 0
    outer loop
      vertex 50.7917 2.10746 0.934596
      vertex 50.8642 1.99893 2.5
      vertex 50.8642 1.99893 0.934596
    endloop
  endfacet
  facet normal 0.109143 -0.0721477 -0.991404
    outer loop
      vertex 50.1548 -1.61876 0.0192146
      vertex 50.0519 -1.53981 0.002141
      vertex 50.0566 -1.5327 0.002141
    endloop
  endfacet
  facet normal 0.215567 0.144253 -0.965775
    outer loop
      vertex 50.169 1.59754 0.0192146
      vertex 50.1548 1.61876 0.0192146
      vertex 50.255 1.69568 0.0530691
    endloop
  endfacet
  facet normal 0.0255039 0.128283 -0.99141
    outer loop
      vertex 50.0169 1.56317 0.002141
      vertex 50.0085 1.56484 0.002141
      vertex 50.0505 1.68844 0.0192146
    endloop
  endfacet
  facet normal 0.0169472 0.258774 -0.965789
    outer loop
      vertex 50.0255 1.69342 0.0192146
      vertex 50 1.69509 0.0192146
      vertex 50.042 1.81869 0.0530691
    endloop
  endfacet
  facet normal 0.115111 0.232466 -0.965769
    outer loop
      vertex 50.0975 1.66895 0.0192146
      vertex 50.0747 1.68024 0.0192146
      vertex 50.123 1.79697 0.0530691
    endloop
  endfacet
  facet normal 0.0255508 0.128267 -0.99141
    outer loop
      vertex 50.0505 1.68844 0.0192146
      vertex 50.0085 1.56484 0.002141
      vertex 50.0255 1.69342 0.0192146
    endloop
  endfacet
  facet normal -0.0727125 -0.108686 -0.991413
    outer loop
      vertex 37.9673 -1.55664 0.002141
      vertex 37.8812 -1.65478 0.0192146
      vertex 37.9602 -1.55189 0.002141
    endloop
  endfacet
  facet normal -0.0979687 -0.0867114 -0.991405
    outer loop
      vertex 37.9538 -1.54625 0.002141
      vertex 37.8452 -1.61876 0.0192146
      vertex 37.9481 -1.53981 0.002141
    endloop
  endfacet
  facet normal 0.24547 0.0832789 -0.965821
    outer loop
      vertex 50.1884 1.55049 0.0192146
      vertex 50.1802 1.57466 0.0192146
      vertex 50.297 1.62301 0.0530691
    endloop
  endfacet
  facet normal 0.2455 0.0832309 -0.965817
    outer loop
      vertex 50.3105 1.58319 0.0530691
      vertex 50.1884 1.55049 0.0192146
      vertex 50.297 1.62301 0.0530691
    endloop
  endfacet
  facet normal 0.2455 -0.0832309 -0.965817
    outer loop
      vertex 50.297 -1.62301 0.0530691
      vertex 50.1884 -1.55049 0.0192146
      vertex 50.3105 -1.58319 0.0530691
    endloop
  endfacet
  facet normal 0.363155 -0.123119 -0.923558
    outer loop
      vertex 50.4272 -1.61447 0.103127
      vertex 50.297 -1.62301 0.0530691
      vertex 50.3105 -1.58319 0.0530691
    endloop
  endfacet
  facet normal 0.232608 0.114731 -0.96578
    outer loop
      vertex 50.297 1.62301 0.0530691
      vertex 50.169 1.59754 0.0192146
      vertex 50.2784 1.66072 0.0530691
    endloop
  endfacet
  facet normal 0.215546 0.144273 -0.965777
    outer loop
      vertex 50.2784 1.66072 0.0530691
      vertex 50.169 1.59754 0.0192146
      vertex 50.255 1.69568 0.0530691
    endloop
  endfacet
  facet normal -0.130479 -0.00870882 -0.991413
    outer loop
      vertex 37.8066 -1.52547 0.0192146
      vertex 37.8049 -1.5 0.0192146
      vertex 37.9352 -1.50854 0.002141
    endloop
  endfacet
  facet normal 0.363155 0.123119 -0.923558
    outer loop
      vertex 50.3105 1.58319 0.0530691
      vertex 50.297 1.62301 0.0530691
      vertex 50.4272 1.61447 0.103127
    endloop
  endfacet
  facet normal 0.376104 0.0748012 -0.923553
    outer loop
      vertex 50.3187 1.54196 0.0530691
      vertex 50.3105 1.58319 0.0530691
      vertex 50.4272 1.61447 0.103127
    endloop
  endfacet
  facet normal 0.474099 0.160946 -0.865636
    outer loop
      vertex 50.4272 1.61447 0.103127
      vertex 50.4086 1.66926 0.103127
      vertex 50.5133 1.71261 0.16853
    endloop
  endfacet
  facet normal 0.363157 0.123284 -0.923535
    outer loop
      vertex 50.4272 1.61447 0.103127
      vertex 50.297 1.62301 0.0530691
      vertex 50.4086 1.66926 0.103127
    endloop
  endfacet
  facet normal 0.608542 0.0402786 -0.792498
    outer loop
      vertex 50.5556 1.5 0.16853
      vertex 50.5508 1.57252 0.16853
      vertex 50.6593 1.5 0.248159
    endloop
  endfacet
  facet normal 0.499665 0.0330721 -0.865587
    outer loop
      vertex 50.5556 1.5 0.16853
      vertex 50.4423 1.5 0.103127
      vertex 50.5508 1.57252 0.16853
    endloop
  endfacet
  facet normal 0.963931 -0.0631702 -0.258548
    outer loop
      vertex 50.9724 -1.62802 0.804909
      vertex 50.9388 -1.6236 0.67856
      vertex 50.9469 -1.5 0.67856
    endloop
  endfacet
  facet normal 0.963906 -0.0632465 -0.25862
    outer loop
      vertex 50.9724 -1.62802 0.804909
      vertex 50.9469 -1.5 0.67856
      vertex 50.9808 -1.5 0.804909
    endloop
  endfacet
  facet normal 0.866663 -0.426739 -0.258434
    outer loop
      vertex 50.9061 -1.87533 0.804909
      vertex 50.8201 -1.97347 0.67856
      vertex 50.8748 -1.86238 0.67856
    endloop
  endfacet
  facet normal 0.824285 -0.550966 -0.13035
    outer loop
      vertex 50.8642 -1.99893 0.934596
      vertex 50.7781 -2.09706 0.804909
      vertex 50.8494 -1.99039 0.804909
    endloop
  endfacet
  facet normal 0.596877 -0.523902 -0.607671
    outer loop
      vertex 50.6596 -2.00617 0.444429
      vertex 50.5316 -2.03163 0.340653
      vertex 50.5965 -1.95769 0.340653
    endloop
  endfacet
  facet normal 0.947479 -0.188246 -0.258548
    outer loop
      vertex 50.9474 -1.75385 0.804909
      vertex 50.9388 -1.6236 0.67856
      vertex 50.9724 -1.62802 0.804909
    endloop
  endfacet
  facet normal 0.393212 -0.588666 -0.706298
    outer loop
      vertex 50.4577 -2.09647 0.340653
      vertex 50.3759 -2.15111 0.340653
      vertex 50.4014 -2.0231 0.248159
    endloop
  endfacet
  facet normal 0.507048 -0.3382 -0.792794
    outer loop
      vertex 50.571 -1.82967 0.248159
      vertex 50.4408 -1.83821 0.16853
      vertex 50.4811 -1.77779 0.16853
    endloop
  endfacet
  facet normal 0.659818 -0.441435 -0.608092
    outer loop
      vertex 50.6596 -2.00617 0.444429
      vertex 50.6511 -1.87592 0.340653
      vertex 50.7201 -1.91574 0.444429
    endloop
  endfacet
  facet normal 0.778523 -0.154962 -0.608184
    outer loop
      vertex 50.8244 -1.60853 0.444429
      vertex 50.7262 -1.69459 0.340653
      vertex 50.7454 -1.59813 0.340653
    endloop
  endfacet
  facet normal 0.506985 -0.33865 -0.792643
    outer loop
      vertex 50.5231 -1.90138 0.248159
      vertex 50.4408 -1.83821 0.16853
      vertex 50.571 -1.82967 0.248159
    endloop
  endfacet
  facet normal 0.402016 -0.458153 -0.792767
    outer loop
      vertex 50.4662 -1.96623 0.248159
      vertex 50.3382 -1.94076 0.16853
      vertex 50.3928 -1.89285 0.16853
    endloop
  endfacet
  facet normal 0.588622 -0.393181 -0.706351
    outer loop
      vertex 50.6511 -1.87592 0.340653
      vertex 50.5231 -1.90138 0.248159
      vertex 50.571 -1.82967 0.248159
    endloop
  endfacet
  facet normal 0.523762 -0.596727 -0.607939
    outer loop
      vertex 50.5879 -2.08794 0.444429
      vertex 50.5062 -2.15965 0.444429
      vertex 50.5316 -2.03163 0.340653
    endloop
  endfacet
  facet normal 0.278516 0.820554 -0.49912
    outer loop
      vertex 50.3432 2.3286 0.557711
      vertex 50.2152 2.30314 0.444429
      vertex 50.2321 2.36631 0.557711
    endloop
  endfacet
  facet normal 0.297026 0.875088 -0.382094
    outer loop
      vertex 50.3432 2.3286 0.557711
      vertex 50.2321 2.36631 0.557711
      vertex 50.3624 2.37485 0.67856
    endloop
  endfacet
  facet normal 0.0631754 0.964009 -0.258254
    outer loop
      vertex 50.1236 2.43883 0.67856
      vertex 50 2.44693 0.67856
      vertex 50.128 2.47239 0.804909
    endloop
  endfacet
  facet normal 0.180414 0.906405 -0.381944
    outer loop
      vertex 50.2321 2.36631 0.557711
      vertex 50.1171 2.3892 0.557711
      vertex 50.1236 2.43883 0.67856
    endloop
  endfacet
  facet normal 0.972499 0.193217 -0.130052
    outer loop
      vertex 50.9724 1.62802 0.804909
      vertex 50.9474 1.75385 0.804909
      vertex 50.9893 1.63025 0.934596
    endloop
  endfacet
  facet normal 0.98938 0.0649179 -0.130046
    outer loop
      vertex 50.9808 1.5 0.804909
      vertex 50.9724 1.62802 0.804909
      vertex 50.9893 1.63025 0.934596
    endloop
  endfacet
  facet normal 0.946829 0.321738 0
    outer loop
      vertex 50.9639 1.75826 2.5
      vertex 50.9219 1.88186 0.934596
      vertex 50.9219 1.88186 2.5
    endloop
  endfacet
  facet normal 0.946829 0.321738 0
    outer loop
      vertex 50.9219 1.88186 0.934596
      vertex 50.9639 1.75826 2.5
      vertex 50.9639 1.75826 0.934596
    endloop
  endfacet
  facet normal 0.269518 0.546751 -0.792732
    outer loop
      vertex 50.2778 1.98114 0.16853
      vertex 50.2126 2.01328 0.16853
      vertex 50.3297 2.07101 0.248159
    endloop
  endfacet
  facet normal 0.338785 0.506751 -0.792735
    outer loop
      vertex 50.3382 1.94076 0.16853
      vertex 50.2778 1.98114 0.16853
      vertex 50.3297 2.07101 0.248159
    endloop
  endfacet
  facet normal 0.875267 0.297034 -0.381679
    outer loop
      vertex 50.8663 1.73213 0.557711
      vertex 50.8286 1.84322 0.557711
      vertex 50.8748 1.86237 0.67856
    endloop
  endfacet
  facet normal 0.828936 0.408875 -0.381689
    outer loop
      vertex 50.8286 1.84322 0.557711
      vertex 50.7767 1.94844 0.557711
      vertex 50.8748 1.86237 0.67856
    endloop
  endfacet
  facet normal 0.726341 0.637036 -0.258096
    outer loop
      vertex 50.7781 2.09706 0.804909
      vertex 50.6696 2.16958 0.67856
      vertex 50.6935 2.19352 0.804909
    endloop
  endfacet
  facet normal 0.745375 0.653729 -0.13059
    outer loop
      vertex 50.7781 2.09706 0.804909
      vertex 50.6935 2.19352 0.804909
      vertex 50.7917 2.10746 0.934596
    endloop
  endfacet
  facet normal -0.824285 -0.550966 -0.13035
    outer loop
      vertex 37.2219 -2.09706 0.804909
      vertex 37.1358 -1.99893 0.934596
      vertex 37.1506 -1.99039 0.804909
    endloop
  endfacet
  facet normal -0.889347 -0.438258 -0.130353
    outer loop
      vertex 37.1358 -1.99893 0.934596
      vertex 37.0939 -1.87533 0.804909
      vertex 37.1506 -1.99039 0.804909
    endloop
  endfacet
  facet normal -0.0861535 0.0983441 -0.991416
    outer loop
      vertex 37.9538 1.54625 0.002141
      vertex 37.862 1.63795 0.0192146
      vertex 37.8812 1.65477 0.0192146
    endloop
  endfacet
  facet normal 0.0253607 -0.128331 -0.991407
    outer loop
      vertex 50.0505 -1.68844 0.0192146
      vertex 50.0085 -1.56484 0.002141
      vertex 50.0169 -1.56318 0.002141
    endloop
  endfacet
  facet normal 0.128254 0.02562 -0.99141
    outer loop
      vertex 50.1934 1.52546 0.0192146
      vertex 50.0648 1.50854 0.002141
      vertex 50.1884 1.55049 0.0192146
    endloop
  endfacet
  facet normal 0.123594 -0.0427239 -0.991413
    outer loop
      vertex 50.1802 -1.57466 0.0192146
      vertex 50.0604 -1.52503 0.002141
      vertex 50.0632 -1.51693 0.002141
    endloop
  endfacet
  facet normal 0.109143 0.0721477 -0.991404
    outer loop
      vertex 50.0566 1.5327 0.002141
      vertex 50.0519 1.53981 0.002141
      vertex 50.1548 1.61876 0.0192146
    endloop
  endfacet
  facet normal -0.123594 0.0427239 -0.991413
    outer loop
      vertex 37.9368 1.51693 0.002141
      vertex 37.8198 1.57466 0.0192146
      vertex 37.9396 1.52503 0.002141
    endloop
  endfacet
  facet normal -0.254259 0.0507909 -0.965802
    outer loop
      vertex 37.8066 1.52546 0.0192146
      vertex 37.6813 1.54196 0.0530691
      vertex 37.8116 1.55049 0.0192146
    endloop
  endfacet
  facet normal -0.128254 0.02562 -0.99141
    outer loop
      vertex 37.9352 1.50854 0.002141
      vertex 37.8066 1.52546 0.0192146
      vertex 37.8116 1.55049 0.0192146
    endloop
  endfacet
  facet normal -0.00859885 0.130518 -0.991409
    outer loop
      vertex 38 1.5654 0.002141
      vertex 37.9915 1.56484 0.002141
      vertex 38 1.69509 0.0192146
    endloop
  endfacet
  facet normal -0.343919 -0.169706 -0.923536
    outer loop
      vertex 37.617 -1.72114 0.103127
      vertex 37.5914 -1.66926 0.103127
      vertex 37.703 -1.62301 0.0530691
    endloop
  endfacet
  facet normal -0.363157 -0.123284 -0.923535
    outer loop
      vertex 37.5914 -1.66926 0.103127
      vertex 37.5728 -1.61447 0.103127
      vertex 37.703 -1.62301 0.0530691
    endloop
  endfacet
  facet normal -0.0748354 -0.376002 -0.923592
    outer loop
      vertex 37.958 -1.81869 0.0530691
      vertex 37.8855 -1.92722 0.103127
      vertex 37.9168 -1.81049 0.0530691
    endloop
  endfacet
  facet normal -0.123312 -0.363004 -0.923592
    outer loop
      vertex 37.8855 -1.92722 0.103127
      vertex 37.877 -1.79697 0.0530691
      vertex 37.9168 -1.81049 0.0530691
    endloop
  endfacet
  facet normal -0.0506632 -0.254333 -0.965789
    outer loop
      vertex 37.958 -1.81869 0.0530691
      vertex 37.9495 -1.68844 0.0192146
      vertex 37.9745 -1.69342 0.0192146
    endloop
  endfacet
  facet normal -0.00854745 0.130515 -0.991409
    outer loop
      vertex 37.9915 1.56484 0.002141
      vertex 37.9745 1.69342 0.0192146
      vertex 38 1.69509 0.0192146
    endloop
  endfacet
  facet normal -0.0255508 0.128267 -0.99141
    outer loop
      vertex 37.9915 1.56484 0.002141
      vertex 37.9495 1.68844 0.0192146
      vertex 37.9745 1.69342 0.0192146
    endloop
  endfacet
  facet normal 0.0724543 -0.108912 -0.991407
    outer loop
      vertex 50.0975 -1.66895 0.0192146
      vertex 50.0327 -1.55664 0.002141
      vertex 50.1188 -1.65478 0.0192146
    endloop
  endfacet
  facet normal -0.0253607 -0.128331 -0.991407
    outer loop
      vertex 37.9915 -1.56484 0.002141
      vertex 37.9495 -1.68844 0.0192146
      vertex 37.9831 -1.56318 0.002141
    endloop
  endfacet
  facet normal 0.40873 -0.828805 -0.382128
    outer loop
      vertex 50.3624 -2.37485 0.67856
      vertex 50.3432 -2.3286 0.557711
      vertex 50.4484 -2.27672 0.557711
    endloop
  endfacet
  facet normal 0.297026 -0.875088 -0.382094
    outer loop
      vertex 50.3624 -2.37485 0.67856
      vertex 50.2321 -2.36631 0.557711
      vertex 50.3432 -2.3286 0.557711
    endloop
  endfacet
  facet normal 0.278516 -0.820554 -0.49912
    outer loop
      vertex 50.2321 -2.36631 0.557711
      vertex 50.2152 -2.30314 0.444429
      vertex 50.3432 -2.3286 0.557711
    endloop
  endfacet
  facet normal 0.16902 -0.849879 -0.499137
    outer loop
      vertex 50.2321 -2.36631 0.557711
      vertex 50.1085 -2.32436 0.444429
      vertex 50.2152 -2.30314 0.444429
    endloop
  endfacet
  facet normal 0.0327413 -0.499736 -0.865559
    outer loop
      vertex 50.0725 -2.05082 0.16853
      vertex 50 -2.05557 0.16853
      vertex 50 -1.94229 0.103127
    endloop
  endfacet
  facet normal 0.0327385 -0.499738 -0.865558
    outer loop
      vertex 50.0725 -2.05082 0.16853
      vertex 50 -1.94229 0.103127
      vertex 50.0577 -1.93851 0.103127
    endloop
  endfacet
  facet normal 0.221383 -0.449104 -0.865618
    outer loop
      vertex 50.2778 -1.98114 0.16853
      vertex 50.2126 -2.01328 0.16853
      vertex 50.2211 -1.88303 0.103127
    endloop
  endfacet
  facet normal 0.278271 -0.416235 -0.865629
    outer loop
      vertex 50.2778 -1.98114 0.16853
      vertex 50.2211 -1.88303 0.103127
      vertex 50.3382 -1.94076 0.16853
    endloop
  endfacet
  facet normal 0.0631754 -0.964009 -0.258254
    outer loop
      vertex 50.128 -2.47239 0.804909
      vertex 50 -2.44693 0.67856
      vertex 50.1236 -2.43883 0.67856
    endloop
  endfacet
  facet normal 0.18845 -0.947523 -0.258238
    outer loop
      vertex 50.128 -2.47239 0.804909
      vertex 50.1236 -2.43883 0.67856
      vertex 50.2538 -2.44737 0.804909
    endloop
  endfacet
  facet normal 0.193405 -0.972438 -0.130228
    outer loop
      vertex 50.1302 -2.48932 0.934596
      vertex 50.128 -2.47239 0.804909
      vertex 50.2538 -2.44737 0.804909
    endloop
  endfacet
  facet normal 0.550773 -0.82446 -0.13006
    outer loop
      vertex 50.4989 -2.36417 0.934596
      vertex 50.4904 -2.34939 0.804909
      vertex 50.5971 -2.27811 0.804909
    endloop
  endfacet
  facet normal 0.4384 -0.889316 -0.130086
    outer loop
      vertex 50.4989 -2.36417 0.934596
      vertex 50.3753 -2.40613 0.804909
      vertex 50.4904 -2.34939 0.804909
    endloop
  endfacet
  facet normal -0.288421 -0.252745 -0.923544
    outer loop
      vertex 37.7727 -1.72729 0.0530691
      vertex 37.6873 -1.81275 0.103127
      vertex 37.745 -1.69568 0.0530691
    endloop
  endfacet
  facet normal -0.195094 -0.170962 -0.965769
    outer loop
      vertex 37.7727 -1.72729 0.0530691
      vertex 37.745 -1.69568 0.0530691
      vertex 37.862 -1.63795 0.0192146
    endloop
  endfacet
  facet normal 0.0169472 -0.258774 -0.965789
    outer loop
      vertex 50.042 -1.81869 0.0530691
      vertex 50 -1.69509 0.0192146
      vertex 50.0255 -1.69342 0.0192146
    endloop
  endfacet
  facet normal 0.00854767 -0.130518 -0.991409
    outer loop
      vertex 50.0255 -1.69342 0.0192146
      vertex 50 -1.69509 0.0192146
      vertex 50 -1.5654 0.002141
    endloop
  endfacet
  facet normal 0.254248 -0.050566 -0.965816
    outer loop
      vertex 50.3105 -1.58319 0.0530691
      vertex 50.1884 -1.55049 0.0192146
      vertex 50.3187 -1.54196 0.0530691
    endloop
  endfacet
  facet normal 0.37605 -0.0748919 -0.923568
    outer loop
      vertex 50.4272 -1.61447 0.103127
      vertex 50.3187 -1.54196 0.0530691
      vertex 50.4385 -1.55773 0.103127
    endloop
  endfacet
  facet normal 0.0421756 -0.123776 -0.991413
    outer loop
      vertex 50.0747 -1.68024 0.0192146
      vertex 50.0169 -1.56318 0.002141
      vertex 50.025 -1.56042 0.002141
    endloop
  endfacet
  facet normal -0.0420416 0.123832 -0.991412
    outer loop
      vertex 37.975 1.56042 0.002141
      vertex 37.9253 1.68024 0.0192146
      vertex 37.9831 1.56317 0.002141
    endloop
  endfacet
  facet normal 0.0576185 -0.117371 -0.991415
    outer loop
      vertex 50.0747 -1.68024 0.0192146
      vertex 50.025 -1.56042 0.002141
      vertex 50.0327 -1.55664 0.002141
    endloop
  endfacet
  facet normal 0.0580467 -0.117224 -0.991408
    outer loop
      vertex 50.0747 -1.68024 0.0192146
      vertex 50.0327 -1.55664 0.002141
      vertex 50.0975 -1.66895 0.0192146
    endloop
  endfacet
  facet normal 0.0727125 -0.108686 -0.991413
    outer loop
      vertex 50.1188 -1.65478 0.0192146
      vertex 50.0327 -1.55664 0.002141
      vertex 50.0398 -1.55189 0.002141
    endloop
  endfacet
  facet normal 0.0864752 0.0981278 -0.99141
    outer loop
      vertex 50.0462 1.54625 0.002141
      vertex 50.0398 1.55189 0.002141
      vertex 50.1188 1.65477 0.0192146
    endloop
  endfacet
  facet normal 0.194685 -0.171452 -0.965765
    outer loop
      vertex 50.255 -1.69568 0.0530691
      vertex 50.1379 -1.63795 0.0192146
      vertex 50.1548 -1.61876 0.0192146
    endloop
  endfacet
  facet normal 0.0981516 -0.0864389 -0.99141
    outer loop
      vertex 50.1379 -1.63795 0.0192146
      vertex 50.0462 -1.54625 0.002141
      vertex 50.1548 -1.61876 0.0192146
    endloop
  endfacet
  facet normal 0.474399 -0.160615 -0.865534
    outer loop
      vertex 50.5133 -1.71261 0.16853
      vertex 50.4272 -1.61447 0.103127
      vertex 50.5366 -1.64379 0.16853
    endloop
  endfacet
  facet normal 0.491221 -0.0978286 -0.865524
    outer loop
      vertex 50.5366 -1.64379 0.16853
      vertex 50.4272 -1.61447 0.103127
      vertex 50.4385 -1.55773 0.103127
    endloop
  endfacet
  facet normal 0.252876 0.288271 -0.923555
    outer loop
      vertex 50.2273 1.72729 0.0530691
      vertex 50.1957 1.75501 0.0530691
      vertex 50.3127 1.81275 0.103127
    endloop
  endfacet
  facet normal 0.288421 0.252745 -0.923544
    outer loop
      vertex 50.255 1.69568 0.0530691
      vertex 50.2273 1.72729 0.0530691
      vertex 50.3127 1.81275 0.103127
    endloop
  endfacet
  facet normal 0.0724912 0.10889 -0.991407
    outer loop
      vertex 50.1188 1.65477 0.0192146
      vertex 50.0327 1.55664 0.002141
      vertex 50.0975 1.66895 0.0192146
    endloop
  endfacet
  facet normal -0.255255 0.751794 -0.60799
    outer loop
      vertex 37.7123 2.19461 0.340653
      vertex 37.6818 2.26818 0.444429
      vertex 37.8054 2.22622 0.340653
    endloop
  endfacet
  facet normal -0.393395 0.588615 -0.706239
    outer loop
      vertex 37.6703 2.07101 0.248159
      vertex 37.5986 2.02309 0.248159
      vertex 37.6241 2.15111 0.340653
    endloop
  endfacet
  facet normal -0.138068 0.694295 -0.706323
    outer loop
      vertex 37.9139 2.1537 0.248159
      vertex 37.8054 2.22622 0.340653
      vertex 37.9019 2.24541 0.340653
    endloop
  endfacet
  facet normal -0.138042 0.694315 -0.706308
    outer loop
      vertex 37.8293 2.13688 0.248159
      vertex 37.8054 2.22622 0.340653
      vertex 37.9139 2.1537 0.248159
    endloop
  endfacet
  facet normal -0.215546 0.144273 -0.965777
    outer loop
      vertex 37.831 1.59754 0.0192146
      vertex 37.7216 1.66072 0.0530691
      vertex 37.745 1.69568 0.0530691
    endloop
  endfacet
  facet normal -0.232608 0.114731 -0.96578
    outer loop
      vertex 37.831 1.59754 0.0192146
      vertex 37.703 1.62301 0.0530691
      vertex 37.7216 1.66072 0.0530691
    endloop
  endfacet
  facet normal -0.169639 0.343839 -0.923579
    outer loop
      vertex 37.8393 1.77837 0.0530691
      vertex 37.7789 1.88303 0.103127
      vertex 37.877 1.79697 0.0530691
    endloop
  endfacet
  facet normal -0.114732 0.232548 -0.965794
    outer loop
      vertex 37.9025 1.66895 0.0192146
      vertex 37.8393 1.77837 0.0530691
      vertex 37.877 1.79697 0.0530691
    endloop
  endfacet
  facet normal -0.170894 0.195076 -0.965785
    outer loop
      vertex 37.862 1.63795 0.0192146
      vertex 37.8043 1.75501 0.0530691
      vertex 37.8812 1.65477 0.0192146
    endloop
  endfacet
  facet normal -0.143736 0.215908 -0.965776
    outer loop
      vertex 37.8812 1.65477 0.0192146
      vertex 37.8043 1.75501 0.0530691
      vertex 37.9025 1.66895 0.0192146
    endloop
  endfacet
  facet normal -0.278271 0.416235 -0.865629
    outer loop
      vertex 37.7789 1.88303 0.103127
      vertex 37.6618 1.94076 0.16853
      vertex 37.7222 1.98114 0.16853
    endloop
  endfacet
  facet normal -0.402016 0.458153 -0.792767
    outer loop
      vertex 37.6072 1.89285 0.16853
      vertex 37.5338 1.96623 0.248159
      vertex 37.6618 1.94076 0.16853
    endloop
  endfacet
  facet normal -0.269518 0.546751 -0.792732
    outer loop
      vertex 37.7222 1.98114 0.16853
      vertex 37.6703 2.07101 0.248159
      vertex 37.7874 2.01328 0.16853
    endloop
  endfacet
  facet normal -0.440983 0.660184 -0.608022
    outer loop
      vertex 37.5423 2.09647 0.340653
      vertex 37.4938 2.15965 0.444429
      vertex 37.6241 2.15111 0.340653
    endloop
  endfacet
  facet normal -0.416645 0.277855 -0.865565
    outer loop
      vertex 37.617 1.72114 0.103127
      vertex 37.5189 1.77778 0.16853
      vertex 37.5592 1.83821 0.16853
    endloop
  endfacet
  facet normal -0.448985 0.22184 -0.865563
    outer loop
      vertex 37.617 1.72114 0.103127
      vertex 37.4867 1.71261 0.16853
      vertex 37.5189 1.77778 0.16853
    endloop
  endfacet
  facet normal -0.577209 0.195772 -0.792782
    outer loop
      vertex 37.4867 1.71261 0.16853
      vertex 37.3631 1.67065 0.248159
      vertex 37.3908 1.75232 0.248159
    endloop
  endfacet
  facet normal -0.597692 0.118705 -0.792889
    outer loop
      vertex 37.4634 1.64379 0.16853
      vertex 37.3463 1.58606 0.248159
      vertex 37.3631 1.67065 0.248159
    endloop
  endfacet
  facet normal -0.778523 0.154962 -0.608184
    outer loop
      vertex 37.2546 1.59813 0.340653
      vertex 37.1756 1.60853 0.444429
      vertex 37.2738 1.69459 0.340653
    endloop
  endfacet
  facet normal -0.778658 0.155483 -0.607879
    outer loop
      vertex 37.2738 1.69459 0.340653
      vertex 37.1756 1.60853 0.444429
      vertex 37.1969 1.7152 0.444429
    endloop
  endfacet
  facet normal -0.906468 0.180395 -0.381804
    outer loop
      vertex 37.1108 1.61706 0.557711
      vertex 37.0612 1.6236 0.67856
      vertex 37.1337 1.73213 0.557711
    endloop
  endfacet
  facet normal -0.963931 0.0631702 -0.258548
    outer loop
      vertex 37.0531 1.5 0.67856
      vertex 37.0276 1.62802 0.804909
      vertex 37.0612 1.6236 0.67856
    endloop
  endfacet
  facet normal -0.670508 0.227511 -0.706157
    outer loop
      vertex 37.3908 1.75232 0.248159
      vertex 37.2738 1.69459 0.340653
      vertex 37.3054 1.78772 0.340653
    endloop
  endfacet
  facet normal -0.752026 0.254838 -0.607877
    outer loop
      vertex 37.2738 1.69459 0.340653
      vertex 37.1969 1.7152 0.444429
      vertex 37.2318 1.81819 0.444429
    endloop
  endfacet
  facet normal -0.659856 0.441412 -0.608066
    outer loop
      vertex 37.3489 1.87592 0.340653
      vertex 37.2799 1.91573 0.444429
      vertex 37.3404 2.00617 0.444429
    endloop
  endfacet
  facet normal -0.588639 0.39305 -0.706411
    outer loop
      vertex 37.4769 1.90138 0.248159
      vertex 37.3489 1.87592 0.340653
      vertex 37.4035 1.95769 0.340653
    endloop
  endfacet
  facet normal -0.720349 0.481513 -0.499242
    outer loop
      vertex 37.3404 2.00617 0.444429
      vertex 37.2233 1.94844 0.557711
      vertex 37.2885 2.04598 0.557711
    endloop
  endfacet
  facet normal -0.768245 0.513528 -0.382215
    outer loop
      vertex 37.2233 1.94844 0.557711
      vertex 37.1799 1.97346 0.67856
      vertex 37.2885 2.04598 0.557711
    endloop
  endfacet
  facet normal -0.726284 0.637146 -0.257984
    outer loop
      vertex 37.2487 2.07645 0.67856
      vertex 37.2219 2.09706 0.804909
      vertex 37.3304 2.16958 0.67856
    endloop
  endfacet
  facet normal -0.803388 0.536684 -0.257951
    outer loop
      vertex 37.2487 2.07645 0.67856
      vertex 37.1799 1.97346 0.67856
      vertex 37.2219 2.09706 0.804909
    endloop
  endfacet
  facet normal 0.0654508 0.997856 -0
    outer loop
      vertex 50.1302 2.48932 0.934596
      vertex 50 2.49786 2.5
      vertex 50.1302 2.48932 2.5
    endloop
  endfacet
  facet normal 0.0654508 0.997856 0
    outer loop
      vertex 50 2.49786 2.5
      vertex 50.1302 2.48932 0.934596
      vertex 50 2.49786 0.934596
    endloop
  endfacet
  facet normal 0.0604344 0.922184 -0.382002
    outer loop
      vertex 50.1236 2.43883 0.67856
      vertex 50 2.39687 0.557711
      vertex 50 2.44693 0.67856
    endloop
  endfacet
  facet normal 0.0631875 0.964005 -0.258265
    outer loop
      vertex 50.128 2.47239 0.804909
      vertex 50 2.44693 0.67856
      vertex 50 2.48078 0.804909
    endloop
  endfacet
  facet normal 0.596877 0.523902 -0.607671
    outer loop
      vertex 50.5965 1.95769 0.340653
      vertex 50.5316 2.03163 0.340653
      vertex 50.6596 2.00617 0.444429
    endloop
  endfacet
  facet normal 0.660499 0.441033 -0.607643
    outer loop
      vertex 50.6511 1.87592 0.340653
      vertex 50.5965 1.95769 0.340653
      vertex 50.6596 2.00617 0.444429
    endloop
  endfacet
  facet normal 0.393194 0.58864 -0.706329
    outer loop
      vertex 50.4014 2.02309 0.248159
      vertex 50.3759 2.15111 0.340653
      vertex 50.4577 2.09647 0.340653
    endloop
  endfacet
  facet normal 0.440983 0.660184 -0.608022
    outer loop
      vertex 50.4577 2.09647 0.340653
      vertex 50.3759 2.15111 0.340653
      vertex 50.5062 2.15965 0.444429
    endloop
  endfacet
  facet normal -0.963931 -0.0631702 -0.258548
    outer loop
      vertex 37.0612 -1.6236 0.67856
      vertex 37.0276 -1.62802 0.804909
      vertex 37.0531 -1.5 0.67856
    endloop
  endfacet
  facet normal -0.947479 -0.188246 -0.258548
    outer loop
      vertex 37.0526 -1.75385 0.804909
      vertex 37.0276 -1.62802 0.804909
      vertex 37.0612 -1.6236 0.67856
    endloop
  endfacet
  facet normal 0.117231 -0.0580807 -0.991405
    outer loop
      vertex 50.1802 -1.57466 0.0192146
      vertex 50.0566 -1.5327 0.002141
      vertex 50.0604 -1.52503 0.002141
    endloop
  endfacet
  facet normal 0.0506632 0.254333 -0.965789
    outer loop
      vertex 50.0505 1.68844 0.0192146
      vertex 50.0255 1.69342 0.0192146
      vertex 50.042 1.81869 0.0530691
    endloop
  endfacet
  facet normal 0.0506193 0.254331 -0.965792
    outer loop
      vertex 50.0505 1.68844 0.0192146
      vertex 50.042 1.81869 0.0530691
      vertex 50.0832 1.81049 0.0530691
    endloop
  endfacet
  facet normal -0.00859885 -0.130518 -0.991409
    outer loop
      vertex 38 -1.69509 0.0192146
      vertex 37.9915 -1.56484 0.002141
      vertex 38 -1.5654 0.002141
    endloop
  endfacet
  facet normal 0.254259 0.0507909 -0.965802
    outer loop
      vertex 50.1934 1.52546 0.0192146
      vertex 50.1884 1.55049 0.0192146
      vertex 50.3187 1.54196 0.0530691
    endloop
  endfacet
  facet normal 0.0981516 0.0864389 -0.99141
    outer loop
      vertex 50.1548 1.61876 0.0192146
      vertex 50.0462 1.54625 0.002141
      vertex 50.1379 1.63795 0.0192146
    endloop
  endfacet
  facet normal 0.194685 0.171452 -0.965765
    outer loop
      vertex 50.1548 1.61876 0.0192146
      vertex 50.1379 1.63795 0.0192146
      vertex 50.255 1.69568 0.0530691
    endloop
  endfacet
  facet normal 0.866597 -0.427047 -0.258149
    outer loop
      vertex 50.8494 -1.99039 0.804909
      vertex 50.8201 -1.97347 0.67856
      vertex 50.9061 -1.87533 0.804909
    endloop
  endfacet
  facet normal 0.875258 -0.297032 -0.3817
    outer loop
      vertex 50.8748 -1.86238 0.67856
      vertex 50.8286 -1.84322 0.557711
      vertex 50.8663 -1.73213 0.557711
    endloop
  endfacet
  facet normal 0.914615 -0.310945 -0.258444
    outer loop
      vertex 50.9061 -1.87533 0.804909
      vertex 50.8748 -1.86238 0.67856
      vertex 50.9474 -1.75385 0.804909
    endloop
  endfacet
  facet normal 0.803198 -0.536871 -0.258154
    outer loop
      vertex 50.8494 -1.99039 0.804909
      vertex 50.7781 -2.09706 0.804909
      vertex 50.8201 -1.97347 0.67856
    endloop
  endfacet
  facet normal 0.849622 -0.169654 -0.499359
    outer loop
      vertex 50.8663 -1.73213 0.557711
      vertex 50.8031 -1.7152 0.444429
      vertex 50.8244 -1.60853 0.444429
    endloop
  endfacet
  facet normal 0.84996 -0.169165 -0.49895
    outer loop
      vertex 50.8663 -1.73213 0.557711
      vertex 50.8244 -1.60853 0.444429
      vertex 50.8892 -1.61707 0.557711
    endloop
  endfacet
  facet normal 0.777214 -0.383229 -0.499073
    outer loop
      vertex 50.8286 -1.84322 0.557711
      vertex 50.7201 -1.91574 0.444429
      vertex 50.7682 -1.81819 0.444429
    endloop
  endfacet
  facet normal 0.777208 -0.383359 -0.498983
    outer loop
      vertex 50.7767 -1.94844 0.557711
      vertex 50.7201 -1.91574 0.444429
      vertex 50.8286 -1.84322 0.557711
    endloop
  endfacet
  facet normal 0.546506 -0.269897 -0.792771
    outer loop
      vertex 50.571 -1.82967 0.248159
      vertex 50.5133 -1.71261 0.16853
      vertex 50.6092 -1.75232 0.248159
    endloop
  endfacet
  facet normal 0.577209 -0.195772 -0.792782
    outer loop
      vertex 50.6092 -1.75232 0.248159
      vertex 50.5133 -1.71261 0.16853
      vertex 50.6369 -1.67065 0.248159
    endloop
  endfacet
  facet normal 0.69426 -0.13819 -0.706333
    outer loop
      vertex 50.7262 -1.69459 0.340653
      vertex 50.6537 -1.58606 0.248159
      vertex 50.7454 -1.59813 0.340653
    endloop
  endfacet
  facet normal 0.694466 -0.137924 -0.706183
    outer loop
      vertex 50.7262 -1.69459 0.340653
      vertex 50.6369 -1.67065 0.248159
      vertex 50.6537 -1.58606 0.248159
    endloop
  endfacet
  facet normal 0.571296 -0.651348 -0.499367
    outer loop
      vertex 50.6342 -2.13418 0.557711
      vertex 50.546 -2.21154 0.557711
      vertex 50.5879 -2.08794 0.444429
    endloop
  endfacet
  facet normal 0.571613 -0.651245 -0.499138
    outer loop
      vertex 50.546 -2.21154 0.557711
      vertex 50.5062 -2.15965 0.444429
      vertex 50.5879 -2.08794 0.444429
    endloop
  endfacet
  facet normal 0.694554 -0.609375 -0.382436
    outer loop
      vertex 50.7513 -2.07646 0.67856
      vertex 50.6696 -2.16958 0.67856
      vertex 50.7115 -2.04598 0.557711
    endloop
  endfacet
  facet normal 0.69501 -0.609119 -0.382015
    outer loop
      vertex 50.6696 -2.16958 0.67856
      vertex 50.6342 -2.13418 0.557711
      vertex 50.7115 -2.04598 0.557711
    endloop
  endfacet
  facet normal 0.481104 -0.720621 -0.499243
    outer loop
      vertex 50.4484 -2.27672 0.557711
      vertex 50.4157 -2.22007 0.444429
      vertex 50.5062 -2.15965 0.444429
    endloop
  endfacet
  facet normal 0.440876 -0.660366 -0.607902
    outer loop
      vertex 50.4157 -2.22007 0.444429
      vertex 50.3759 -2.15111 0.340653
      vertex 50.5062 -2.15965 0.444429
    endloop
  endfacet
  facet normal 0.18845 0.947523 -0.258238
    outer loop
      vertex 50.2538 2.44737 0.804909
      vertex 50.1236 2.43883 0.67856
      vertex 50.128 2.47239 0.804909
    endloop
  endfacet
  facet normal 0.180308 0.90639 -0.38203
    outer loop
      vertex 50.2321 2.36631 0.557711
      vertex 50.1236 2.43883 0.67856
      vertex 50.2451 2.41466 0.67856
    endloop
  endfacet
  facet normal 0.914593 0.311129 -0.258299
    outer loop
      vertex 50.9147 1.74508 0.67856
      vertex 50.8748 1.86237 0.67856
      vertex 50.9474 1.75385 0.804909
    endloop
  endfacet
  facet normal 0.947599 0.187991 -0.258294
    outer loop
      vertex 50.9388 1.6236 0.67856
      vertex 50.9147 1.74508 0.67856
      vertex 50.9474 1.75385 0.804909
    endloop
  endfacet
  facet normal 0.653945 0.745245 -0.130249
    outer loop
      vertex 50.6935 2.19352 0.804909
      vertex 50.5971 2.27811 0.804909
      vertex 50.6075 2.29165 0.934596
    endloop
  endfacet
  facet normal 0.653841 0.745315 -0.130371
    outer loop
      vertex 50.6935 2.19352 0.804909
      vertex 50.6075 2.29165 0.934596
      vertex 50.7056 2.20559 0.934596
    endloop
  endfacet
  facet normal 0.824285 0.550966 -0.13035
    outer loop
      vertex 50.8494 1.99039 0.804909
      vertex 50.7781 2.09706 0.804909
      vertex 50.8642 1.99893 0.934596
    endloop
  endfacet
  facet normal 0.889347 0.438258 -0.130353
    outer loop
      vertex 50.9061 1.87533 0.804909
      vertex 50.8494 1.99039 0.804909
      vertex 50.8642 1.99893 0.934596
    endloop
  endfacet
  facet normal -0.128251 -0.0256296 -0.991411
    outer loop
      vertex 37.8116 -1.55049 0.0192146
      vertex 37.8066 -1.52547 0.0192146
      vertex 37.9352 -1.50854 0.002141
    endloop
  endfacet
  facet normal -0.117231 -0.0580807 -0.991405
    outer loop
      vertex 37.9434 -1.5327 0.002141
      vertex 37.8198 -1.57466 0.0192146
      vertex 37.9396 -1.52503 0.002141
    endloop
  endfacet
  facet normal -0.2455 0.0832309 -0.965817
    outer loop
      vertex 37.8116 1.55049 0.0192146
      vertex 37.6895 1.58319 0.0530691
      vertex 37.703 1.62301 0.0530691
    endloop
  endfacet
  facet normal -0.24547 0.0832789 -0.965821
    outer loop
      vertex 37.8116 1.55049 0.0192146
      vertex 37.703 1.62301 0.0530691
      vertex 37.8198 1.57466 0.0192146
    endloop
  endfacet
  facet normal -0.0419742 -0.123875 -0.99141
    outer loop
      vertex 37.9495 -1.68844 0.0192146
      vertex 37.9253 -1.68024 0.0192146
      vertex 37.9831 -1.56318 0.002141
    endloop
  endfacet
  facet normal -0.130508 -0.00916916 -0.991405
    outer loop
      vertex 37.9352 -1.50854 0.002141
      vertex 37.8049 -1.5 0.0192146
      vertex 37.9346 -1.5 0.002141
    endloop
  endfacet
  facet normal -0.2455 -0.0832309 -0.965817
    outer loop
      vertex 37.703 -1.62301 0.0530691
      vertex 37.6895 -1.58319 0.0530691
      vertex 37.8116 -1.55049 0.0192146
    endloop
  endfacet
  facet normal -0.363155 -0.123119 -0.923558
    outer loop
      vertex 37.703 -1.62301 0.0530691
      vertex 37.5728 -1.61447 0.103127
      vertex 37.6895 -1.58319 0.0530691
    endloop
  endfacet
  facet normal 0.0979687 0.0867114 -0.991405
    outer loop
      vertex 50.0519 1.53981 0.002141
      vertex 50.0462 1.54625 0.002141
      vertex 50.1548 1.61876 0.0192146
    endloop
  endfacet
  facet normal 0.0727171 0.108693 -0.991412
    outer loop
      vertex 50.0398 1.55189 0.002141
      vertex 50.0327 1.55664 0.002141
      vertex 50.1188 1.65477 0.0192146
    endloop
  endfacet
  facet normal 0.118894 -0.597822 -0.792763
    outer loop
      vertex 50.0861 -2.15371 0.248159
      vertex 50.0725 -2.05082 0.16853
      vertex 50.1438 -2.03664 0.16853
    endloop
  endfacet
  facet normal 0.0976852 -0.491182 -0.865562
    outer loop
      vertex 50.0725 -2.05082 0.16853
      vertex 50.0577 -1.93851 0.103127
      vertex 50.1438 -2.03664 0.16853
    endloop
  endfacet
  facet normal 0.536656 -0.803327 -0.258198
    outer loop
      vertex 50.4904 -2.34939 0.804909
      vertex 50.4735 -2.32007 0.67856
      vertex 50.5971 -2.27811 0.804909
    endloop
  endfacet
  facet normal 0.427162 -0.86652 -0.258217
    outer loop
      vertex 50.4904 -2.34939 0.804909
      vertex 50.3753 -2.40613 0.804909
      vertex 50.4735 -2.32007 0.67856
    endloop
  endfacet
  facet normal 0.448999 -0.221557 -0.865628
    outer loop
      vertex 50.5133 -1.71261 0.16853
      vertex 50.383 -1.72114 0.103127
      vertex 50.4086 -1.66926 0.103127
    endloop
  endfacet
  facet normal 0.343919 -0.169706 -0.923536
    outer loop
      vertex 50.383 -1.72114 0.103127
      vertex 50.297 -1.62301 0.0530691
      vertex 50.4086 -1.66926 0.103127
    endloop
  endfacet
  facet normal 0.363157 -0.123284 -0.923535
    outer loop
      vertex 50.4086 -1.66926 0.103127
      vertex 50.297 -1.62301 0.0530691
      vertex 50.4272 -1.61447 0.103127
    endloop
  endfacet
  facet normal 0.343968 -0.169658 -0.923527
    outer loop
      vertex 50.383 -1.72114 0.103127
      vertex 50.2784 -1.66072 0.0530691
      vertex 50.297 -1.62301 0.0530691
    endloop
  endfacet
  facet normal -0.00854745 -0.130515 -0.991409
    outer loop
      vertex 38 -1.69509 0.0192146
      vertex 37.9745 -1.69342 0.0192146
      vertex 37.9915 -1.56484 0.002141
    endloop
  endfacet
  facet normal -0.0255508 -0.128267 -0.99141
    outer loop
      vertex 37.9745 -1.69342 0.0192146
      vertex 37.9495 -1.68844 0.0192146
      vertex 37.9915 -1.56484 0.002141
    endloop
  endfacet
  facet normal -0.383446 0.777094 -0.499093
    outer loop
      vertex 37.6818 2.26818 0.444429
      vertex 37.5843 2.22007 0.444429
      vertex 37.6568 2.3286 0.557711
    endloop
  endfacet
  facet normal -0.278512 0.820557 -0.499116
    outer loop
      vertex 37.6818 2.26818 0.444429
      vertex 37.6568 2.3286 0.557711
      vertex 37.7848 2.30314 0.444429
    endloop
  endfacet
  facet normal -0.351212 0.712113 -0.607902
    outer loop
      vertex 37.6241 2.15111 0.340653
      vertex 37.5843 2.22007 0.444429
      vertex 37.7123 2.19461 0.340653
    endloop
  endfacet
  facet normal -0.338785 0.506751 -0.792735
    outer loop
      vertex 37.7222 1.98114 0.16853
      vertex 37.6618 1.94076 0.16853
      vertex 37.6703 2.07101 0.248159
    endloop
  endfacet
  facet normal -0.69426 0.13819 -0.706333
    outer loop
      vertex 37.3463 1.58606 0.248159
      vertex 37.2546 1.59813 0.340653
      vertex 37.2738 1.69459 0.340653
    endloop
  endfacet
  facet normal -0.706382 0.04607 -0.70633
    outer loop
      vertex 37.3463 1.58606 0.248159
      vertex 37.2482 1.5 0.340653
      vertex 37.2546 1.59813 0.340653
    endloop
  endfacet
  facet normal -0.875043 0.296928 -0.382273
    outer loop
      vertex 37.1337 1.73213 0.557711
      vertex 37.0853 1.74508 0.67856
      vertex 37.1251 1.86237 0.67856
    endloop
  endfacet
  facet normal -0.849969 0.169152 -0.498939
    outer loop
      vertex 37.1756 1.60853 0.444429
      vertex 37.1108 1.61706 0.557711
      vertex 37.1337 1.73213 0.557711
    endloop
  endfacet
  facet normal -0.972516 0.192968 -0.130294
    outer loop
      vertex 37.0526 1.75385 0.804909
      vertex 37.0107 1.63025 0.934596
      vertex 37.0361 1.75826 0.934596
    endloop
  endfacet
  facet normal -0.938711 0.319137 -0.130284
    outer loop
      vertex 37.0526 1.75385 0.804909
      vertex 37.0361 1.75826 0.934596
      vertex 37.0939 1.87533 0.804909
    endloop
  endfacet
  facet normal -0.660499 0.441033 -0.607643
    outer loop
      vertex 37.3489 1.87592 0.340653
      vertex 37.3404 2.00617 0.444429
      vertex 37.4035 1.95769 0.340653
    endloop
  endfacet
  facet normal -0.596877 0.523902 -0.607671
    outer loop
      vertex 37.4035 1.95769 0.340653
      vertex 37.3404 2.00617 0.444429
      vertex 37.4684 2.03163 0.340653
    endloop
  endfacet
  facet normal -0.634675 0.31344 -0.70636
    outer loop
      vertex 37.3908 1.75232 0.248159
      vertex 37.3489 1.87592 0.340653
      vertex 37.429 1.82967 0.248159
    endloop
  endfacet
  facet normal -0.588622 0.393181 -0.706351
    outer loop
      vertex 37.429 1.82967 0.248159
      vertex 37.3489 1.87592 0.340653
      vertex 37.4769 1.90138 0.248159
    endloop
  endfacet
  facet normal 0.321463 0.946922 -0
    outer loop
      vertex 50.3819 2.4219 0.934596
      vertex 50.2583 2.46386 2.5
      vertex 50.3819 2.4219 2.5
    endloop
  endfacet
  facet normal 0.321463 0.946922 0
    outer loop
      vertex 50.2583 2.46386 2.5
      vertex 50.3819 2.4219 0.934596
      vertex 50.2583 2.46386 0.934596
    endloop
  endfacet
  facet normal 0.906384 -0.179814 -0.382275
    outer loop
      vertex 50.9147 -1.74508 0.67856
      vertex 50.8663 -1.73213 0.557711
      vertex 50.9388 -1.6236 0.67856
    endloop
  endfacet
  facet normal 0.90647 -0.180412 -0.38179
    outer loop
      vertex 50.9388 -1.6236 0.67856
      vertex 50.8663 -1.73213 0.557711
      vertex 50.8892 -1.61707 0.557711
    endloop
  endfacet
  facet normal 0.938708 -0.319136 -0.130308
    outer loop
      vertex 50.9639 -1.75827 0.934596
      vertex 50.9061 -1.87533 0.804909
      vertex 50.9474 -1.75385 0.804909
    endloop
  endfacet
  facet normal 0.938733 -0.319013 -0.13043
    outer loop
      vertex 50.9219 -1.88186 0.934596
      vertex 50.9061 -1.87533 0.804909
      vertex 50.9639 -1.75827 0.934596
    endloop
  endfacet
  facet normal 0.751781 -0.255087 -0.608075
    outer loop
      vertex 50.7682 -1.81819 0.444429
      vertex 50.6946 -1.78772 0.340653
      vertex 50.7262 -1.69459 0.340653
    endloop
  endfacet
  facet normal 0.752026 -0.254838 -0.607877
    outer loop
      vertex 50.7682 -1.81819 0.444429
      vertex 50.7262 -1.69459 0.340653
      vertex 50.8031 -1.7152 0.444429
    endloop
  endfacet
  facet normal 0.60826 -0.03958 -0.79275
    outer loop
      vertex 50.6537 -1.58606 0.248159
      vertex 50.5508 -1.57252 0.16853
      vertex 50.6593 -1.5 0.248159
    endloop
  endfacet
  facet normal 0.706337 -0.0459619 -0.706382
    outer loop
      vertex 50.7518 -1.5 0.340653
      vertex 50.6537 -1.58606 0.248159
      vertex 50.6593 -1.5 0.248159
    endloop
  endfacet
  facet normal 0.523607 -0.59677 -0.60803
    outer loop
      vertex 50.5062 -2.15965 0.444429
      vertex 50.4577 -2.09647 0.340653
      vertex 50.5316 -2.03163 0.340653
    endloop
  endfacet
  facet normal 0.440983 -0.660184 -0.608022
    outer loop
      vertex 50.5062 -2.15965 0.444429
      vertex 50.3759 -2.15111 0.340653
      vertex 50.4577 -2.09647 0.340653
    endloop
  endfacet
  facet normal 0.466927 -0.532036 -0.70634
    outer loop
      vertex 50.5316 -2.03163 0.340653
      vertex 50.4014 -2.0231 0.248159
      vertex 50.4662 -1.96623 0.248159
    endloop
  endfacet
  facet normal 0.46689 -0.532128 -0.706296
    outer loop
      vertex 50.4577 -2.09647 0.340653
      vertex 50.4014 -2.0231 0.248159
      vertex 50.5316 -2.03163 0.340653
    endloop
  endfacet
  facet normal 0.711965 -0.351139 -0.608117
    outer loop
      vertex 50.7201 -1.91574 0.444429
      vertex 50.6511 -1.87592 0.340653
      vertex 50.6946 -1.78772 0.340653
    endloop
  endfacet
  facet normal 0.63501 -0.313185 -0.706171
    outer loop
      vertex 50.6511 -1.87592 0.340653
      vertex 50.6092 -1.75232 0.248159
      vertex 50.6946 -1.78772 0.340653
    endloop
  endfacet
  facet normal 0.651487 -0.571256 -0.499231
    outer loop
      vertex 50.7115 -2.04598 0.557711
      vertex 50.5879 -2.08794 0.444429
      vertex 50.6596 -2.00617 0.444429
    endloop
  endfacet
  facet normal 0.651558 -0.571036 -0.49939
    outer loop
      vertex 50.6342 -2.13418 0.557711
      vertex 50.5879 -2.08794 0.444429
      vertex 50.7115 -2.04598 0.557711
    endloop
  endfacet
  facet normal 0.188487 0.947506 -0.258275
    outer loop
      vertex 50.2451 2.41466 0.67856
      vertex 50.1236 2.43883 0.67856
      vertex 50.2538 2.44737 0.804909
    endloop
  endfacet
  facet normal 0.310483 0.914836 -0.258217
    outer loop
      vertex 50.3624 2.37485 0.67856
      vertex 50.2451 2.41466 0.67856
      vertex 50.2538 2.44737 0.804909
    endloop
  endfacet
  facet normal 0 0 -1
    outer loop
      vertex 50 -1.5654 0.002141
      vertex 50.0654 -1.5 0.002141
      vertex 50.0648 -1.50854 0.002141
    endloop
  endfacet
  facet normal -0 0 -1
    outer loop
      vertex 50.0654 -1.5 0.002141
      vertex 50 -1.5654 0.002141
      vertex 50.0654 1.5 0.002141
    endloop
  endfacet
  facet normal 0 0 -1
    outer loop
      vertex 50 -1.5654 0.002141
      vertex 50.0648 -1.50854 0.002141
      vertex 50.0632 -1.51693 0.002141
    endloop
  endfacet
  facet normal 0 0 -1
    outer loop
      vertex 50 1.5654 0.002141
      vertex 50.0654 1.5 0.002141
      vertex 50 -1.5654 0.002141
    endloop
  endfacet
  facet normal 0 0 -1
    outer loop
      vertex 50 -1.5654 0.002141
      vertex 50.0632 -1.51693 0.002141
      vertex 50.0604 -1.52503 0.002141
    endloop
  endfacet
  facet normal 0 0 -1
    outer loop
      vertex 50.0654 1.5 0.002141
      vertex 50 1.5654 0.002141
      vertex 50.0648 1.50854 0.002141
    endloop
  endfacet
  facet normal 0 0 -1
    outer loop
      vertex 50 -1.5654 0.002141
      vertex 50.0604 -1.52503 0.002141
      vertex 50.0566 -1.5327 0.002141
    endloop
  endfacet
  facet normal 0 0 -1
    outer loop
      vertex 50.0648 1.50854 0.002141
      vertex 50 1.5654 0.002141
      vertex 50.0632 1.51693 0.002141
    endloop
  endfacet
  facet normal 0 0 -1
    outer loop
      vertex 50 -1.5654 0.002141
      vertex 50.0566 -1.5327 0.002141
      vertex 50.0519 -1.53981 0.002141
    endloop
  endfacet
  facet normal 0 0 -1
    outer loop
      vertex 50.0632 1.51693 0.002141
      vertex 50 1.5654 0.002141
      vertex 50.0604 1.52503 0.002141
    endloop
  endfacet
  facet normal 0 0 -1
    outer loop
      vertex 50 -1.5654 0.002141
      vertex 50.0519 -1.53981 0.002141
      vertex 50.0462 -1.54625 0.002141
    endloop
  endfacet
  facet normal 0 0 -1
    outer loop
      vertex 50.0604 1.52503 0.002141
      vertex 50 1.5654 0.002141
      vertex 50.0566 1.5327 0.002141
    endloop
  endfacet
  facet normal 0 0 -1
    outer loop
      vertex 50 -1.5654 0.002141
      vertex 50.0462 -1.54625 0.002141
      vertex 50.0398 -1.55189 0.002141
    endloop
  endfacet
  facet normal 0 0 -1
    outer loop
      vertex 50.0566 1.5327 0.002141
      vertex 50 1.5654 0.002141
      vertex 50.0519 1.53981 0.002141
    endloop
  endfacet
  facet normal 0 0 -1
    outer loop
      vertex 50 -1.5654 0.002141
      vertex 50.0398 -1.55189 0.002141
      vertex 50.0327 -1.55664 0.002141
    endloop
  endfacet
  facet normal 0 0 -1
    outer loop
      vertex 50.0519 1.53981 0.002141
      vertex 50 1.5654 0.002141
      vertex 50.0462 1.54625 0.002141
    endloop
  endfacet
  facet normal 0 0 -1
    outer loop
      vertex 50 -1.5654 0.002141
      vertex 50.0327 -1.55664 0.002141
      vertex 50.025 -1.56042 0.002141
    endloop
  endfacet
  facet normal 0 0 -1
    outer loop
      vertex 50.0462 1.54625 0.002141
      vertex 50 1.5654 0.002141
      vertex 50.0398 1.55189 0.002141
    endloop
  endfacet
  facet normal 0 0 -1
    outer loop
      vertex 50 -1.5654 0.002141
      vertex 50.025 -1.56042 0.002141
      vertex 50.0169 -1.56318 0.002141
    endloop
  endfacet
  facet normal 0 0 -1
    outer loop
      vertex 50.0398 1.55189 0.002141
      vertex 50 1.5654 0.002141
      vertex 50.0327 1.55664 0.002141
    endloop
  endfacet
  facet normal 0 0 -1
    outer loop
      vertex 50 -1.5654 0.002141
      vertex 50.0169 -1.56318 0.002141
      vertex 50.0085 -1.56484 0.002141
    endloop
  endfacet
  facet normal 0 0 -1
    outer loop
      vertex 50.0327 1.55664 0.002141
      vertex 50 1.5654 0.002141
      vertex 50.025 1.56042 0.002141
    endloop
  endfacet
  facet normal 0 0 -1
    outer loop
      vertex 50.025 1.56042 0.002141
      vertex 50 1.5654 0.002141
      vertex 50.0169 1.56317 0.002141
    endloop
  endfacet
  facet normal 0 0 -1
    outer loop
      vertex 50.0169 1.56317 0.002141
      vertex 50 1.5654 0.002141
      vertex 50.0085 1.56484 0.002141
    endloop
  endfacet
  facet normal 0 0 -1
    outer loop
      vertex 38 -1.5654 0.002141
      vertex 50 1.5654 0.002141
      vertex 50 -1.5654 0.002141
    endloop
  endfacet
  facet normal 0 0 -1
    outer loop
      vertex 38 -1.5654 0.002141
      vertex 38 1.5654 0.002141
      vertex 50 1.5654 0.002141
    endloop
  endfacet
  facet normal 0 0 -1
    outer loop
      vertex 37.9346 -1.5 0.002141
      vertex 38 -1.5654 0.002141
      vertex 37.9915 -1.56484 0.002141
    endloop
  endfacet
  facet normal 0 0 -1
    outer loop
      vertex 38 -1.5654 0.002141
      vertex 37.9346 -1.5 0.002141
      vertex 38 1.5654 0.002141
    endloop
  endfacet
  facet normal 0 0 -1
    outer loop
      vertex 37.9346 -1.5 0.002141
      vertex 37.9915 -1.56484 0.002141
      vertex 37.9831 -1.56318 0.002141
    endloop
  endfacet
  facet normal 0 0 -1
    outer loop
      vertex 37.9346 1.5 0.002141
      vertex 38 1.5654 0.002141
      vertex 37.9346 -1.5 0.002141
    endloop
  endfacet
  facet normal 0 0 -1
    outer loop
      vertex 37.9346 -1.5 0.002141
      vertex 37.9831 -1.56318 0.002141
      vertex 37.975 -1.56042 0.002141
    endloop
  endfacet
  facet normal 0 0 -1
    outer loop
      vertex 38 1.5654 0.002141
      vertex 37.9346 1.5 0.002141
      vertex 37.9915 1.56484 0.002141
    endloop
  endfacet
  facet normal 0 0 -1
    outer loop
      vertex 37.9346 -1.5 0.002141
      vertex 37.975 -1.56042 0.002141
      vertex 37.9673 -1.55664 0.002141
    endloop
  endfacet
  facet normal 0 0 -1
    outer loop
      vertex 37.9915 1.56484 0.002141
      vertex 37.9346 1.5 0.002141
      vertex 37.9831 1.56317 0.002141
    endloop
  endfacet
  facet normal 0 0 -1
    outer loop
      vertex 37.9346 -1.5 0.002141
      vertex 37.9673 -1.55664 0.002141
      vertex 37.9602 -1.55189 0.002141
    endloop
  endfacet
  facet normal 0 0 -1
    outer loop
      vertex 37.9831 1.56317 0.002141
      vertex 37.9346 1.5 0.002141
      vertex 37.975 1.56042 0.002141
    endloop
  endfacet
  facet normal 0 0 -1
    outer loop
      vertex 37.9346 -1.5 0.002141
      vertex 37.9602 -1.55189 0.002141
      vertex 37.9538 -1.54625 0.002141
    endloop
  endfacet
  facet normal 0 0 -1
    outer loop
      vertex 37.975 1.56042 0.002141
      vertex 37.9346 1.5 0.002141
      vertex 37.9673 1.55664 0.002141
    endloop
  endfacet
  facet normal 0 0 -1
    outer loop
      vertex 37.9346 -1.5 0.002141
      vertex 37.9538 -1.54625 0.002141
      vertex 37.9481 -1.53981 0.002141
    endloop
  endfacet
  facet normal 0 0 -1
    outer loop
      vertex 37.9673 1.55664 0.002141
      vertex 37.9346 1.5 0.002141
      vertex 37.9602 1.55189 0.002141
    endloop
  endfacet
  facet normal 0 0 -1
    outer loop
      vertex 37.9346 -1.5 0.002141
      vertex 37.9481 -1.53981 0.002141
      vertex 37.9434 -1.5327 0.002141
    endloop
  endfacet
  facet normal 0 0 -1
    outer loop
      vertex 37.9602 1.55189 0.002141
      vertex 37.9346 1.5 0.002141
      vertex 37.9538 1.54625 0.002141
    endloop
  endfacet
  facet normal 0 0 -1
    outer loop
      vertex 37.9346 -1.5 0.002141
      vertex 37.9434 -1.5327 0.002141
      vertex 37.9396 -1.52503 0.002141
    endloop
  endfacet
  facet normal 0 0 -1
    outer loop
      vertex 37.9538 1.54625 0.002141
      vertex 37.9346 1.5 0.002141
      vertex 37.9481 1.53981 0.002141
    endloop
  endfacet
  facet normal 0 0 -1
    outer loop
      vertex 37.9346 -1.5 0.002141
      vertex 37.9396 -1.52503 0.002141
      vertex 37.9368 -1.51693 0.002141
    endloop
  endfacet
  facet normal 0 0 -1
    outer loop
      vertex 37.9481 1.53981 0.002141
      vertex 37.9346 1.5 0.002141
      vertex 37.9434 1.5327 0.002141
    endloop
  endfacet
  facet normal 0 0 -1
    outer loop
      vertex 37.9346 -1.5 0.002141
      vertex 37.9368 -1.51693 0.002141
      vertex 37.9352 -1.50854 0.002141
    endloop
  endfacet
  facet normal 0 0 -1
    outer loop
      vertex 37.9434 1.5327 0.002141
      vertex 37.9346 1.5 0.002141
      vertex 37.9396 1.52503 0.002141
    endloop
  endfacet
  facet normal 0 0 -1
    outer loop
      vertex 37.9396 1.52503 0.002141
      vertex 37.9346 1.5 0.002141
      vertex 37.9368 1.51693 0.002141
    endloop
  endfacet
  facet normal 0 0 -1
    outer loop
      vertex 37.9368 1.51693 0.002141
      vertex 37.9346 1.5 0.002141
      vertex 37.9352 1.50854 0.002141
    endloop
  endfacet
  facet normal 0.232795 -0.113906 -0.965832
    outer loop
      vertex 50.297 -1.62301 0.0530691
      vertex 50.169 -1.59755 0.0192146
      vertex 50.1802 -1.57466 0.0192146
    endloop
  endfacet
  facet normal 0.24547 -0.0832789 -0.965821
    outer loop
      vertex 50.297 -1.62301 0.0530691
      vertex 50.1802 -1.57466 0.0192146
      vertex 50.1884 -1.55049 0.0192146
    endloop
  endfacet
  facet normal -0.312992 0.63501 -0.706257
    outer loop
      vertex 37.6703 2.07101 0.248159
      vertex 37.6241 2.15111 0.340653
      vertex 37.7477 2.10916 0.248159
    endloop
  endfacet
  facet normal -0.269501 0.546772 -0.792723
    outer loop
      vertex 37.7874 2.01328 0.16853
      vertex 37.6703 2.07101 0.248159
      vertex 37.7477 2.10916 0.248159
    endloop
  endfacet
  facet normal -0.875025 0.296952 -0.382298
    outer loop
      vertex 37.1337 1.73213 0.557711
      vertex 37.1251 1.86237 0.67856
      vertex 37.1714 1.84322 0.557711
    endloop
  endfacet
  facet normal -0.820449 0.278431 -0.49934
    outer loop
      vertex 37.1969 1.7152 0.444429
      vertex 37.1337 1.73213 0.557711
      vertex 37.1714 1.84322 0.557711
    endloop
  endfacet
  facet normal -0.866037 0 -0.499981
    outer loop
      vertex 37.1685 -1.5 0.444429
      vertex 37.1031 1.5 0.557711
      vertex 37.1685 1.5 0.444429
    endloop
  endfacet
  facet normal -0.866037 -0 -0.499981
    outer loop
      vertex 37.1031 1.5 0.557711
      vertex 37.1685 -1.5 0.444429
      vertex 37.1031 -1.5 0.557711
    endloop
  endfacet
  facet normal -0.924034 0 -0.382309
    outer loop
      vertex 37.1031 -1.5 0.557711
      vertex 37.0531 1.5 0.67856
      vertex 37.1031 1.5 0.557711
    endloop
  endfacet
  facet normal -0.924034 -0 -0.382309
    outer loop
      vertex 37.0531 1.5 0.67856
      vertex 37.1031 -1.5 0.557711
      vertex 37.0531 -1.5 0.67856
    endloop
  endfacet
  facet normal -0.963906 0.0632465 -0.25862
    outer loop
      vertex 37.0531 1.5 0.67856
      vertex 37.0192 1.5 0.804909
      vertex 37.0276 1.62802 0.804909
    endloop
  endfacet
  facet normal -0.98938 0.0649179 -0.130046
    outer loop
      vertex 37.0192 1.5 0.804909
      vertex 37.0107 1.63025 0.934596
      vertex 37.0276 1.62802 0.804909
    endloop
  endfacet
  facet normal -0.751781 0.255087 -0.608075
    outer loop
      vertex 37.2738 1.69459 0.340653
      vertex 37.2318 1.81819 0.444429
      vertex 37.3054 1.78772 0.340653
    endloop
  endfacet
  facet normal -0.712017 0.351118 -0.608069
    outer loop
      vertex 37.3054 1.78772 0.340653
      vertex 37.2318 1.81819 0.444429
      vertex 37.2799 1.91573 0.444429
    endloop
  endfacet
  facet normal -0.507055 0.338149 -0.792812
    outer loop
      vertex 37.5189 1.77778 0.16853
      vertex 37.429 1.82967 0.248159
      vertex 37.5592 1.83821 0.16853
    endloop
  endfacet
  facet normal -0.546406 0.269975 -0.792814
    outer loop
      vertex 37.4867 1.71261 0.16853
      vertex 37.429 1.82967 0.248159
      vertex 37.5189 1.77778 0.16853
    endloop
  endfacet
  facet normal 0.947599 -0.187991 -0.258294
    outer loop
      vertex 50.9474 -1.75385 0.804909
      vertex 50.9147 -1.74508 0.67856
      vertex 50.9388 -1.6236 0.67856
    endloop
  endfacet
  facet normal 0.914601 -0.311105 -0.258299
    outer loop
      vertex 50.9474 -1.75385 0.804909
      vertex 50.8748 -1.86238 0.67856
      vertex 50.9147 -1.74508 0.67856
    endloop
  endfacet
  facet normal 0.393337 -0.588651 -0.706241
    outer loop
      vertex 50.3759 -2.15111 0.340653
      vertex 50.3297 -2.07101 0.248159
      vertex 50.4014 -2.0231 0.248159
    endloop
  endfacet
  facet normal 0.338626 -0.506773 -0.792788
    outer loop
      vertex 50.4014 -2.0231 0.248159
      vertex 50.3297 -2.07101 0.248159
      vertex 50.3382 -1.94076 0.16853
    endloop
  endfacet
  facet normal 0.532095 -0.466865 -0.706337
    outer loop
      vertex 50.5316 -2.03163 0.340653
      vertex 50.4662 -1.96623 0.248159
      vertex 50.5231 -1.90138 0.248159
    endloop
  endfacet
  facet normal 0.458284 -0.402103 -0.792647
    outer loop
      vertex 50.4662 -1.96623 0.248159
      vertex 50.4408 -1.83821 0.16853
      vertex 50.5231 -1.90138 0.248159
    endloop
  endfacet
  facet normal 0.660499 -0.441033 -0.607643
    outer loop
      vertex 50.6596 -2.00617 0.444429
      vertex 50.5965 -1.95769 0.340653
      vertex 50.6511 -1.87592 0.340653
    endloop
  endfacet
  facet normal 0.588639 -0.39305 -0.706411
    outer loop
      vertex 50.5965 -1.95769 0.340653
      vertex 50.5231 -1.90138 0.248159
      vertex 50.6511 -1.87592 0.340653
    endloop
  endfacet
  facet normal -0.227581 0.670288 -0.706343
    outer loop
      vertex 37.7477 2.10916 0.248159
      vertex 37.7123 2.19461 0.340653
      vertex 37.8054 2.22622 0.340653
    endloop
  endfacet
  facet normal -0.227707 0.670305 -0.706286
    outer loop
      vertex 37.8293 2.13688 0.248159
      vertex 37.7477 2.10916 0.248159
      vertex 37.8054 2.22622 0.340653
    endloop
  endfacet
  facet normal -0.402016 0.458154 -0.792766
    outer loop
      vertex 37.6618 1.94076 0.16853
      vertex 37.5338 1.96623 0.248159
      vertex 37.5986 2.02309 0.248159
    endloop
  endfacet
  facet normal -0.466882 0.532078 -0.706338
    outer loop
      vertex 37.5338 1.96623 0.248159
      vertex 37.4684 2.03163 0.340653
      vertex 37.5986 2.02309 0.248159
    endloop
  endfacet
  facet normal -0.947479 0.188246 -0.258548
    outer loop
      vertex 37.0612 1.6236 0.67856
      vertex 37.0276 1.62802 0.804909
      vertex 37.0526 1.75385 0.804909
    endloop
  endfacet
  facet normal -0.906384 0.179814 -0.382275
    outer loop
      vertex 37.1337 1.73213 0.557711
      vertex 37.0612 1.6236 0.67856
      vertex 37.0853 1.74508 0.67856
    endloop
  endfacet
  facet normal -0.393194 0.58864 -0.706329
    outer loop
      vertex 37.5986 2.02309 0.248159
      vertex 37.5423 2.09647 0.340653
      vertex 37.6241 2.15111 0.340653
    endloop
  endfacet
  facet normal -0.466871 0.532106 -0.706325
    outer loop
      vertex 37.5986 2.02309 0.248159
      vertex 37.4684 2.03163 0.340653
      vertex 37.5423 2.09647 0.340653
    endloop
  endfacet
  facet normal -0.947599 0.187991 -0.258294
    outer loop
      vertex 37.0612 1.6236 0.67856
      vertex 37.0526 1.75385 0.804909
      vertex 37.0853 1.74508 0.67856
    endloop
  endfacet
  facet normal -0.914828 0.310428 -0.258311
    outer loop
      vertex 37.0853 1.74508 0.67856
      vertex 37.0526 1.75385 0.804909
      vertex 37.1251 1.86237 0.67856
    endloop
  endfacet
  facet normal 1 -0 0
    outer loop
      vertex 52 -3.5 3.5
      vertex 52 3.5 2.5
      vertex 52 3.5 3.5
    endloop
  endfacet
  facet normal 1 0 0
    outer loop
      vertex 52 3.5 2.5
      vertex 52 -3.5 3.5
      vertex 52 -3.5 2.5
    endloop
  endfacet
  facet normal 0 0 1
    outer loop
      vertex 52 3.5 3.5
      vertex 45.5 0 3.5
      vertex 52 -3.5 3.5
    endloop
  endfacet
  facet normal 0 0 1
    outer loop
      vertex 52 3.5 3.5
      vertex 45.4872 0.195788 3.5
      vertex 45.5 0 3.5
    endloop
  endfacet
  facet normal 0 0 1
    outer loop
      vertex 52 3.5 3.5
      vertex 45.4489 0.388228 3.5
      vertex 45.4872 0.195788 3.5
    endloop
  endfacet
  facet normal 0 0 1
    outer loop
      vertex 52 3.5 3.5
      vertex 45.3858 0.574024 3.5
      vertex 45.4489 0.388228 3.5
    endloop
  endfacet
  facet normal 0 0 1
    outer loop
      vertex 52 3.5 3.5
      vertex 45.299 0.75 3.5
      vertex 45.3858 0.574024 3.5
    endloop
  endfacet
  facet normal 0 0 1
    outer loop
      vertex 52 3.5 3.5
      vertex 45.19 0.913141 3.5
      vertex 45.299 0.75 3.5
    endloop
  endfacet
  facet normal 0 0 1
    outer loop
      vertex 52 3.5 3.5
      vertex 45.0607 1.06066 3.5
      vertex 45.19 0.913141 3.5
    endloop
  endfacet
  facet normal 0 0 1
    outer loop
      vertex 52 3.5 3.5
      vertex 44.9131 1.19003 3.5
      vertex 45.0607 1.06066 3.5
    endloop
  endfacet
  facet normal 0 0 1
    outer loop
      vertex 52 3.5 3.5
      vertex 44.75 1.29904 3.5
      vertex 44.9131 1.19003 3.5
    endloop
  endfacet
  facet normal 0 0 1
    outer loop
      vertex 52 3.5 3.5
      vertex 44.574 1.38582 3.5
      vertex 44.75 1.29904 3.5
    endloop
  endfacet
  facet normal 0 0 1
    outer loop
      vertex 52 3.5 3.5
      vertex 44.3882 1.44889 3.5
      vertex 44.574 1.38582 3.5
    endloop
  endfacet
  facet normal 0 0 1
    outer loop
      vertex 52 3.5 3.5
      vertex 44.1958 1.48717 3.5
      vertex 44.3882 1.44889 3.5
    endloop
  endfacet
  facet normal 0 0 1
    outer loop
      vertex 52 3.5 3.5
      vertex 44 1.5 3.5
      vertex 44.1958 1.48717 3.5
    endloop
  endfacet
  facet normal -0 0 1
    outer loop
      vertex 36 3.5 3.5
      vertex 44 1.5 3.5
      vertex 52 3.5 3.5
    endloop
  endfacet
  facet normal 0 0 1
    outer loop
      vertex 44 1.5 3.5
      vertex 36 3.5 3.5
      vertex 43.8042 1.48717 3.5
    endloop
  endfacet
  facet normal 0 0 1
    outer loop
      vertex 42.5128 0.195788 3.5
      vertex 36 3.5 3.5
      vertex 42.5 0 3.5
    endloop
  endfacet
  facet normal 0 0 1
    outer loop
      vertex 42.5511 0.388228 3.5
      vertex 36 3.5 3.5
      vertex 42.5128 0.195788 3.5
    endloop
  endfacet
  facet normal 0 0 1
    outer loop
      vertex 42.6142 0.574024 3.5
      vertex 36 3.5 3.5
      vertex 42.5511 0.388228 3.5
    endloop
  endfacet
  facet normal 0 0 1
    outer loop
      vertex 42.701 0.75 3.5
      vertex 36 3.5 3.5
      vertex 42.6142 0.574024 3.5
    endloop
  endfacet
  facet normal 0 0 1
    outer loop
      vertex 42.81 0.913141 3.5
      vertex 36 3.5 3.5
      vertex 42.701 0.75 3.5
    endloop
  endfacet
  facet normal 0 0 1
    outer loop
      vertex 42.9393 1.06066 3.5
      vertex 36 3.5 3.5
      vertex 42.81 0.913141 3.5
    endloop
  endfacet
  facet normal 0 0 1
    outer loop
      vertex 43.0869 1.19003 3.5
      vertex 36 3.5 3.5
      vertex 42.9393 1.06066 3.5
    endloop
  endfacet
  facet normal 0 0 1
    outer loop
      vertex 43.25 1.29904 3.5
      vertex 36 3.5 3.5
      vertex 43.0869 1.19003 3.5
    endloop
  endfacet
  facet normal 0 0 1
    outer loop
      vertex 43.426 1.38582 3.5
      vertex 36 3.5 3.5
      vertex 43.25 1.29904 3.5
    endloop
  endfacet
  facet normal 0 0 1
    outer loop
      vertex 43.6118 1.44889 3.5
      vertex 36 3.5 3.5
      vertex 43.426 1.38582 3.5
    endloop
  endfacet
  facet normal 0 0 1
    outer loop
      vertex 43.8042 1.48717 3.5
      vertex 36 3.5 3.5
      vertex 43.6118 1.44889 3.5
    endloop
  endfacet
  facet normal -0 0 1
    outer loop
      vertex 45.4872 -0.195788 3.5
      vertex 52 -3.5 3.5
      vertex 45.5 0 3.5
    endloop
  endfacet
  facet normal -0 0 1
    outer loop
      vertex 45.4489 -0.388228 3.5
      vertex 52 -3.5 3.5
      vertex 45.4872 -0.195788 3.5
    endloop
  endfacet
  facet normal -0 0 1
    outer loop
      vertex 45.3858 -0.574024 3.5
      vertex 52 -3.5 3.5
      vertex 45.4489 -0.388228 3.5
    endloop
  endfacet
  facet normal -0 0 1
    outer loop
      vertex 45.299 -0.75 3.5
      vertex 52 -3.5 3.5
      vertex 45.3858 -0.574024 3.5
    endloop
  endfacet
  facet normal -0 0 1
    outer loop
      vertex 45.19 -0.913141 3.5
      vertex 52 -3.5 3.5
      vertex 45.299 -0.75 3.5
    endloop
  endfacet
  facet normal -0 0 1
    outer loop
      vertex 45.0607 -1.06066 3.5
      vertex 52 -3.5 3.5
      vertex 45.19 -0.913141 3.5
    endloop
  endfacet
  facet normal -0 0 1
    outer loop
      vertex 44.9131 -1.19003 3.5
      vertex 52 -3.5 3.5
      vertex 45.0607 -1.06066 3.5
    endloop
  endfacet
  facet normal -0 0 1
    outer loop
      vertex 44.75 -1.29904 3.5
      vertex 52 -3.5 3.5
      vertex 44.9131 -1.19003 3.5
    endloop
  endfacet
  facet normal -0 0 1
    outer loop
      vertex 44.574 -1.38582 3.5
      vertex 52 -3.5 3.5
      vertex 44.75 -1.29904 3.5
    endloop
  endfacet
  facet normal -0 0 1
    outer loop
      vertex 44.3882 -1.44889 3.5
      vertex 52 -3.5 3.5
      vertex 44.574 -1.38582 3.5
    endloop
  endfacet
  facet normal -0 0 1
    outer loop
      vertex 44.1958 -1.48717 3.5
      vertex 52 -3.5 3.5
      vertex 44.3882 -1.44889 3.5
    endloop
  endfacet
  facet normal -0 0 1
    outer loop
      vertex 44 -1.5 3.5
      vertex 52 -3.5 3.5
      vertex 44.1958 -1.48717 3.5
    endloop
  endfacet
  facet normal 0 0 1
    outer loop
      vertex 36 -3.5 3.5
      vertex 44 -1.5 3.5
      vertex 43.8042 -1.48717 3.5
    endloop
  endfacet
  facet normal 0 0 1
    outer loop
      vertex 36 -3.5 3.5
      vertex 43.8042 -1.48717 3.5
      vertex 43.6118 -1.44889 3.5
    endloop
  endfacet
  facet normal 0 0 1
    outer loop
      vertex 36 -3.5 3.5
      vertex 42.5 0 3.5
      vertex 36 3.5 3.5
    endloop
  endfacet
  facet normal 0 0 1
    outer loop
      vertex 42.5 0 3.5
      vertex 36 -3.5 3.5
      vertex 42.5128 -0.195788 3.5
    endloop
  endfacet
  facet normal 0 0 1
    outer loop
      vertex 42.5128 -0.195788 3.5
      vertex 36 -3.5 3.5
      vertex 42.5511 -0.388228 3.5
    endloop
  endfacet
  facet normal 0 0 1
    outer loop
      vertex 42.5511 -0.388228 3.5
      vertex 36 -3.5 3.5
      vertex 42.6142 -0.574024 3.5
    endloop
  endfacet
  facet normal 0 0 1
    outer loop
      vertex 42.6142 -0.574024 3.5
      vertex 36 -3.5 3.5
      vertex 42.701 -0.75 3.5
    endloop
  endfacet
  facet normal 0 0 1
    outer loop
      vertex 42.701 -0.75 3.5
      vertex 36 -3.5 3.5
      vertex 42.81 -0.913141 3.5
    endloop
  endfacet
  facet normal 0 0 1
    outer loop
      vertex 42.81 -0.913141 3.5
      vertex 36 -3.5 3.5
      vertex 42.9393 -1.06066 3.5
    endloop
  endfacet
  facet normal 0 0 1
    outer loop
      vertex 42.9393 -1.06066 3.5
      vertex 36 -3.5 3.5
      vertex 43.0869 -1.19003 3.5
    endloop
  endfacet
  facet normal 0 0 1
    outer loop
      vertex 44 -1.5 3.5
      vertex 36 -3.5 3.5
      vertex 52 -3.5 3.5
    endloop
  endfacet
  facet normal 0 0 1
    outer loop
      vertex 43.426 -1.38582 3.5
      vertex 36 -3.5 3.5
      vertex 43.6118 -1.44889 3.5
    endloop
  endfacet
  facet normal 0 0 1
    outer loop
      vertex 43.25 -1.29904 3.5
      vertex 36 -3.5 3.5
      vertex 43.426 -1.38582 3.5
    endloop
  endfacet
  facet normal 0 0 1
    outer loop
      vertex 43.0869 -1.19003 3.5
      vertex 36 -3.5 3.5
      vertex 43.25 -1.29904 3.5
    endloop
  endfacet
  facet normal 0 0 -1
    outer loop
      vertex 52 -3.5 2.5
      vertex 50.9979 -1.5 2.5
      vertex 52 3.5 2.5
    endloop
  endfacet
  facet normal 0 0 -1
    outer loop
      vertex 52 -3.5 2.5
      vertex 50.9893 -1.63025 2.5
      vertex 50.9979 -1.5 2.5
    endloop
  endfacet
  facet normal 0 0 -1
    outer loop
      vertex 52 -3.5 2.5
      vertex 50.9639 -1.75827 2.5
      vertex 50.9893 -1.63025 2.5
    endloop
  endfacet
  facet normal 0 0 -1
    outer loop
      vertex 52 -3.5 2.5
      vertex 50.9219 -1.88186 2.5
      vertex 50.9639 -1.75827 2.5
    endloop
  endfacet
  facet normal 0 0 -1
    outer loop
      vertex 52 -3.5 2.5
      vertex 50.8642 -1.99893 2.5
      vertex 50.9219 -1.88186 2.5
    endloop
  endfacet
  facet normal 0 0 -1
    outer loop
      vertex 52 -3.5 2.5
      vertex 50.7917 -2.10746 2.5
      vertex 50.8642 -1.99893 2.5
    endloop
  endfacet
  facet normal 0 0 -1
    outer loop
      vertex 52 -3.5 2.5
      vertex 50.7056 -2.20559 2.5
      vertex 50.7917 -2.10746 2.5
    endloop
  endfacet
  facet normal 0 0 -1
    outer loop
      vertex 52 -3.5 2.5
      vertex 50.6075 -2.29166 2.5
      vertex 50.7056 -2.20559 2.5
    endloop
  endfacet
  facet normal 0 0 -1
    outer loop
      vertex 52 -3.5 2.5
      vertex 50.4989 -2.36417 2.5
      vertex 50.6075 -2.29166 2.5
    endloop
  endfacet
  facet normal 0 0 -1
    outer loop
      vertex 52 -3.5 2.5
      vertex 50.3819 -2.4219 2.5
      vertex 50.4989 -2.36417 2.5
    endloop
  endfacet
  facet normal 0 0 -1
    outer loop
      vertex 52 -3.5 2.5
      vertex 50.2583 -2.46386 2.5
      vertex 50.3819 -2.4219 2.5
    endloop
  endfacet
  facet normal 0 0 -1
    outer loop
      vertex 52 -3.5 2.5
      vertex 50.1302 -2.48932 2.5
      vertex 50.2583 -2.46386 2.5
    endloop
  endfacet
  facet normal 0 0 -1
    outer loop
      vertex 52 -3.5 2.5
      vertex 50 -2.49786 2.5
      vertex 50.1302 -2.48932 2.5
    endloop
  endfacet
  facet normal 0 0 -1
    outer loop
      vertex 52 -3.5 2.5
      vertex 38 -2.49786 2.5
      vertex 50 -2.49786 2.5
    endloop
  endfacet
  facet normal 0 0 -1
    outer loop
      vertex 36 -3.5 2.5
      vertex 38 -2.49786 2.5
      vertex 52 -3.5 2.5
    endloop
  endfacet
  facet normal -0 0 -1
    outer loop
      vertex 37.0021 -1.5 2.5
      vertex 36 -3.5 2.5
      vertex 37.0021 1.5 2.5
    endloop
  endfacet
  facet normal -0 0 -1
    outer loop
      vertex 37.0107 -1.63025 2.5
      vertex 36 -3.5 2.5
      vertex 37.0021 -1.5 2.5
    endloop
  endfacet
  facet normal -0 0 -1
    outer loop
      vertex 37.0361 -1.75827 2.5
      vertex 36 -3.5 2.5
      vertex 37.0107 -1.63025 2.5
    endloop
  endfacet
  facet normal -0 0 -1
    outer loop
      vertex 37.0781 -1.88186 2.5
      vertex 36 -3.5 2.5
      vertex 37.0361 -1.75827 2.5
    endloop
  endfacet
  facet normal -0 0 -1
    outer loop
      vertex 37.1358 -1.99893 2.5
      vertex 36 -3.5 2.5
      vertex 37.0781 -1.88186 2.5
    endloop
  endfacet
  facet normal -0 0 -1
    outer loop
      vertex 37.2083 -2.10746 2.5
      vertex 36 -3.5 2.5
      vertex 37.1358 -1.99893 2.5
    endloop
  endfacet
  facet normal -0 0 -1
    outer loop
      vertex 37.2944 -2.20559 2.5
      vertex 36 -3.5 2.5
      vertex 37.2083 -2.10746 2.5
    endloop
  endfacet
  facet normal -0 0 -1
    outer loop
      vertex 37.3925 -2.29166 2.5
      vertex 36 -3.5 2.5
      vertex 37.2944 -2.20559 2.5
    endloop
  endfacet
  facet normal -0 0 -1
    outer loop
      vertex 37.5011 -2.36417 2.5
      vertex 36 -3.5 2.5
      vertex 37.3925 -2.29166 2.5
    endloop
  endfacet
  facet normal -0 0 -1
    outer loop
      vertex 37.6181 -2.4219 2.5
      vertex 36 -3.5 2.5
      vertex 37.5011 -2.36417 2.5
    endloop
  endfacet
  facet normal -0 0 -1
    outer loop
      vertex 37.7417 -2.46386 2.5
      vertex 36 -3.5 2.5
      vertex 37.6181 -2.4219 2.5
    endloop
  endfacet
  facet normal -0 0 -1
    outer loop
      vertex 37.8698 -2.48932 2.5
      vertex 36 -3.5 2.5
      vertex 37.7417 -2.46386 2.5
    endloop
  endfacet
  facet normal -0 0 -1
    outer loop
      vertex 38 -2.49786 2.5
      vertex 36 -3.5 2.5
      vertex 37.8698 -2.48932 2.5
    endloop
  endfacet
  facet normal 0 0 -1
    outer loop
      vertex 50.9979 1.5 2.5
      vertex 52 3.5 2.5
      vertex 50.9979 -1.5 2.5
    endloop
  endfacet
  facet normal 0 0 -1
    outer loop
      vertex 50.9893 1.63025 2.5
      vertex 52 3.5 2.5
      vertex 50.9979 1.5 2.5
    endloop
  endfacet
  facet normal 0 0 -1
    outer loop
      vertex 50.9639 1.75826 2.5
      vertex 52 3.5 2.5
      vertex 50.9893 1.63025 2.5
    endloop
  endfacet
  facet normal 0 0 -1
    outer loop
      vertex 50.9219 1.88186 2.5
      vertex 52 3.5 2.5
      vertex 50.9639 1.75826 2.5
    endloop
  endfacet
  facet normal 0 0 -1
    outer loop
      vertex 50.8642 1.99893 2.5
      vertex 52 3.5 2.5
      vertex 50.9219 1.88186 2.5
    endloop
  endfacet
  facet normal 0 0 -1
    outer loop
      vertex 50.7917 2.10746 2.5
      vertex 52 3.5 2.5
      vertex 50.8642 1.99893 2.5
    endloop
  endfacet
  facet normal 0 0 -1
    outer loop
      vertex 50.7056 2.20559 2.5
      vertex 52 3.5 2.5
      vertex 50.7917 2.10746 2.5
    endloop
  endfacet
  facet normal 0 0 -1
    outer loop
      vertex 50.6075 2.29165 2.5
      vertex 52 3.5 2.5
      vertex 50.7056 2.20559 2.5
    endloop
  endfacet
  facet normal 0 0 -1
    outer loop
      vertex 50.4989 2.36417 2.5
      vertex 52 3.5 2.5
      vertex 50.6075 2.29165 2.5
    endloop
  endfacet
  facet normal 0 0 -1
    outer loop
      vertex 50.3819 2.4219 2.5
      vertex 52 3.5 2.5
      vertex 50.4989 2.36417 2.5
    endloop
  endfacet
  facet normal 0 0 -1
    outer loop
      vertex 50.2583 2.46386 2.5
      vertex 52 3.5 2.5
      vertex 50.3819 2.4219 2.5
    endloop
  endfacet
  facet normal 0 0 -1
    outer loop
      vertex 50.1302 2.48932 2.5
      vertex 52 3.5 2.5
      vertex 50.2583 2.46386 2.5
    endloop
  endfacet
  facet normal 0 0 -1
    outer loop
      vertex 50 2.49786 2.5
      vertex 52 3.5 2.5
      vertex 50.1302 2.48932 2.5
    endloop
  endfacet
  facet normal 0 0 -1
    outer loop
      vertex 38 2.49786 2.5
      vertex 52 3.5 2.5
      vertex 50 2.49786 2.5
    endloop
  endfacet
  facet normal 0 0 -1
    outer loop
      vertex 36 3.5 2.5
      vertex 38 2.49786 2.5
      vertex 37.8698 2.48932 2.5
    endloop
  endfacet
  facet normal 0 0 -1
    outer loop
      vertex 36 3.5 2.5
      vertex 37.0021 1.5 2.5
      vertex 36 -3.5 2.5
    endloop
  endfacet
  facet normal 0 0 -1
    outer loop
      vertex 38 2.49786 2.5
      vertex 36 3.5 2.5
      vertex 52 3.5 2.5
    endloop
  endfacet
  facet normal 0 0 -1
    outer loop
      vertex 37.7417 2.46386 2.5
      vertex 36 3.5 2.5
      vertex 37.8698 2.48932 2.5
    endloop
  endfacet
  facet normal 0 0 -1
    outer loop
      vertex 37.6181 2.4219 2.5
      vertex 36 3.5 2.5
      vertex 37.7417 2.46386 2.5
    endloop
  endfacet
  facet normal 0 0 -1
    outer loop
      vertex 37.5011 2.36417 2.5
      vertex 36 3.5 2.5
      vertex 37.6181 2.4219 2.5
    endloop
  endfacet
  facet normal 0 0 -1
    outer loop
      vertex 37.3925 2.29165 2.5
      vertex 36 3.5 2.5
      vertex 37.5011 2.36417 2.5
    endloop
  endfacet
  facet normal 0 0 -1
    outer loop
      vertex 37.2944 2.20559 2.5
      vertex 36 3.5 2.5
      vertex 37.3925 2.29165 2.5
    endloop
  endfacet
  facet normal 0 0 -1
    outer loop
      vertex 37.2083 2.10746 2.5
      vertex 36 3.5 2.5
      vertex 37.2944 2.20559 2.5
    endloop
  endfacet
  facet normal 0 0 -1
    outer loop
      vertex 37.1358 1.99893 2.5
      vertex 36 3.5 2.5
      vertex 37.2083 2.10746 2.5
    endloop
  endfacet
  facet normal 0 0 -1
    outer loop
      vertex 37.0781 1.88186 2.5
      vertex 36 3.5 2.5
      vertex 37.1358 1.99893 2.5
    endloop
  endfacet
  facet normal 0 0 -1
    outer loop
      vertex 37.0361 1.75826 2.5
      vertex 36 3.5 2.5
      vertex 37.0781 1.88186 2.5
    endloop
  endfacet
  facet normal 0 0 -1
    outer loop
      vertex 37.0107 1.63025 2.5
      vertex 36 3.5 2.5
      vertex 37.0361 1.75826 2.5
    endloop
  endfacet
  facet normal 0 0 -1
    outer loop
      vertex 37.0021 1.5 2.5
      vertex 36 3.5 2.5
      vertex 37.0107 1.63025 2.5
    endloop
  endfacet
  facet normal -1 0 0
    outer loop
      vertex 36 -3.5 2.5
      vertex 36 3.5 3.5
      vertex 36 3.5 2.5
    endloop
  endfacet
  facet normal -1 -0 0
    outer loop
      vertex 36 3.5 3.5
      vertex 36 -3.5 2.5
      vertex 36 -3.5 3.5
    endloop
  endfacet
  facet normal 0 1 -0
    outer loop
      vertex 52 3.5 2.5
      vertex 36 3.5 3.5
      vertex 52 3.5 3.5
    endloop
  endfacet
  facet normal 0 1 0
    outer loop
      vertex 36 3.5 3.5
      vertex 52 3.5 2.5
      vertex 36 3.5 2.5
    endloop
  endfacet
  facet normal 0 -1 0
    outer loop
      vertex 36 -3.5 2.5
      vertex 52 -3.5 3.5
      vertex 36 -3.5 3.5
    endloop
  endfacet
  facet normal 0 -1 -0
    outer loop
      vertex 52 -3.5 3.5
      vertex 36 -3.5 2.5
      vertex 52 -3.5 2.5
    endloop
  endfacet
  facet normal 0.980764 0.195195 0
    outer loop
      vertex 45.4872 0.195788 5.6
      vertex 45.4489 0.388228 3.5
      vertex 45.4489 0.388228 5.6
    endloop
  endfacet
  facet normal 0.980764 0.195195 0
    outer loop
      vertex 45.4489 0.388228 3.5
      vertex 45.4872 0.195788 5.6
      vertex 45.4872 0.195788 3.5
    endloop
  endfacet
  facet normal 0.99787 0.0652376 0
    outer loop
      vertex 45.5 0 5.6
      vertex 45.4872 0.195788 3.5
      vertex 45.4872 0.195788 5.6
    endloop
  endfacet
  facet normal 0.99787 0.0652376 0
    outer loop
      vertex 45.4872 0.195788 3.5
      vertex 45.5 0 5.6
      vertex 45.5 0 3.5
    endloop
  endfacet
  facet normal 0.321437 -0.946931 0
    outer loop
      vertex 44.3882 -1.44889 3.5
      vertex 44.574 -1.38582 5.6
      vertex 44.3882 -1.44889 5.6
    endloop
  endfacet
  facet normal 0.321437 -0.946931 0
    outer loop
      vertex 44.574 -1.38582 5.6
      vertex 44.3882 -1.44889 3.5
      vertex 44.574 -1.38582 3.5
    endloop
  endfacet
  facet normal 0.831487 0.555544 0
    outer loop
      vertex 45.299 0.75 5.6
      vertex 45.19 0.913141 3.5
      vertex 45.19 0.913141 5.6
    endloop
  endfacet
  facet normal 0.831487 0.555544 0
    outer loop
      vertex 45.19 0.913141 3.5
      vertex 45.299 0.75 5.6
      vertex 45.299 0.75 3.5
    endloop
  endfacet
  facet normal -0.896836 0.442363 0
    outer loop
      vertex 42.6142 0.574024 3.5
      vertex 42.701 0.75 5.6
      vertex 42.701 0.75 3.5
    endloop
  endfacet
  facet normal -0.896836 0.442363 0
    outer loop
      vertex 42.701 0.75 5.6
      vertex 42.6142 0.574024 3.5
      vertex 42.6142 0.574024 5.6
    endloop
  endfacet
  facet normal -0.555676 0.831399 0
    outer loop
      vertex 43.25 1.29904 3.5
      vertex 43.0869 1.19003 5.6
      vertex 43.25 1.29904 5.6
    endloop
  endfacet
  facet normal -0.555676 0.831399 0
    outer loop
      vertex 43.0869 1.19003 5.6
      vertex 43.25 1.29904 3.5
      vertex 43.0869 1.19003 3.5
    endloop
  endfacet
  facet normal -0.659139 0.752021 0
    outer loop
      vertex 43.0869 1.19003 3.5
      vertex 42.9393 1.06066 5.6
      vertex 43.0869 1.19003 5.6
    endloop
  endfacet
  facet normal -0.659139 0.752021 0
    outer loop
      vertex 42.9393 1.06066 5.6
      vertex 43.0869 1.19003 3.5
      vertex 42.9393 1.06066 3.5
    endloop
  endfacet
  facet normal -0.752018 0.659142 0
    outer loop
      vertex 42.81 0.913141 3.5
      vertex 42.9393 1.06066 5.6
      vertex 42.9393 1.06066 3.5
    endloop
  endfacet
  facet normal -0.752018 0.659142 0
    outer loop
      vertex 42.9393 1.06066 5.6
      vertex 42.81 0.913141 3.5
      vertex 42.81 0.913141 5.6
    endloop
  endfacet
  facet normal 0.946882 -0.32158 0
    outer loop
      vertex 45.3858 -0.574024 5.6
      vertex 45.4489 -0.388228 3.5
      vertex 45.4489 -0.388228 5.6
    endloop
  endfacet
  facet normal 0.946882 -0.32158 0
    outer loop
      vertex 45.4489 -0.388228 3.5
      vertex 45.3858 -0.574024 5.6
      vertex 45.3858 -0.574024 3.5
    endloop
  endfacet
  facet normal -0.99787 0.0652376 0
    outer loop
      vertex 42.5 0 3.5
      vertex 42.5128 0.195788 5.6
      vertex 42.5128 0.195788 3.5
    endloop
  endfacet
  facet normal -0.99787 0.0652376 0
    outer loop
      vertex 42.5128 0.195788 5.6
      vertex 42.5 0 3.5
      vertex 42.5 0 5.6
    endloop
  endfacet
  facet normal 0.555676 0.831399 -0
    outer loop
      vertex 44.9131 1.19003 3.5
      vertex 44.75 1.29904 5.6
      vertex 44.9131 1.19003 5.6
    endloop
  endfacet
  facet normal 0.555676 0.831399 0
    outer loop
      vertex 44.75 1.29904 5.6
      vertex 44.9131 1.19003 3.5
      vertex 44.75 1.29904 3.5
    endloop
  endfacet
  facet normal -0.321437 -0.946931 0
    outer loop
      vertex 43.426 -1.38582 3.5
      vertex 43.6118 -1.44889 5.6
      vertex 43.426 -1.38582 5.6
    endloop
  endfacet
  facet normal -0.321437 -0.946931 -0
    outer loop
      vertex 43.6118 -1.44889 5.6
      vertex 43.426 -1.38582 3.5
      vertex 43.6118 -1.44889 3.5
    endloop
  endfacet
  facet normal 0.195136 -0.980776 0
    outer loop
      vertex 44.1958 -1.48717 3.5
      vertex 44.3882 -1.44889 5.6
      vertex 44.1958 -1.48717 5.6
    endloop
  endfacet
  facet normal 0.195136 -0.980776 0
    outer loop
      vertex 44.3882 -1.44889 5.6
      vertex 44.1958 -1.48717 3.5
      vertex 44.3882 -1.44889 3.5
    endloop
  endfacet
  facet normal -0.321437 0.946931 0
    outer loop
      vertex 43.6118 1.44889 3.5
      vertex 43.426 1.38582 5.6
      vertex 43.6118 1.44889 5.6
    endloop
  endfacet
  facet normal -0.321437 0.946931 0
    outer loop
      vertex 43.426 1.38582 5.6
      vertex 43.6118 1.44889 3.5
      vertex 43.426 1.38582 3.5
    endloop
  endfacet
  facet normal -0.831487 -0.555544 0
    outer loop
      vertex 42.81 -0.913141 3.5
      vertex 42.701 -0.75 5.6
      vertex 42.701 -0.75 3.5
    endloop
  endfacet
  facet normal -0.831487 -0.555544 0
    outer loop
      vertex 42.701 -0.75 5.6
      vertex 42.81 -0.913141 3.5
      vertex 42.81 -0.913141 5.6
    endloop
  endfacet
  facet normal 0.555676 -0.831399 0
    outer loop
      vertex 44.75 -1.29904 3.5
      vertex 44.9131 -1.19003 5.6
      vertex 44.75 -1.29904 5.6
    endloop
  endfacet
  facet normal 0.555676 -0.831399 0
    outer loop
      vertex 44.9131 -1.19003 5.6
      vertex 44.75 -1.29904 3.5
      vertex 44.9131 -1.19003 3.5
    endloop
  endfacet
  facet normal -0.946882 0.32158 0
    outer loop
      vertex 42.5511 0.388228 3.5
      vertex 42.6142 0.574024 5.6
      vertex 42.6142 0.574024 3.5
    endloop
  endfacet
  facet normal -0.946882 0.32158 0
    outer loop
      vertex 42.6142 0.574024 5.6
      vertex 42.5511 0.388228 3.5
      vertex 42.5511 0.388228 5.6
    endloop
  endfacet
  facet normal 0.321437 0.946931 -0
    outer loop
      vertex 44.574 1.38582 3.5
      vertex 44.3882 1.44889 5.6
      vertex 44.574 1.38582 5.6
    endloop
  endfacet
  facet normal 0.321437 0.946931 0
    outer loop
      vertex 44.3882 1.44889 5.6
      vertex 44.574 1.38582 3.5
      vertex 44.3882 1.44889 3.5
    endloop
  endfacet
  facet normal 0.0653858 0.99786 -0
    outer loop
      vertex 44.1958 1.48717 3.5
      vertex 44 1.5 5.6
      vertex 44.1958 1.48717 5.6
    endloop
  endfacet
  facet normal 0.0653858 0.99786 0
    outer loop
      vertex 44 1.5 5.6
      vertex 44.1958 1.48717 3.5
      vertex 44 1.5 3.5
    endloop
  endfacet
  facet normal -0.442233 0.8969 0
    outer loop
      vertex 43.426 1.38582 3.5
      vertex 43.25 1.29904 5.6
      vertex 43.426 1.38582 5.6
    endloop
  endfacet
  facet normal -0.442233 0.8969 0
    outer loop
      vertex 43.25 1.29904 5.6
      vertex 43.426 1.38582 3.5
      vertex 43.25 1.29904 3.5
    endloop
  endfacet
  facet normal 0.831487 -0.555544 0
    outer loop
      vertex 45.19 -0.913141 5.6
      vertex 45.299 -0.75 3.5
      vertex 45.299 -0.75 5.6
    endloop
  endfacet
  facet normal 0.831487 -0.555544 0
    outer loop
      vertex 45.299 -0.75 3.5
      vertex 45.19 -0.913141 5.6
      vertex 45.19 -0.913141 3.5
    endloop
  endfacet
  facet normal -0.99787 -0.0652376 0
    outer loop
      vertex 42.5128 -0.195788 3.5
      vertex 42.5 0 5.6
      vertex 42.5 0 3.5
    endloop
  endfacet
  facet normal -0.99787 -0.0652376 0
    outer loop
      vertex 42.5 0 5.6
      vertex 42.5128 -0.195788 3.5
      vertex 42.5128 -0.195788 5.6
    endloop
  endfacet
  facet normal -0.946882 -0.32158 0
    outer loop
      vertex 42.6142 -0.574024 3.5
      vertex 42.5511 -0.388228 5.6
      vertex 42.5511 -0.388228 3.5
    endloop
  endfacet
  facet normal -0.946882 -0.32158 0
    outer loop
      vertex 42.5511 -0.388228 5.6
      vertex 42.6142 -0.574024 3.5
      vertex 42.6142 -0.574024 5.6
    endloop
  endfacet
  facet normal -0.659139 -0.752021 0
    outer loop
      vertex 42.9393 -1.06066 3.5
      vertex 43.0869 -1.19003 5.6
      vertex 42.9393 -1.06066 5.6
    endloop
  endfacet
  facet normal -0.659139 -0.752021 -0
    outer loop
      vertex 43.0869 -1.19003 5.6
      vertex 42.9393 -1.06066 3.5
      vertex 43.0869 -1.19003 3.5
    endloop
  endfacet
  facet normal 0.442233 0.8969 -0
    outer loop
      vertex 44.75 1.29904 3.5
      vertex 44.574 1.38582 5.6
      vertex 44.75 1.29904 5.6
    endloop
  endfacet
  facet normal 0.442233 0.8969 0
    outer loop
      vertex 44.574 1.38582 5.6
      vertex 44.75 1.29904 3.5
      vertex 44.574 1.38582 3.5
    endloop
  endfacet
  facet normal -0.195136 0.980776 0
    outer loop
      vertex 43.8042 1.48717 3.5
      vertex 43.6118 1.44889 5.6
      vertex 43.8042 1.48717 5.6
    endloop
  endfacet
  facet normal -0.195136 0.980776 0
    outer loop
      vertex 43.6118 1.44889 5.6
      vertex 43.8042 1.48717 3.5
      vertex 43.6118 1.44889 3.5
    endloop
  endfacet
  facet normal 0.752018 0.659142 0
    outer loop
      vertex 45.19 0.913141 5.6
      vertex 45.0607 1.06066 3.5
      vertex 45.0607 1.06066 5.6
    endloop
  endfacet
  facet normal 0.752018 0.659142 0
    outer loop
      vertex 45.0607 1.06066 3.5
      vertex 45.19 0.913141 5.6
      vertex 45.19 0.913141 3.5
    endloop
  endfacet
  facet normal 0.195136 0.980776 -0
    outer loop
      vertex 44.3882 1.44889 3.5
      vertex 44.1958 1.48717 5.6
      vertex 44.3882 1.44889 5.6
    endloop
  endfacet
  facet normal 0.195136 0.980776 0
    outer loop
      vertex 44.1958 1.48717 5.6
      vertex 44.3882 1.44889 3.5
      vertex 44.1958 1.48717 3.5
    endloop
  endfacet
  facet normal 0.752018 -0.659142 0
    outer loop
      vertex 45.0607 -1.06066 5.6
      vertex 45.19 -0.913141 3.5
      vertex 45.19 -0.913141 5.6
    endloop
  endfacet
  facet normal 0.752018 -0.659142 0
    outer loop
      vertex 45.19 -0.913141 3.5
      vertex 45.0607 -1.06066 5.6
      vertex 45.0607 -1.06066 3.5
    endloop
  endfacet
  facet normal -0.442233 -0.8969 0
    outer loop
      vertex 43.25 -1.29904 3.5
      vertex 43.426 -1.38582 5.6
      vertex 43.25 -1.29904 5.6
    endloop
  endfacet
  facet normal -0.442233 -0.8969 -0
    outer loop
      vertex 43.426 -1.38582 5.6
      vertex 43.25 -1.29904 3.5
      vertex 43.426 -1.38582 3.5
    endloop
  endfacet
  facet normal -0.0653858 0.99786 0
    outer loop
      vertex 44 1.5 3.5
      vertex 43.8042 1.48717 5.6
      vertex 44 1.5 5.6
    endloop
  endfacet
  facet normal -0.0653858 0.99786 0
    outer loop
      vertex 43.8042 1.48717 5.6
      vertex 44 1.5 3.5
      vertex 43.8042 1.48717 3.5
    endloop
  endfacet
  facet normal -0.980764 0.195195 0
    outer loop
      vertex 42.5128 0.195788 3.5
      vertex 42.5511 0.388228 5.6
      vertex 42.5511 0.388228 3.5
    endloop
  endfacet
  facet normal -0.980764 0.195195 0
    outer loop
      vertex 42.5511 0.388228 5.6
      vertex 42.5128 0.195788 3.5
      vertex 42.5128 0.195788 5.6
    endloop
  endfacet
  facet normal 0.0653858 -0.99786 0
    outer loop
      vertex 44 -1.5 3.5
      vertex 44.1958 -1.48717 5.6
      vertex 44 -1.5 5.6
    endloop
  endfacet
  facet normal 0.0653858 -0.99786 0
    outer loop
      vertex 44.1958 -1.48717 5.6
      vertex 44 -1.5 3.5
      vertex 44.1958 -1.48717 3.5
    endloop
  endfacet
  facet normal 0.442233 -0.8969 0
    outer loop
      vertex 44.574 -1.38582 3.5
      vertex 44.75 -1.29904 5.6
      vertex 44.574 -1.38582 5.6
    endloop
  endfacet
  facet normal 0.442233 -0.8969 0
    outer loop
      vertex 44.75 -1.29904 5.6
      vertex 44.574 -1.38582 3.5
      vertex 44.75 -1.29904 3.5
    endloop
  endfacet
  facet normal 0.659139 -0.752021 0
    outer loop
      vertex 44.9131 -1.19003 3.5
      vertex 45.0607 -1.06066 5.6
      vertex 44.9131 -1.19003 5.6
    endloop
  endfacet
  facet normal 0.659139 -0.752021 0
    outer loop
      vertex 45.0607 -1.06066 5.6
      vertex 44.9131 -1.19003 3.5
      vertex 45.0607 -1.06066 3.5
    endloop
  endfacet
  facet normal -0.896836 -0.442363 0
    outer loop
      vertex 42.701 -0.75 3.5
      vertex 42.6142 -0.574024 5.6
      vertex 42.6142 -0.574024 3.5
    endloop
  endfacet
  facet normal -0.896836 -0.442363 0
    outer loop
      vertex 42.6142 -0.574024 5.6
      vertex 42.701 -0.75 3.5
      vertex 42.701 -0.75 5.6
    endloop
  endfacet
  facet normal 0.896836 -0.442363 0
    outer loop
      vertex 45.299 -0.75 5.6
      vertex 45.3858 -0.574024 3.5
      vertex 45.3858 -0.574024 5.6
    endloop
  endfacet
  facet normal 0.896836 -0.442363 0
    outer loop
      vertex 45.3858 -0.574024 3.5
      vertex 45.299 -0.75 5.6
      vertex 45.299 -0.75 3.5
    endloop
  endfacet
  facet normal 0.659139 0.752021 -0
    outer loop
      vertex 45.0607 1.06066 3.5
      vertex 44.9131 1.19003 5.6
      vertex 45.0607 1.06066 5.6
    endloop
  endfacet
  facet normal 0.659139 0.752021 0
    outer loop
      vertex 44.9131 1.19003 5.6
      vertex 45.0607 1.06066 3.5
      vertex 44.9131 1.19003 3.5
    endloop
  endfacet
  facet normal 0.99787 -0.0652376 0
    outer loop
      vertex 45.4872 -0.195788 5.6
      vertex 45.5 0 3.5
      vertex 45.5 0 5.6
    endloop
  endfacet
  facet normal 0.99787 -0.0652376 0
    outer loop
      vertex 45.5 0 3.5
      vertex 45.4872 -0.195788 5.6
      vertex 45.4872 -0.195788 3.5
    endloop
  endfacet
  facet normal -0.555676 -0.831399 0
    outer loop
      vertex 43.0869 -1.19003 3.5
      vertex 43.25 -1.29904 5.6
      vertex 43.0869 -1.19003 5.6
    endloop
  endfacet
  facet normal -0.555676 -0.831399 -0
    outer loop
      vertex 43.25 -1.29904 5.6
      vertex 43.0869 -1.19003 3.5
      vertex 43.25 -1.29904 3.5
    endloop
  endfacet
  facet normal 0.896836 0.442363 0
    outer loop
      vertex 45.3858 0.574024 5.6
      vertex 45.299 0.75 3.5
      vertex 45.299 0.75 5.6
    endloop
  endfacet
  facet normal 0.896836 0.442363 0
    outer loop
      vertex 45.299 0.75 3.5
      vertex 45.3858 0.574024 5.6
      vertex 45.3858 0.574024 3.5
    endloop
  endfacet
  facet normal 0.980764 -0.195195 0
    outer loop
      vertex 45.4489 -0.388228 5.6
      vertex 45.4872 -0.195788 3.5
      vertex 45.4872 -0.195788 5.6
    endloop
  endfacet
  facet normal 0.980764 -0.195195 0
    outer loop
      vertex 45.4872 -0.195788 3.5
      vertex 45.4489 -0.388228 5.6
      vertex 45.4489 -0.388228 3.5
    endloop
  endfacet
  facet normal 0.946882 0.32158 0
    outer loop
      vertex 45.4489 0.388228 5.6
      vertex 45.3858 0.574024 3.5
      vertex 45.3858 0.574024 5.6
    endloop
  endfacet
  facet normal 0.946882 0.32158 0
    outer loop
      vertex 45.3858 0.574024 3.5
      vertex 45.4489 0.388228 5.6
      vertex 45.4489 0.388228 3.5
    endloop
  endfacet
  facet normal -0.980764 -0.195195 0
    outer loop
      vertex 42.5511 -0.388228 3.5
      vertex 42.5128 -0.195788 5.6
      vertex 42.5128 -0.195788 3.5
    endloop
  endfacet
  facet normal -0.980764 -0.195195 0
    outer loop
      vertex 42.5128 -0.195788 5.6
      vertex 42.5511 -0.388228 3.5
      vertex 42.5511 -0.388228 5.6
    endloop
  endfacet
  facet normal -0.752018 -0.659142 0
    outer loop
      vertex 42.9393 -1.06066 3.5
      vertex 42.81 -0.913141 5.6
      vertex 42.81 -0.913141 3.5
    endloop
  endfacet
  facet normal -0.752018 -0.659142 0
    outer loop
      vertex 42.81 -0.913141 5.6
      vertex 42.9393 -1.06066 3.5
      vertex 42.9393 -1.06066 5.6
    endloop
  endfacet
  facet normal 0 0 1
    outer loop
      vertex 45.4872 0.195788 5.6
      vertex 45.4872 -0.195788 5.6
      vertex 45.5 0 5.6
    endloop
  endfacet
  facet normal 0 0 1
    outer loop
      vertex 45.4489 0.388228 5.6
      vertex 45.4872 -0.195788 5.6
      vertex 45.4872 0.195788 5.6
    endloop
  endfacet
  facet normal 0 0 1
    outer loop
      vertex 45.4489 0.388228 5.6
      vertex 45.4489 -0.388228 5.6
      vertex 45.4872 -0.195788 5.6
    endloop
  endfacet
  facet normal 0 0 1
    outer loop
      vertex 45.3858 0.574024 5.6
      vertex 45.4489 -0.388228 5.6
      vertex 45.4489 0.388228 5.6
    endloop
  endfacet
  facet normal 0 0 1
    outer loop
      vertex 45.3858 0.574024 5.6
      vertex 45.3858 -0.574024 5.6
      vertex 45.4489 -0.388228 5.6
    endloop
  endfacet
  facet normal 0 0 1
    outer loop
      vertex 45.299 0.75 5.6
      vertex 45.3858 -0.574024 5.6
      vertex 45.3858 0.574024 5.6
    endloop
  endfacet
  facet normal 0 0 1
    outer loop
      vertex 45.299 0.75 5.6
      vertex 45.299 -0.75 5.6
      vertex 45.3858 -0.574024 5.6
    endloop
  endfacet
  facet normal 0 0 1
    outer loop
      vertex 45.19 0.913141 5.6
      vertex 45.299 -0.75 5.6
      vertex 45.299 0.75 5.6
    endloop
  endfacet
  facet normal 0 0 1
    outer loop
      vertex 45.19 0.913141 5.6
      vertex 45.19 -0.913141 5.6
      vertex 45.299 -0.75 5.6
    endloop
  endfacet
  facet normal 0 0 1
    outer loop
      vertex 45.0607 1.06066 5.6
      vertex 45.19 -0.913141 5.6
      vertex 45.19 0.913141 5.6
    endloop
  endfacet
  facet normal 0 0 1
    outer loop
      vertex 45.0607 1.06066 5.6
      vertex 45.0607 -1.06066 5.6
      vertex 45.19 -0.913141 5.6
    endloop
  endfacet
  facet normal 0 0 1
    outer loop
      vertex 44.9131 1.19003 5.6
      vertex 45.0607 -1.06066 5.6
      vertex 45.0607 1.06066 5.6
    endloop
  endfacet
  facet normal 0 0 1
    outer loop
      vertex 44.9131 1.19003 5.6
      vertex 44.9131 -1.19003 5.6
      vertex 45.0607 -1.06066 5.6
    endloop
  endfacet
  facet normal 0 0 1
    outer loop
      vertex 44.75 1.29904 5.6
      vertex 44.9131 -1.19003 5.6
      vertex 44.9131 1.19003 5.6
    endloop
  endfacet
  facet normal 0 0 1
    outer loop
      vertex 44.75 1.29904 5.6
      vertex 44.75 -1.29904 5.6
      vertex 44.9131 -1.19003 5.6
    endloop
  endfacet
  facet normal 0 0 1
    outer loop
      vertex 44.574 1.38582 5.6
      vertex 44.75 -1.29904 5.6
      vertex 44.75 1.29904 5.6
    endloop
  endfacet
  facet normal 0 0 1
    outer loop
      vertex 44.574 1.38582 5.6
      vertex 44.574 -1.38582 5.6
      vertex 44.75 -1.29904 5.6
    endloop
  endfacet
  facet normal 0 0 1
    outer loop
      vertex 44.3882 1.44889 5.6
      vertex 44.574 -1.38582 5.6
      vertex 44.574 1.38582 5.6
    endloop
  endfacet
  facet normal 0 0 1
    outer loop
      vertex 44.3882 1.44889 5.6
      vertex 44.3882 -1.44889 5.6
      vertex 44.574 -1.38582 5.6
    endloop
  endfacet
  facet normal 0 0 1
    outer loop
      vertex 44.1958 1.48717 5.6
      vertex 44.3882 -1.44889 5.6
      vertex 44.3882 1.44889 5.6
    endloop
  endfacet
  facet normal 0 0 1
    outer loop
      vertex 44.1958 1.48717 5.6
      vertex 44.1958 -1.48717 5.6
      vertex 44.3882 -1.44889 5.6
    endloop
  endfacet
  facet normal 0 0 1
    outer loop
      vertex 44 1.5 5.6
      vertex 44.1958 -1.48717 5.6
      vertex 44.1958 1.48717 5.6
    endloop
  endfacet
  facet normal 0 0 1
    outer loop
      vertex 44 1.5 5.6
      vertex 44 -1.5 5.6
      vertex 44.1958 -1.48717 5.6
    endloop
  endfacet
  facet normal -0 0 1
    outer loop
      vertex 43.8042 1.48717 5.6
      vertex 44 -1.5 5.6
      vertex 44 1.5 5.6
    endloop
  endfacet
  facet normal 0 0 1
    outer loop
      vertex 43.8042 1.48717 5.6
      vertex 43.8042 -1.48717 5.6
      vertex 44 -1.5 5.6
    endloop
  endfacet
  facet normal -0 0 1
    outer loop
      vertex 43.6118 1.44889 5.6
      vertex 43.8042 -1.48717 5.6
      vertex 43.8042 1.48717 5.6
    endloop
  endfacet
  facet normal 0 0 1
    outer loop
      vertex 43.6118 1.44889 5.6
      vertex 43.6118 -1.44889 5.6
      vertex 43.8042 -1.48717 5.6
    endloop
  endfacet
  facet normal -0 0 1
    outer loop
      vertex 43.426 1.38582 5.6
      vertex 43.6118 -1.44889 5.6
      vertex 43.6118 1.44889 5.6
    endloop
  endfacet
  facet normal 0 0 1
    outer loop
      vertex 43.426 1.38582 5.6
      vertex 43.426 -1.38582 5.6
      vertex 43.6118 -1.44889 5.6
    endloop
  endfacet
  facet normal -0 0 1
    outer loop
      vertex 43.25 1.29904 5.6
      vertex 43.426 -1.38582 5.6
      vertex 43.426 1.38582 5.6
    endloop
  endfacet
  facet normal 0 0 1
    outer loop
      vertex 43.25 1.29904 5.6
      vertex 43.25 -1.29904 5.6
      vertex 43.426 -1.38582 5.6
    endloop
  endfacet
  facet normal -0 0 1
    outer loop
      vertex 43.0869 1.19003 5.6
      vertex 43.25 -1.29904 5.6
      vertex 43.25 1.29904 5.6
    endloop
  endfacet
  facet normal 0 0 1
    outer loop
      vertex 43.0869 1.19003 5.6
      vertex 43.0869 -1.19003 5.6
      vertex 43.25 -1.29904 5.6
    endloop
  endfacet
  facet normal -0 0 1
    outer loop
      vertex 42.9393 1.06066 5.6
      vertex 43.0869 -1.19003 5.6
      vertex 43.0869 1.19003 5.6
    endloop
  endfacet
  facet normal 0 0 1
    outer loop
      vertex 42.9393 1.06066 5.6
      vertex 42.9393 -1.06066 5.6
      vertex 43.0869 -1.19003 5.6
    endloop
  endfacet
  facet normal -0 0 1
    outer loop
      vertex 42.81 0.913141 5.6
      vertex 42.9393 -1.06066 5.6
      vertex 42.9393 1.06066 5.6
    endloop
  endfacet
  facet normal 0 0 1
    outer loop
      vertex 42.81 0.913141 5.6
      vertex 42.81 -0.913141 5.6
      vertex 42.9393 -1.06066 5.6
    endloop
  endfacet
  facet normal -0 0 1
    outer loop
      vertex 42.701 0.75 5.6
      vertex 42.81 -0.913141 5.6
      vertex 42.81 0.913141 5.6
    endloop
  endfacet
  facet normal 0 0 1
    outer loop
      vertex 42.701 0.75 5.6
      vertex 42.701 -0.75 5.6
      vertex 42.81 -0.913141 5.6
    endloop
  endfacet
  facet normal -0 0 1
    outer loop
      vertex 42.6142 0.574024 5.6
      vertex 42.701 -0.75 5.6
      vertex 42.701 0.75 5.6
    endloop
  endfacet
  facet normal 0 0 1
    outer loop
      vertex 42.6142 0.574024 5.6
      vertex 42.6142 -0.574024 5.6
      vertex 42.701 -0.75 5.6
    endloop
  endfacet
  facet normal -0 0 1
    outer loop
      vertex 42.5511 0.388228 5.6
      vertex 42.6142 -0.574024 5.6
      vertex 42.6142 0.574024 5.6
    endloop
  endfacet
  facet normal 0 0 1
    outer loop
      vertex 42.5511 0.388228 5.6
      vertex 42.5511 -0.388228 5.6
      vertex 42.6142 -0.574024 5.6
    endloop
  endfacet
  facet normal -0 0 1
    outer loop
      vertex 42.5128 0.195788 5.6
      vertex 42.5511 -0.388228 5.6
      vertex 42.5511 0.388228 5.6
    endloop
  endfacet
  facet normal 0 0 1
    outer loop
      vertex 42.5128 0.195788 5.6
      vertex 42.5128 -0.195788 5.6
      vertex 42.5511 -0.388228 5.6
    endloop
  endfacet
  facet normal 0 -0 1
    outer loop
      vertex 42.5128 -0.195788 5.6
      vertex 42.5128 0.195788 5.6
      vertex 42.5 0 5.6
    endloop
  endfacet
  facet normal -0.195136 -0.980776 0
    outer loop
      vertex 43.6118 -1.44889 3.5
      vertex 43.8042 -1.48717 5.6
      vertex 43.6118 -1.44889 5.6
    endloop
  endfacet
  facet normal -0.195136 -0.980776 -0
    outer loop
      vertex 43.8042 -1.48717 5.6
      vertex 43.6118 -1.44889 3.5
      vertex 43.8042 -1.48717 3.5
    endloop
  endfacet
  facet normal -0.831487 0.555544 0
    outer loop
      vertex 42.701 0.75 3.5
      vertex 42.81 0.913141 5.6
      vertex 42.81 0.913141 3.5
    endloop
  endfacet
  facet normal -0.831487 0.555544 0
    outer loop
      vertex 42.81 0.913141 5.6
      vertex 42.701 0.75 3.5
      vertex 42.701 0.75 5.6
    endloop
  endfacet
  facet normal -0.0653858 -0.99786 0
    outer loop
      vertex 43.8042 -1.48717 3.5
      vertex 44 -1.5 5.6
      vertex 43.8042 -1.48717 5.6
    endloop
  endfacet
  facet normal -0.0653858 -0.99786 -0
    outer loop
      vertex 44 -1.5 5.6
      vertex 43.8042 -1.48717 3.5
      vertex 44 -1.5 3.5
    endloop
  endfacet
  facet normal 0.321464 0.946922 -0
    outer loop
      vertex 63.5307 3.69552 0
      vertex 63.0353 3.8637 2.5
      vertex 63.5307 3.69552 2.5
    endloop
  endfacet
  facet normal 0.321464 0.946922 0
    outer loop
      vertex 63.0353 3.8637 2.5
      vertex 63.5307 3.69552 0
      vertex 63.0353 3.8637 0
    endloop
  endfacet
  facet normal 0.980777 0.195133 0
    outer loop
      vertex 65.9658 0.522104 2.5
      vertex 65.8637 1.03528 0
      vertex 65.8637 1.03528 2.5
    endloop
  endfacet
  facet normal 0.980777 0.195133 0
    outer loop
      vertex 65.8637 1.03528 0
      vertex 65.9658 0.522104 2.5
      vertex 65.9658 0.522104 0
    endloop
  endfacet
  facet normal 0.997861 0.0653641 0
    outer loop
      vertex 66 0 2.5
      vertex 65.9658 0.522104 0
      vertex 65.9658 0.522104 2.5
    endloop
  endfacet
  facet normal 0.997861 0.0653641 0
    outer loop
      vertex 65.9658 0.522104 0
      vertex 66 0 2.5
      vertex 66 0 0
    endloop
  endfacet
  facet normal 0.94692 0.321469 0
    outer loop
      vertex 65.8637 1.03528 2.5
      vertex 65.6955 1.53073 0
      vertex 65.6955 1.53073 2.5
    endloop
  endfacet
  facet normal 0.94692 0.321469 0
    outer loop
      vertex 65.6955 1.53073 0
      vertex 65.8637 1.03528 2.5
      vertex 65.8637 1.03528 0
    endloop
  endfacet
  facet normal 0.442268 0.896883 -0
    outer loop
      vertex 64 3.4641 0
      vertex 63.5307 3.69552 2.5
      vertex 64 3.4641 2.5
    endloop
  endfacet
  facet normal 0.442268 0.896883 0
    outer loop
      vertex 63.5307 3.69552 2.5
      vertex 64 3.4641 0
      vertex 63.5307 3.69552 0
    endloop
  endfacet
  facet normal -0.997861 -0.0653641 0
    outer loop
      vertex 58.0342 -0.522104 0
      vertex 58 0 2.5
      vertex 58 0 0
    endloop
  endfacet
  facet normal -0.997861 -0.0653641 0
    outer loop
      vertex 58 0 2.5
      vertex 58.0342 -0.522104 0
      vertex 58.0342 -0.522104 2.5
    endloop
  endfacet
  facet normal 0.896887 0.44226 0
    outer loop
      vertex 65.6955 1.53073 2.5
      vertex 65.4641 2 0
      vertex 65.4641 2 2.5
    endloop
  endfacet
  facet normal 0.896887 0.44226 0
    outer loop
      vertex 65.4641 2 0
      vertex 65.6955 1.53073 2.5
      vertex 65.6955 1.53073 0
    endloop
  endfacet
  facet normal 0.831462 0.555582 0
    outer loop
      vertex 65.4641 2 2.5
      vertex 65.1734 2.43505 0
      vertex 65.1734 2.43505 2.5
    endloop
  endfacet
  facet normal 0.831462 0.555582 0
    outer loop
      vertex 65.1734 2.43505 0
      vertex 65.4641 2 2.5
      vertex 65.4641 2 0
    endloop
  endfacet
  facet normal 0.659321 0.751861 -0
    outer loop
      vertex 64.8284 2.82843 0
      vertex 64.435 3.17341 2.5
      vertex 64.8284 2.82843 2.5
    endloop
  endfacet
  facet normal 0.659321 0.751861 0
    outer loop
      vertex 64.435 3.17341 2.5
      vertex 64.8284 2.82843 0
      vertex 64.435 3.17341 0
    endloop
  endfacet
  facet normal -0.659321 0.751861 0
    outer loop
      vertex 59.565 3.17341 0
      vertex 59.1716 2.82843 2.5
      vertex 59.565 3.17341 2.5
    endloop
  endfacet
  facet normal -0.659321 0.751861 0
    outer loop
      vertex 59.1716 2.82843 2.5
      vertex 59.565 3.17341 0
      vertex 59.1716 2.82843 0
    endloop
  endfacet
  facet normal 0.751826 0.659362 0
    outer loop
      vertex 65.1734 2.43505 2.5
      vertex 64.8284 2.82843 0
      vertex 64.8284 2.82843 2.5
    endloop
  endfacet
  facet normal 0.751826 0.659362 0
    outer loop
      vertex 64.8284 2.82843 0
      vertex 65.1734 2.43505 2.5
      vertex 65.1734 2.43505 0
    endloop
  endfacet
  facet normal -0.980777 0.195133 0
    outer loop
      vertex 58.0342 0.522104 0
      vertex 58.1363 1.03528 2.5
      vertex 58.1363 1.03528 0
    endloop
  endfacet
  facet normal -0.980777 0.195133 0
    outer loop
      vertex 58.1363 1.03528 2.5
      vertex 58.0342 0.522104 0
      vertex 58.0342 0.522104 2.5
    endloop
  endfacet
  facet normal -0.555613 -0.831441 0
    outer loop
      vertex 59.565 -3.17341 0
      vertex 60 -3.4641 2.5
      vertex 59.565 -3.17341 2.5
    endloop
  endfacet
  facet normal -0.555613 -0.831441 -0
    outer loop
      vertex 60 -3.4641 2.5
      vertex 59.565 -3.17341 0
      vertex 60 -3.4641 0
    endloop
  endfacet
  facet normal -0.997861 0.0653641 0
    outer loop
      vertex 58 0 0
      vertex 58.0342 0.522104 2.5
      vertex 58.0342 0.522104 0
    endloop
  endfacet
  facet normal -0.997861 0.0653641 0
    outer loop
      vertex 58.0342 0.522104 2.5
      vertex 58 0 0
      vertex 58 0 2.5
    endloop
  endfacet
  facet normal -0.751826 -0.659362 0
    outer loop
      vertex 59.1716 -2.82843 0
      vertex 58.8266 -2.43505 2.5
      vertex 58.8266 -2.43505 0
    endloop
  endfacet
  facet normal -0.751826 -0.659362 0
    outer loop
      vertex 58.8266 -2.43505 2.5
      vertex 59.1716 -2.82843 0
      vertex 59.1716 -2.82843 2.5
    endloop
  endfacet
  facet normal 0.195087 -0.980786 0
    outer loop
      vertex 62.5221 -3.96578 0
      vertex 63.0353 -3.8637 2.5
      vertex 62.5221 -3.96578 2.5
    endloop
  endfacet
  facet normal 0.195087 -0.980786 0
    outer loop
      vertex 63.0353 -3.8637 2.5
      vertex 62.5221 -3.96578 0
      vertex 63.0353 -3.8637 0
    endloop
  endfacet
  facet normal -0.442268 0.896883 0
    outer loop
      vertex 60.4693 3.69552 0
      vertex 60 3.4641 2.5
      vertex 60.4693 3.69552 2.5
    endloop
  endfacet
  facet normal -0.442268 0.896883 0
    outer loop
      vertex 60 3.4641 2.5
      vertex 60.4693 3.69552 0
      vertex 60 3.4641 0
    endloop
  endfacet
  facet normal -0.321464 -0.946922 0
    outer loop
      vertex 60.4693 -3.69552 0
      vertex 60.9647 -3.8637 2.5
      vertex 60.4693 -3.69552 2.5
    endloop
  endfacet
  facet normal -0.321464 -0.946922 -0
    outer loop
      vertex 60.9647 -3.8637 2.5
      vertex 60.4693 -3.69552 0
      vertex 60.9647 -3.8637 0
    endloop
  endfacet
  facet normal 0.980777 -0.195133 0
    outer loop
      vertex 65.8637 -1.03528 2.5
      vertex 65.9658 -0.522104 0
      vertex 65.9658 -0.522104 2.5
    endloop
  endfacet
  facet normal 0.980777 -0.195133 0
    outer loop
      vertex 65.9658 -0.522104 0
      vertex 65.8637 -1.03528 2.5
      vertex 65.8637 -1.03528 0
    endloop
  endfacet
  facet normal -0.751826 0.659362 0
    outer loop
      vertex 58.8266 2.43505 0
      vertex 59.1716 2.82843 2.5
      vertex 59.1716 2.82843 0
    endloop
  endfacet
  facet normal -0.751826 0.659362 0
    outer loop
      vertex 59.1716 2.82843 2.5
      vertex 58.8266 2.43505 0
      vertex 58.8266 2.43505 2.5
    endloop
  endfacet
  facet normal 0.831462 -0.555582 0
    outer loop
      vertex 65.1734 -2.43505 2.5
      vertex 65.4641 -2 0
      vertex 65.4641 -2 2.5
    endloop
  endfacet
  facet normal 0.831462 -0.555582 0
    outer loop
      vertex 65.4641 -2 0
      vertex 65.1734 -2.43505 2.5
      vertex 65.1734 -2.43505 0
    endloop
  endfacet
  facet normal -0.321464 0.946922 0
    outer loop
      vertex 60.9647 3.8637 0
      vertex 60.4693 3.69552 2.5
      vertex 60.9647 3.8637 2.5
    endloop
  endfacet
  facet normal -0.321464 0.946922 0
    outer loop
      vertex 60.4693 3.69552 2.5
      vertex 60.9647 3.8637 0
      vertex 60.4693 3.69552 0
    endloop
  endfacet
  facet normal -0.980777 -0.195133 0
    outer loop
      vertex 58.1363 -1.03528 0
      vertex 58.0342 -0.522104 2.5
      vertex 58.0342 -0.522104 0
    endloop
  endfacet
  facet normal -0.980777 -0.195133 0
    outer loop
      vertex 58.0342 -0.522104 2.5
      vertex 58.1363 -1.03528 0
      vertex 58.1363 -1.03528 2.5
    endloop
  endfacet
  facet normal -0.195087 -0.980786 0
    outer loop
      vertex 60.9647 -3.8637 0
      vertex 61.4779 -3.96578 2.5
      vertex 60.9647 -3.8637 2.5
    endloop
  endfacet
  facet normal -0.195087 -0.980786 -0
    outer loop
      vertex 61.4779 -3.96578 2.5
      vertex 60.9647 -3.8637 0
      vertex 61.4779 -3.96578 0
    endloop
  endfacet
  facet normal 0.555613 0.831441 -0
    outer loop
      vertex 64.435 3.17341 0
      vertex 64 3.4641 2.5
      vertex 64.435 3.17341 2.5
    endloop
  endfacet
  facet normal 0.555613 0.831441 0
    outer loop
      vertex 64 3.4641 2.5
      vertex 64.435 3.17341 0
      vertex 64 3.4641 0
    endloop
  endfacet
  facet normal 0.94692 -0.321469 0
    outer loop
      vertex 65.6955 -1.53073 2.5
      vertex 65.8637 -1.03528 0
      vertex 65.8637 -1.03528 2.5
    endloop
  endfacet
  facet normal 0.94692 -0.321469 0
    outer loop
      vertex 65.8637 -1.03528 0
      vertex 65.6955 -1.53073 2.5
      vertex 65.6955 -1.53073 0
    endloop
  endfacet
  facet normal 0.0654027 -0.997859 0
    outer loop
      vertex 62 -4 0
      vertex 62.5221 -3.96578 2.5
      vertex 62 -4 2.5
    endloop
  endfacet
  facet normal 0.0654027 -0.997859 0
    outer loop
      vertex 62.5221 -3.96578 2.5
      vertex 62 -4 0
      vertex 62.5221 -3.96578 0
    endloop
  endfacet
  facet normal 0.751826 -0.659362 0
    outer loop
      vertex 64.8284 -2.82843 2.5
      vertex 65.1734 -2.43505 0
      vertex 65.1734 -2.43505 2.5
    endloop
  endfacet
  facet normal 0.751826 -0.659362 0
    outer loop
      vertex 65.1734 -2.43505 0
      vertex 64.8284 -2.82843 2.5
      vertex 64.8284 -2.82843 0
    endloop
  endfacet
  facet normal -0.0654027 0.997859 0
    outer loop
      vertex 62 4 0
      vertex 61.4779 3.96578 2.5
      vertex 62 4 2.5
    endloop
  endfacet
  facet normal -0.0654027 0.997859 0
    outer loop
      vertex 61.4779 3.96578 2.5
      vertex 62 4 0
      vertex 61.4779 3.96578 0
    endloop
  endfacet
  facet normal 0.555613 -0.831441 0
    outer loop
      vertex 64 -3.4641 0
      vertex 64.435 -3.17341 2.5
      vertex 64 -3.4641 2.5
    endloop
  endfacet
  facet normal 0.555613 -0.831441 0
    outer loop
      vertex 64.435 -3.17341 2.5
      vertex 64 -3.4641 0
      vertex 64.435 -3.17341 0
    endloop
  endfacet
  facet normal -0.659321 -0.751861 0
    outer loop
      vertex 59.1716 -2.82843 0
      vertex 59.565 -3.17341 2.5
      vertex 59.1716 -2.82843 2.5
    endloop
  endfacet
  facet normal -0.659321 -0.751861 -0
    outer loop
      vertex 59.565 -3.17341 2.5
      vertex 59.1716 -2.82843 0
      vertex 59.565 -3.17341 0
    endloop
  endfacet
  facet normal -0.896887 0.44226 0
    outer loop
      vertex 58.3045 1.53073 0
      vertex 58.5359 2 2.5
      vertex 58.5359 2 0
    endloop
  endfacet
  facet normal -0.896887 0.44226 0
    outer loop
      vertex 58.5359 2 2.5
      vertex 58.3045 1.53073 0
      vertex 58.3045 1.53073 2.5
    endloop
  endfacet
  facet normal 0.0654027 0.997859 -0
    outer loop
      vertex 62.5221 3.96578 0
      vertex 62 4 2.5
      vertex 62.5221 3.96578 2.5
    endloop
  endfacet
  facet normal 0.0654027 0.997859 0
    outer loop
      vertex 62 4 2.5
      vertex 62.5221 3.96578 0
      vertex 62 4 0
    endloop
  endfacet
  facet normal 0.997861 -0.0653641 0
    outer loop
      vertex 65.9658 -0.522104 2.5
      vertex 66 0 0
      vertex 66 0 2.5
    endloop
  endfacet
  facet normal 0.997861 -0.0653641 0
    outer loop
      vertex 66 0 0
      vertex 65.9658 -0.522104 2.5
      vertex 65.9658 -0.522104 0
    endloop
  endfacet
  facet normal -0.195087 0.980786 0
    outer loop
      vertex 61.4779 3.96578 0
      vertex 60.9647 3.8637 2.5
      vertex 61.4779 3.96578 2.5
    endloop
  endfacet
  facet normal -0.195087 0.980786 0
    outer loop
      vertex 60.9647 3.8637 2.5
      vertex 61.4779 3.96578 0
      vertex 60.9647 3.8637 0
    endloop
  endfacet
  facet normal -0.555613 0.831441 0
    outer loop
      vertex 60 3.4641 0
      vertex 59.565 3.17341 2.5
      vertex 60 3.4641 2.5
    endloop
  endfacet
  facet normal -0.555613 0.831441 0
    outer loop
      vertex 59.565 3.17341 2.5
      vertex 60 3.4641 0
      vertex 59.565 3.17341 0
    endloop
  endfacet
  facet normal -0.0654027 -0.997859 0
    outer loop
      vertex 61.4779 -3.96578 0
      vertex 62 -4 2.5
      vertex 61.4779 -3.96578 2.5
    endloop
  endfacet
  facet normal -0.0654027 -0.997859 -0
    outer loop
      vertex 62 -4 2.5
      vertex 61.4779 -3.96578 0
      vertex 62 -4 0
    endloop
  endfacet
  facet normal 0.896887 -0.44226 0
    outer loop
      vertex 65.4641 -2 2.5
      vertex 65.6955 -1.53073 0
      vertex 65.6955 -1.53073 2.5
    endloop
  endfacet
  facet normal 0.896887 -0.44226 0
    outer loop
      vertex 65.6955 -1.53073 0
      vertex 65.4641 -2 2.5
      vertex 65.4641 -2 0
    endloop
  endfacet
  facet normal -0.94692 0.321469 0
    outer loop
      vertex 58.1363 1.03528 0
      vertex 58.3045 1.53073 2.5
      vertex 58.3045 1.53073 0
    endloop
  endfacet
  facet normal -0.94692 0.321469 0
    outer loop
      vertex 58.3045 1.53073 2.5
      vertex 58.1363 1.03528 0
      vertex 58.1363 1.03528 2.5
    endloop
  endfacet
  facet normal -0.94692 -0.321469 0
    outer loop
      vertex 58.3045 -1.53073 0
      vertex 58.1363 -1.03528 2.5
      vertex 58.1363 -1.03528 0
    endloop
  endfacet
  facet normal -0.94692 -0.321469 0
    outer loop
      vertex 58.1363 -1.03528 2.5
      vertex 58.3045 -1.53073 0
      vertex 58.3045 -1.53073 2.5
    endloop
  endfacet
  facet normal 0 0 -1
    outer loop
      vertex 65.9658 -0.522104 0
      vertex 65.9658 0.522104 0
      vertex 66 0 0
    endloop
  endfacet
  facet normal 0 0 -1
    outer loop
      vertex 65.8637 -1.03528 0
      vertex 65.9658 0.522104 0
      vertex 65.9658 -0.522104 0
    endloop
  endfacet
  facet normal 0 0 -1
    outer loop
      vertex 65.8637 -1.03528 0
      vertex 65.8637 1.03528 0
      vertex 65.9658 0.522104 0
    endloop
  endfacet
  facet normal 0 0 -1
    outer loop
      vertex 65.6955 -1.53073 0
      vertex 65.8637 1.03528 0
      vertex 65.8637 -1.03528 0
    endloop
  endfacet
  facet normal 0 0 -1
    outer loop
      vertex 65.6955 -1.53073 0
      vertex 65.6955 1.53073 0
      vertex 65.8637 1.03528 0
    endloop
  endfacet
  facet normal 0 0 -1
    outer loop
      vertex 65.4641 -2 0
      vertex 65.6955 1.53073 0
      vertex 65.6955 -1.53073 0
    endloop
  endfacet
  facet normal 0 0 -1
    outer loop
      vertex 65.4641 -2 0
      vertex 65.4641 2 0
      vertex 65.6955 1.53073 0
    endloop
  endfacet
  facet normal 0 0 -1
    outer loop
      vertex 65.1734 -2.43505 0
      vertex 65.4641 2 0
      vertex 65.4641 -2 0
    endloop
  endfacet
  facet normal 0 0 -1
    outer loop
      vertex 65.1734 -2.43505 0
      vertex 65.1734 2.43505 0
      vertex 65.4641 2 0
    endloop
  endfacet
  facet normal 0 0 -1
    outer loop
      vertex 64.8284 -2.82843 0
      vertex 65.1734 2.43505 0
      vertex 65.1734 -2.43505 0
    endloop
  endfacet
  facet normal 0 0 -1
    outer loop
      vertex 64.8284 -2.82843 0
      vertex 64.8284 2.82843 0
      vertex 65.1734 2.43505 0
    endloop
  endfacet
  facet normal 0 0 -1
    outer loop
      vertex 64.435 -3.17341 0
      vertex 64.8284 2.82843 0
      vertex 64.8284 -2.82843 0
    endloop
  endfacet
  facet normal 0 0 -1
    outer loop
      vertex 64.435 -3.17341 0
      vertex 64.435 3.17341 0
      vertex 64.8284 2.82843 0
    endloop
  endfacet
  facet normal 0 0 -1
    outer loop
      vertex 64 -3.4641 0
      vertex 64.435 3.17341 0
      vertex 64.435 -3.17341 0
    endloop
  endfacet
  facet normal 0 0 -1
    outer loop
      vertex 64 -3.4641 0
      vertex 64 3.4641 0
      vertex 64.435 3.17341 0
    endloop
  endfacet
  facet normal 0 0 -1
    outer loop
      vertex 63.5307 -3.69552 0
      vertex 64 3.4641 0
      vertex 64 -3.4641 0
    endloop
  endfacet
  facet normal 0 0 -1
    outer loop
      vertex 63.5307 -3.69552 0
      vertex 63.5307 3.69552 0
      vertex 64 3.4641 0
    endloop
  endfacet
  facet normal 0 0 -1
    outer loop
      vertex 63.0353 -3.8637 0
      vertex 63.5307 3.69552 0
      vertex 63.5307 -3.69552 0
    endloop
  endfacet
  facet normal 0 0 -1
    outer loop
      vertex 63.0353 -3.8637 0
      vertex 63.0353 3.8637 0
      vertex 63.5307 3.69552 0
    endloop
  endfacet
  facet normal 0 0 -1
    outer loop
      vertex 62.5221 -3.96578 0
      vertex 63.0353 3.8637 0
      vertex 63.0353 -3.8637 0
    endloop
  endfacet
  facet normal 0 0 -1
    outer loop
      vertex 62.5221 -3.96578 0
      vertex 62.5221 3.96578 0
      vertex 63.0353 3.8637 0
    endloop
  endfacet
  facet normal 0 0 -1
    outer loop
      vertex 62 -4 0
      vertex 62.5221 3.96578 0
      vertex 62.5221 -3.96578 0
    endloop
  endfacet
  facet normal 0 0 -1
    outer loop
      vertex 62 -4 0
      vertex 62 4 0
      vertex 62.5221 3.96578 0
    endloop
  endfacet
  facet normal 0 0 -1
    outer loop
      vertex 61.4779 -3.96578 0
      vertex 62 4 0
      vertex 62 -4 0
    endloop
  endfacet
  facet normal 0 0 -1
    outer loop
      vertex 61.4779 -3.96578 0
      vertex 61.4779 3.96578 0
      vertex 62 4 0
    endloop
  endfacet
  facet normal 0 0 -1
    outer loop
      vertex 60.9647 -3.8637 0
      vertex 61.4779 3.96578 0
      vertex 61.4779 -3.96578 0
    endloop
  endfacet
  facet normal 0 0 -1
    outer loop
      vertex 60.9647 -3.8637 0
      vertex 60.9647 3.8637 0
      vertex 61.4779 3.96578 0
    endloop
  endfacet
  facet normal 0 0 -1
    outer loop
      vertex 60.4693 -3.69552 0
      vertex 60.9647 3.8637 0
      vertex 60.9647 -3.8637 0
    endloop
  endfacet
  facet normal 0 0 -1
    outer loop
      vertex 60.4693 -3.69552 0
      vertex 60.4693 3.69552 0
      vertex 60.9647 3.8637 0
    endloop
  endfacet
  facet normal 0 0 -1
    outer loop
      vertex 60 -3.4641 0
      vertex 60.4693 3.69552 0
      vertex 60.4693 -3.69552 0
    endloop
  endfacet
  facet normal 0 0 -1
    outer loop
      vertex 60 -3.4641 0
      vertex 60 3.4641 0
      vertex 60.4693 3.69552 0
    endloop
  endfacet
  facet normal 0 0 -1
    outer loop
      vertex 59.565 -3.17341 0
      vertex 60 3.4641 0
      vertex 60 -3.4641 0
    endloop
  endfacet
  facet normal 0 0 -1
    outer loop
      vertex 59.565 -3.17341 0
      vertex 59.565 3.17341 0
      vertex 60 3.4641 0
    endloop
  endfacet
  facet normal 0 0 -1
    outer loop
      vertex 59.1716 -2.82843 0
      vertex 59.565 3.17341 0
      vertex 59.565 -3.17341 0
    endloop
  endfacet
  facet normal 0 0 -1
    outer loop
      vertex 59.1716 -2.82843 0
      vertex 59.1716 2.82843 0
      vertex 59.565 3.17341 0
    endloop
  endfacet
  facet normal 0 0 -1
    outer loop
      vertex 58.8266 -2.43505 0
      vertex 59.1716 2.82843 0
      vertex 59.1716 -2.82843 0
    endloop
  endfacet
  facet normal 0 0 -1
    outer loop
      vertex 58.8266 -2.43505 0
      vertex 58.8266 2.43505 0
      vertex 59.1716 2.82843 0
    endloop
  endfacet
  facet normal 0 0 -1
    outer loop
      vertex 58.5359 -2 0
      vertex 58.8266 2.43505 0
      vertex 58.8266 -2.43505 0
    endloop
  endfacet
  facet normal 0 0 -1
    outer loop
      vertex 58.5359 -2 0
      vertex 58.5359 2 0
      vertex 58.8266 2.43505 0
    endloop
  endfacet
  facet normal 0 0 -1
    outer loop
      vertex 58.3045 -1.53073 0
      vertex 58.5359 2 0
      vertex 58.5359 -2 0
    endloop
  endfacet
  facet normal 0 0 -1
    outer loop
      vertex 58.3045 -1.53073 0
      vertex 58.3045 1.53073 0
      vertex 58.5359 2 0
    endloop
  endfacet
  facet normal 0 0 -1
    outer loop
      vertex 58.1363 -1.03528 0
      vertex 58.3045 1.53073 0
      vertex 58.3045 -1.53073 0
    endloop
  endfacet
  facet normal 0 0 -1
    outer loop
      vertex 58.1363 -1.03528 0
      vertex 58.1363 1.03528 0
      vertex 58.3045 1.53073 0
    endloop
  endfacet
  facet normal 0 0 -1
    outer loop
      vertex 58.0342 -0.522104 0
      vertex 58.1363 1.03528 0
      vertex 58.1363 -1.03528 0
    endloop
  endfacet
  facet normal 0 0 -1
    outer loop
      vertex 58.0342 -0.522104 0
      vertex 58.0342 0.522104 0
      vertex 58.1363 1.03528 0
    endloop
  endfacet
  facet normal 0 -0 -1
    outer loop
      vertex 58.0342 0.522104 0
      vertex 58.0342 -0.522104 0
      vertex 58 0 0
    endloop
  endfacet
  facet normal -0.831462 0.555582 0
    outer loop
      vertex 58.5359 2 0
      vertex 58.8266 2.43505 2.5
      vertex 58.8266 2.43505 0
    endloop
  endfacet
  facet normal -0.831462 0.555582 0
    outer loop
      vertex 58.8266 2.43505 2.5
      vertex 58.5359 2 0
      vertex 58.5359 2 2.5
    endloop
  endfacet
  facet normal 0.442268 -0.896883 0
    outer loop
      vertex 63.5307 -3.69552 0
      vertex 64 -3.4641 2.5
      vertex 63.5307 -3.69552 2.5
    endloop
  endfacet
  facet normal 0.442268 -0.896883 0
    outer loop
      vertex 64 -3.4641 2.5
      vertex 63.5307 -3.69552 0
      vertex 64 -3.4641 0
    endloop
  endfacet
  facet normal 0.321464 -0.946922 0
    outer loop
      vertex 63.0353 -3.8637 0
      vertex 63.5307 -3.69552 2.5
      vertex 63.0353 -3.8637 2.5
    endloop
  endfacet
  facet normal 0.321464 -0.946922 0
    outer loop
      vertex 63.5307 -3.69552 2.5
      vertex 63.0353 -3.8637 0
      vertex 63.5307 -3.69552 0
    endloop
  endfacet
  facet normal 0.659321 -0.751861 0
    outer loop
      vertex 64.435 -3.17341 0
      vertex 64.8284 -2.82843 2.5
      vertex 64.435 -3.17341 2.5
    endloop
  endfacet
  facet normal 0.659321 -0.751861 0
    outer loop
      vertex 64.8284 -2.82843 2.5
      vertex 64.435 -3.17341 0
      vertex 64.8284 -2.82843 0
    endloop
  endfacet
  facet normal -0.896887 -0.44226 0
    outer loop
      vertex 58.5359 -2 0
      vertex 58.3045 -1.53073 2.5
      vertex 58.3045 -1.53073 0
    endloop
  endfacet
  facet normal -0.896887 -0.44226 0
    outer loop
      vertex 58.3045 -1.53073 2.5
      vertex 58.5359 -2 0
      vertex 58.5359 -2 2.5
    endloop
  endfacet
  facet normal 0.195087 0.980786 -0
    outer loop
      vertex 63.0353 3.8637 0
      vertex 62.5221 3.96578 2.5
      vertex 63.0353 3.8637 2.5
    endloop
  endfacet
  facet normal 0.195087 0.980786 0
    outer loop
      vertex 62.5221 3.96578 2.5
      vertex 63.0353 3.8637 0
      vertex 62.5221 3.96578 0
    endloop
  endfacet
  facet normal -0.442268 -0.896883 0
    outer loop
      vertex 60 -3.4641 0
      vertex 60.4693 -3.69552 2.5
      vertex 60 -3.4641 2.5
    endloop
  endfacet
  facet normal -0.442268 -0.896883 -0
    outer loop
      vertex 60.4693 -3.69552 2.5
      vertex 60 -3.4641 0
      vertex 60.4693 -3.69552 0
    endloop
  endfacet
  facet normal -0.831462 -0.555582 0
    outer loop
      vertex 58.8266 -2.43505 0
      vertex 58.5359 -2 2.5
      vertex 58.5359 -2 0
    endloop
  endfacet
  facet normal -0.831462 -0.555582 0
    outer loop
      vertex 58.5359 -2 2.5
      vertex 58.8266 -2.43505 0
      vertex 58.8266 -2.43505 2.5
    endloop
  endfacet
  facet normal 0 0 1
    outer loop
      vertex 63.5 0 3.5
      vertex 67.5 0 3.5
      vertex 67.4529 0.717894 3.5
    endloop
  endfacet
  facet normal 0 0 1
    outer loop
      vertex 63.4872 0.195788 3.5
      vertex 67.4529 0.717894 3.5
      vertex 67.3126 1.4235 3.5
    endloop
  endfacet
  facet normal 0 0 1
    outer loop
      vertex 67.5 0 3.5
      vertex 63.5 0 3.5
      vertex 67.4529 -0.717894 3.5
    endloop
  endfacet
  facet normal 0 0 1
    outer loop
      vertex 63.4489 0.388228 3.5
      vertex 67.3126 1.4235 3.5
      vertex 67.0813 2.10476 3.5
    endloop
  endfacet
  facet normal -0 0 1
    outer loop
      vertex 63.4872 -0.195788 3.5
      vertex 67.4529 -0.717894 3.5
      vertex 63.5 0 3.5
    endloop
  endfacet
  facet normal 0 0 1
    outer loop
      vertex 63.3858 0.574024 3.5
      vertex 67.0813 2.10476 3.5
      vertex 66.7631 2.75 3.5
    endloop
  endfacet
  facet normal 0 0 1
    outer loop
      vertex 67.4529 -0.717894 3.5
      vertex 63.4872 -0.195788 3.5
      vertex 67.3126 -1.4235 3.5
    endloop
  endfacet
  facet normal 0 0 1
    outer loop
      vertex 63.299 0.75 3.5
      vertex 66.7631 2.75 3.5
      vertex 66.3634 3.34819 3.5
    endloop
  endfacet
  facet normal -0 0 1
    outer loop
      vertex 63.4489 -0.388228 3.5
      vertex 67.3126 -1.4235 3.5
      vertex 63.4872 -0.195788 3.5
    endloop
  endfacet
  facet normal 0 0 1
    outer loop
      vertex 63.19 0.913141 3.5
      vertex 66.3634 3.34819 3.5
      vertex 65.8891 3.88909 3.5
    endloop
  endfacet
  facet normal 0 0 1
    outer loop
      vertex 67.3126 -1.4235 3.5
      vertex 63.4489 -0.388228 3.5
      vertex 67.0813 -2.10476 3.5
    endloop
  endfacet
  facet normal 0 0 1
    outer loop
      vertex 63.0607 1.06066 3.5
      vertex 65.8891 3.88909 3.5
      vertex 65.3482 4.36344 3.5
    endloop
  endfacet
  facet normal -0 0 1
    outer loop
      vertex 63.3858 -0.574024 3.5
      vertex 67.0813 -2.10476 3.5
      vertex 63.4489 -0.388228 3.5
    endloop
  endfacet
  facet normal 0 0 1
    outer loop
      vertex 62.9131 1.19003 3.5
      vertex 65.3482 4.36344 3.5
      vertex 64.75 4.76314 3.5
    endloop
  endfacet
  facet normal 0 0 1
    outer loop
      vertex 67.0813 -2.10476 3.5
      vertex 63.3858 -0.574024 3.5
      vertex 66.7631 -2.75 3.5
    endloop
  endfacet
  facet normal 0 0 1
    outer loop
      vertex 62.75 1.29904 3.5
      vertex 64.75 4.76314 3.5
      vertex 64.1048 5.08134 3.5
    endloop
  endfacet
  facet normal -0 0 1
    outer loop
      vertex 63.299 -0.75 3.5
      vertex 66.7631 -2.75 3.5
      vertex 63.3858 -0.574024 3.5
    endloop
  endfacet
  facet normal 0 0 1
    outer loop
      vertex 66.7631 -2.75 3.5
      vertex 63.299 -0.75 3.5
      vertex 66.3634 -3.34819 3.5
    endloop
  endfacet
  facet normal 0 0 1
    outer loop
      vertex 67.4529 0.717894 3.5
      vertex 63.4872 0.195788 3.5
      vertex 63.5 0 3.5
    endloop
  endfacet
  facet normal 0 0 1
    outer loop
      vertex 67.3126 1.4235 3.5
      vertex 63.4489 0.388228 3.5
      vertex 63.4872 0.195788 3.5
    endloop
  endfacet
  facet normal 0 0 1
    outer loop
      vertex 62.574 1.38582 3.5
      vertex 64.1048 5.08134 3.5
      vertex 63.4235 5.31259 3.5
    endloop
  endfacet
  facet normal 0 0 1
    outer loop
      vertex 67.0813 2.10476 3.5
      vertex 63.3858 0.574024 3.5
      vertex 63.4489 0.388228 3.5
    endloop
  endfacet
  facet normal 0 0 1
    outer loop
      vertex 66.7631 2.75 3.5
      vertex 63.299 0.75 3.5
      vertex 63.3858 0.574024 3.5
    endloop
  endfacet
  facet normal 0 0 1
    outer loop
      vertex 66.3634 3.34819 3.5
      vertex 63.19 0.913141 3.5
      vertex 63.299 0.75 3.5
    endloop
  endfacet
  facet normal 0 0 1
    outer loop
      vertex 65.8891 3.88909 3.5
      vertex 63.0607 1.06066 3.5
      vertex 63.19 0.913141 3.5
    endloop
  endfacet
  facet normal 0 0 1
    outer loop
      vertex 65.3482 4.36344 3.5
      vertex 62.9131 1.19003 3.5
      vertex 63.0607 1.06066 3.5
    endloop
  endfacet
  facet normal 0 0 1
    outer loop
      vertex 64.75 4.76314 3.5
      vertex 62.75 1.29904 3.5
      vertex 62.9131 1.19003 3.5
    endloop
  endfacet
  facet normal 0 0 1
    outer loop
      vertex 62.3882 1.44889 3.5
      vertex 63.4235 5.31259 3.5
      vertex 62.7179 5.45295 3.5
    endloop
  endfacet
  facet normal 0 0 1
    outer loop
      vertex 64.1048 5.08134 3.5
      vertex 62.574 1.38582 3.5
      vertex 62.75 1.29904 3.5
    endloop
  endfacet
  facet normal 0 0 1
    outer loop
      vertex 63.4235 5.31259 3.5
      vertex 62.3882 1.44889 3.5
      vertex 62.574 1.38582 3.5
    endloop
  endfacet
  facet normal 0 0 1
    outer loop
      vertex 62.7179 5.45295 3.5
      vertex 62.1958 1.48717 3.5
      vertex 62.3882 1.44889 3.5
    endloop
  endfacet
  facet normal 0 0 1
    outer loop
      vertex 62 5.5 3.5
      vertex 62.1958 1.48717 3.5
      vertex 62.7179 5.45295 3.5
    endloop
  endfacet
  facet normal 0 0 1
    outer loop
      vertex 62 5.5 3.5
      vertex 62 1.5 3.5
      vertex 62.1958 1.48717 3.5
    endloop
  endfacet
  facet normal 0 0 1
    outer loop
      vertex 62 5.5 3.5
      vertex 61.8042 1.48717 3.5
      vertex 62 1.5 3.5
    endloop
  endfacet
  facet normal -0 0 1
    outer loop
      vertex 61.2821 5.45295 3.5
      vertex 61.8042 1.48717 3.5
      vertex 62 5.5 3.5
    endloop
  endfacet
  facet normal 0 0 1
    outer loop
      vertex 61.8042 1.48717 3.5
      vertex 61.2821 5.45295 3.5
      vertex 61.6118 1.44889 3.5
    endloop
  endfacet
  facet normal -0 0 1
    outer loop
      vertex 60.5765 5.31259 3.5
      vertex 61.6118 1.44889 3.5
      vertex 61.2821 5.45295 3.5
    endloop
  endfacet
  facet normal 0 0 1
    outer loop
      vertex 61.6118 1.44889 3.5
      vertex 60.5765 5.31259 3.5
      vertex 61.426 1.38582 3.5
    endloop
  endfacet
  facet normal -0 0 1
    outer loop
      vertex 59.8952 5.08134 3.5
      vertex 61.426 1.38582 3.5
      vertex 60.5765 5.31259 3.5
    endloop
  endfacet
  facet normal 0 0 1
    outer loop
      vertex 61.426 1.38582 3.5
      vertex 59.8952 5.08134 3.5
      vertex 61.25 1.29904 3.5
    endloop
  endfacet
  facet normal -0 0 1
    outer loop
      vertex 59.25 4.76314 3.5
      vertex 61.25 1.29904 3.5
      vertex 59.8952 5.08134 3.5
    endloop
  endfacet
  facet normal 0 0 1
    outer loop
      vertex 61.25 1.29904 3.5
      vertex 59.25 4.76314 3.5
      vertex 61.0869 1.19003 3.5
    endloop
  endfacet
  facet normal -0 0 1
    outer loop
      vertex 58.6518 4.36344 3.5
      vertex 61.0869 1.19003 3.5
      vertex 59.25 4.76314 3.5
    endloop
  endfacet
  facet normal 0 0 1
    outer loop
      vertex 61.0869 1.19003 3.5
      vertex 58.6518 4.36344 3.5
      vertex 60.9393 1.06066 3.5
    endloop
  endfacet
  facet normal -0 0 1
    outer loop
      vertex 58.1109 3.88909 3.5
      vertex 60.9393 1.06066 3.5
      vertex 58.6518 4.36344 3.5
    endloop
  endfacet
  facet normal 0 0 1
    outer loop
      vertex 60.9393 1.06066 3.5
      vertex 58.1109 3.88909 3.5
      vertex 60.81 0.913141 3.5
    endloop
  endfacet
  facet normal -0 0 1
    outer loop
      vertex 57.6366 3.34819 3.5
      vertex 60.81 0.913141 3.5
      vertex 58.1109 3.88909 3.5
    endloop
  endfacet
  facet normal 0 0 1
    outer loop
      vertex 60.81 0.913141 3.5
      vertex 57.6366 3.34819 3.5
      vertex 60.701 0.75 3.5
    endloop
  endfacet
  facet normal -0 0 1
    outer loop
      vertex 63.19 -0.913141 3.5
      vertex 66.3634 -3.34819 3.5
      vertex 63.299 -0.75 3.5
    endloop
  endfacet
  facet normal 0 0 1
    outer loop
      vertex 66.3634 -3.34819 3.5
      vertex 63.19 -0.913141 3.5
      vertex 65.8891 -3.88909 3.5
    endloop
  endfacet
  facet normal -0 0 1
    outer loop
      vertex 63.0607 -1.06066 3.5
      vertex 65.8891 -3.88909 3.5
      vertex 63.19 -0.913141 3.5
    endloop
  endfacet
  facet normal 0 0 1
    outer loop
      vertex 65.8891 -3.88909 3.5
      vertex 63.0607 -1.06066 3.5
      vertex 65.3482 -4.36344 3.5
    endloop
  endfacet
  facet normal -0 0 1
    outer loop
      vertex 62.9131 -1.19003 3.5
      vertex 65.3482 -4.36344 3.5
      vertex 63.0607 -1.06066 3.5
    endloop
  endfacet
  facet normal 0 0 1
    outer loop
      vertex 65.3482 -4.36344 3.5
      vertex 62.9131 -1.19003 3.5
      vertex 64.75 -4.76314 3.5
    endloop
  endfacet
  facet normal -0 0 1
    outer loop
      vertex 62.75 -1.29904 3.5
      vertex 64.75 -4.76314 3.5
      vertex 62.9131 -1.19003 3.5
    endloop
  endfacet
  facet normal 0 0 1
    outer loop
      vertex 64.75 -4.76314 3.5
      vertex 62.75 -1.29904 3.5
      vertex 64.1048 -5.08134 3.5
    endloop
  endfacet
  facet normal -0 0 1
    outer loop
      vertex 62.574 -1.38582 3.5
      vertex 64.1048 -5.08134 3.5
      vertex 62.75 -1.29904 3.5
    endloop
  endfacet
  facet normal 0 0 1
    outer loop
      vertex 64.1048 -5.08134 3.5
      vertex 62.574 -1.38582 3.5
      vertex 63.4235 -5.31259 3.5
    endloop
  endfacet
  facet normal -0 0 1
    outer loop
      vertex 62.3882 -1.44889 3.5
      vertex 63.4235 -5.31259 3.5
      vertex 62.574 -1.38582 3.5
    endloop
  endfacet
  facet normal 0 0 1
    outer loop
      vertex 63.4235 -5.31259 3.5
      vertex 62.3882 -1.44889 3.5
      vertex 62.7179 -5.45295 3.5
    endloop
  endfacet
  facet normal -0 0 1
    outer loop
      vertex 62.1958 -1.48717 3.5
      vertex 62.7179 -5.45295 3.5
      vertex 62.3882 -1.44889 3.5
    endloop
  endfacet
  facet normal -0 0 1
    outer loop
      vertex 62 -1.5 3.5
      vertex 62.7179 -5.45295 3.5
      vertex 62.1958 -1.48717 3.5
    endloop
  endfacet
  facet normal 0 0 1
    outer loop
      vertex 62 -1.5 3.5
      vertex 62 -5.5 3.5
      vertex 62.7179 -5.45295 3.5
    endloop
  endfacet
  facet normal 0 0 1
    outer loop
      vertex 61.8042 -1.48717 3.5
      vertex 62 -5.5 3.5
      vertex 62 -1.5 3.5
    endloop
  endfacet
  facet normal 0 0 1
    outer loop
      vertex 61.2821 -5.45295 3.5
      vertex 61.8042 -1.48717 3.5
      vertex 61.6118 -1.44889 3.5
    endloop
  endfacet
  facet normal 0 0 1
    outer loop
      vertex 60.5765 -5.31259 3.5
      vertex 61.6118 -1.44889 3.5
      vertex 61.426 -1.38582 3.5
    endloop
  endfacet
  facet normal 0 0 1
    outer loop
      vertex 61.8042 -1.48717 3.5
      vertex 61.2821 -5.45295 3.5
      vertex 62 -5.5 3.5
    endloop
  endfacet
  facet normal 0 0 1
    outer loop
      vertex 59.8952 -5.08134 3.5
      vertex 61.426 -1.38582 3.5
      vertex 61.25 -1.29904 3.5
    endloop
  endfacet
  facet normal 0 0 1
    outer loop
      vertex 59.25 -4.76314 3.5
      vertex 61.25 -1.29904 3.5
      vertex 61.0869 -1.19003 3.5
    endloop
  endfacet
  facet normal 0 0 1
    outer loop
      vertex 58.6518 -4.36344 3.5
      vertex 61.0869 -1.19003 3.5
      vertex 60.9393 -1.06066 3.5
    endloop
  endfacet
  facet normal 0 0 1
    outer loop
      vertex 58.1109 -3.88909 3.5
      vertex 60.9393 -1.06066 3.5
      vertex 60.81 -0.913141 3.5
    endloop
  endfacet
  facet normal 0 0 1
    outer loop
      vertex 57.6366 -3.34819 3.5
      vertex 60.81 -0.913141 3.5
      vertex 60.701 -0.75 3.5
    endloop
  endfacet
  facet normal 0 0 1
    outer loop
      vertex 57.2369 -2.75 3.5
      vertex 60.701 -0.75 3.5
      vertex 60.6142 -0.574024 3.5
    endloop
  endfacet
  facet normal 0 0 1
    outer loop
      vertex 61.6118 -1.44889 3.5
      vertex 60.5765 -5.31259 3.5
      vertex 61.2821 -5.45295 3.5
    endloop
  endfacet
  facet normal 0 0 1
    outer loop
      vertex 56.9187 -2.10476 3.5
      vertex 60.6142 -0.574024 3.5
      vertex 60.5511 -0.388228 3.5
    endloop
  endfacet
  facet normal 0 0 1
    outer loop
      vertex 56.6874 -1.4235 3.5
      vertex 60.5511 -0.388228 3.5
      vertex 60.5128 -0.195788 3.5
    endloop
  endfacet
  facet normal 0 0 1
    outer loop
      vertex 56.5471 -0.717894 3.5
      vertex 60.5128 -0.195788 3.5
      vertex 60.5 0 3.5
    endloop
  endfacet
  facet normal -0 0 1
    outer loop
      vertex 57.2369 2.75 3.5
      vertex 60.701 0.75 3.5
      vertex 57.6366 3.34819 3.5
    endloop
  endfacet
  facet normal 0 0 1
    outer loop
      vertex 61.426 -1.38582 3.5
      vertex 59.8952 -5.08134 3.5
      vertex 60.5765 -5.31259 3.5
    endloop
  endfacet
  facet normal 0 0 1
    outer loop
      vertex 60.701 0.75 3.5
      vertex 57.2369 2.75 3.5
      vertex 60.6142 0.574024 3.5
    endloop
  endfacet
  facet normal 0 0 1
    outer loop
      vertex 61.25 -1.29904 3.5
      vertex 59.25 -4.76314 3.5
      vertex 59.8952 -5.08134 3.5
    endloop
  endfacet
  facet normal -0 0 1
    outer loop
      vertex 56.9187 2.10476 3.5
      vertex 60.6142 0.574024 3.5
      vertex 57.2369 2.75 3.5
    endloop
  endfacet
  facet normal 0 0 1
    outer loop
      vertex 61.0869 -1.19003 3.5
      vertex 58.6518 -4.36344 3.5
      vertex 59.25 -4.76314 3.5
    endloop
  endfacet
  facet normal 0 0 1
    outer loop
      vertex 60.6142 0.574024 3.5
      vertex 56.9187 2.10476 3.5
      vertex 60.5511 0.388228 3.5
    endloop
  endfacet
  facet normal 0 0 1
    outer loop
      vertex 60.9393 -1.06066 3.5
      vertex 58.1109 -3.88909 3.5
      vertex 58.6518 -4.36344 3.5
    endloop
  endfacet
  facet normal -0 0 1
    outer loop
      vertex 56.6874 1.4235 3.5
      vertex 60.5511 0.388228 3.5
      vertex 56.9187 2.10476 3.5
    endloop
  endfacet
  facet normal 0 0 1
    outer loop
      vertex 60.81 -0.913141 3.5
      vertex 57.6366 -3.34819 3.5
      vertex 58.1109 -3.88909 3.5
    endloop
  endfacet
  facet normal 0 0 1
    outer loop
      vertex 60.5511 0.388228 3.5
      vertex 56.6874 1.4235 3.5
      vertex 60.5128 0.195788 3.5
    endloop
  endfacet
  facet normal 0 0 1
    outer loop
      vertex 60.701 -0.75 3.5
      vertex 57.2369 -2.75 3.5
      vertex 57.6366 -3.34819 3.5
    endloop
  endfacet
  facet normal -0 0 1
    outer loop
      vertex 56.5471 0.717894 3.5
      vertex 60.5128 0.195788 3.5
      vertex 56.6874 1.4235 3.5
    endloop
  endfacet
  facet normal 0 0 1
    outer loop
      vertex 60.6142 -0.574024 3.5
      vertex 56.9187 -2.10476 3.5
      vertex 57.2369 -2.75 3.5
    endloop
  endfacet
  facet normal 0 0 1
    outer loop
      vertex 60.5128 0.195788 3.5
      vertex 56.5471 0.717894 3.5
      vertex 60.5 0 3.5
    endloop
  endfacet
  facet normal 0 0 1
    outer loop
      vertex 60.5511 -0.388228 3.5
      vertex 56.6874 -1.4235 3.5
      vertex 56.9187 -2.10476 3.5
    endloop
  endfacet
  facet normal 0 0 1
    outer loop
      vertex 56.5 0 3.5
      vertex 60.5 0 3.5
      vertex 56.5471 0.717894 3.5
    endloop
  endfacet
  facet normal 0 0 1
    outer loop
      vertex 60.5128 -0.195788 3.5
      vertex 56.5471 -0.717894 3.5
      vertex 56.6874 -1.4235 3.5
    endloop
  endfacet
  facet normal 0 0 1
    outer loop
      vertex 60.5 0 3.5
      vertex 56.5 0 3.5
      vertex 56.5471 -0.717894 3.5
    endloop
  endfacet
  facet normal 0.0653981 -0.997859 0
    outer loop
      vertex 62 -5.5 2.5
      vertex 62.7179 -5.45295 3.5
      vertex 62 -5.5 3.5
    endloop
  endfacet
  facet normal 0.0653981 -0.997859 0
    outer loop
      vertex 62.7179 -5.45295 3.5
      vertex 62 -5.5 2.5
      vertex 62.7179 -5.45295 2.5
    endloop
  endfacet
  facet normal 0.9808 0.195018 0
    outer loop
      vertex 67.4529 0.717894 3.5
      vertex 67.3126 1.4235 2.5
      vertex 67.3126 1.4235 3.5
    endloop
  endfacet
  facet normal 0.9808 0.195018 0
    outer loop
      vertex 67.3126 1.4235 2.5
      vertex 67.4529 0.717894 3.5
      vertex 67.4529 0.717894 2.5
    endloop
  endfacet
  facet normal 0.997855 0.0654678 0
    outer loop
      vertex 67.5 0 3.5
      vertex 67.4529 0.717894 2.5
      vertex 67.4529 0.717894 3.5
    endloop
  endfacet
  facet normal 0.997855 0.0654678 0
    outer loop
      vertex 67.4529 0.717894 2.5
      vertex 67.5 0 3.5
      vertex 67.5 0 2.5
    endloop
  endfacet
  facet normal 0.946912 0.321494 0
    outer loop
      vertex 67.3126 1.4235 3.5
      vertex 67.0813 2.10476 2.5
      vertex 67.0813 2.10476 3.5
    endloop
  endfacet
  facet normal 0.946912 0.321494 0
    outer loop
      vertex 67.0813 2.10476 2.5
      vertex 67.3126 1.4235 3.5
      vertex 67.3126 1.4235 2.5
    endloop
  endfacet
  facet normal 0.831468 -0.555572 0
    outer loop
      vertex 66.3634 -3.34819 3.5
      vertex 66.7631 -2.75 2.5
      vertex 66.7631 -2.75 3.5
    endloop
  endfacet
  facet normal 0.831468 -0.555572 0
    outer loop
      vertex 66.7631 -2.75 2.5
      vertex 66.3634 -3.34819 3.5
      vertex 66.3634 -3.34819 2.5
    endloop
  endfacet
  facet normal -0.442314 -0.89686 0
    outer loop
      vertex 59.25 -4.76314 2.5
      vertex 59.8952 -5.08134 3.5
      vertex 59.25 -4.76314 3.5
    endloop
  endfacet
  facet normal -0.442314 -0.89686 -0
    outer loop
      vertex 59.8952 -5.08134 3.5
      vertex 59.25 -4.76314 2.5
      vertex 59.8952 -5.08134 2.5
    endloop
  endfacet
  facet normal 0.896871 0.442292 0
    outer loop
      vertex 67.0813 2.10476 3.5
      vertex 66.7631 2.75 2.5
      vertex 66.7631 2.75 3.5
    endloop
  endfacet
  facet normal 0.896871 0.442292 0
    outer loop
      vertex 66.7631 2.75 2.5
      vertex 67.0813 2.10476 3.5
      vertex 67.0813 2.10476 2.5
    endloop
  endfacet
  facet normal 0.321414 0.946939 -0
    outer loop
      vertex 64.1048 5.08134 2.5
      vertex 63.4235 5.31259 3.5
      vertex 64.1048 5.08134 3.5
    endloop
  endfacet
  facet normal 0.321414 0.946939 0
    outer loop
      vertex 63.4235 5.31259 3.5
      vertex 64.1048 5.08134 2.5
      vertex 63.4235 5.31259 2.5
    endloop
  endfacet
  facet normal 0.659341 0.751844 -0
    outer loop
      vertex 65.8891 3.88909 2.5
      vertex 65.3482 4.36344 3.5
      vertex 65.8891 3.88909 3.5
    endloop
  endfacet
  facet normal 0.659341 0.751844 0
    outer loop
      vertex 65.3482 4.36344 3.5
      vertex 65.8891 3.88909 2.5
      vertex 65.3482 4.36344 2.5
    endloop
  endfacet
  facet normal 0.896871 -0.442292 0
    outer loop
      vertex 66.7631 -2.75 3.5
      vertex 67.0813 -2.10476 2.5
      vertex 67.0813 -2.10476 3.5
    endloop
  endfacet
  facet normal 0.896871 -0.442292 0
    outer loop
      vertex 67.0813 -2.10476 2.5
      vertex 66.7631 -2.75 3.5
      vertex 66.7631 -2.75 2.5
    endloop
  endfacet
  facet normal 0.442314 -0.89686 0
    outer loop
      vertex 64.1048 -5.08134 2.5
      vertex 64.75 -4.76314 3.5
      vertex 64.1048 -5.08134 3.5
    endloop
  endfacet
  facet normal 0.442314 -0.89686 0
    outer loop
      vertex 64.75 -4.76314 3.5
      vertex 64.1048 -5.08134 2.5
      vertex 64.75 -4.76314 2.5
    endloop
  endfacet
  facet normal -0.659341 0.751844 0
    outer loop
      vertex 58.6518 4.36344 2.5
      vertex 58.1109 3.88909 3.5
      vertex 58.6518 4.36344 3.5
    endloop
  endfacet
  facet normal -0.659341 0.751844 0
    outer loop
      vertex 58.1109 3.88909 3.5
      vertex 58.6518 4.36344 2.5
      vertex 58.1109 3.88909 2.5
    endloop
  endfacet
  facet normal -0.9808 0.195018 0
    outer loop
      vertex 56.5471 0.717894 2.5
      vertex 56.6874 1.4235 3.5
      vertex 56.6874 1.4235 2.5
    endloop
  endfacet
  facet normal -0.9808 0.195018 0
    outer loop
      vertex 56.6874 1.4235 3.5
      vertex 56.5471 0.717894 2.5
      vertex 56.5471 0.717894 3.5
    endloop
  endfacet
  facet normal 0 0 -1
    outer loop
      vertex 66 0 2.5
      vertex 67.5 0 2.5
      vertex 67.4529 -0.717894 2.5
    endloop
  endfacet
  facet normal 0 0 -1
    outer loop
      vertex 65.9658 -0.522104 2.5
      vertex 67.4529 -0.717894 2.5
      vertex 67.3126 -1.4235 2.5
    endloop
  endfacet
  facet normal 0 0 -1
    outer loop
      vertex 67.5 0 2.5
      vertex 66 0 2.5
      vertex 67.4529 0.717894 2.5
    endloop
  endfacet
  facet normal 0 0 -1
    outer loop
      vertex 65.8637 -1.03528 2.5
      vertex 67.3126 -1.4235 2.5
      vertex 67.0813 -2.10476 2.5
    endloop
  endfacet
  facet normal 0 0 -1
    outer loop
      vertex 65.9658 0.522104 2.5
      vertex 67.4529 0.717894 2.5
      vertex 66 0 2.5
    endloop
  endfacet
  facet normal 0 0 -1
    outer loop
      vertex 65.6955 -1.53073 2.5
      vertex 67.0813 -2.10476 2.5
      vertex 66.7631 -2.75 2.5
    endloop
  endfacet
  facet normal -0 0 -1
    outer loop
      vertex 67.4529 0.717894 2.5
      vertex 65.9658 0.522104 2.5
      vertex 67.3126 1.4235 2.5
    endloop
  endfacet
  facet normal 0 0 -1
    outer loop
      vertex 65.4641 -2 2.5
      vertex 66.7631 -2.75 2.5
      vertex 66.3634 -3.34819 2.5
    endloop
  endfacet
  facet normal 0 0 -1
    outer loop
      vertex 65.8637 1.03528 2.5
      vertex 67.3126 1.4235 2.5
      vertex 65.9658 0.522104 2.5
    endloop
  endfacet
  facet normal -0 0 -1
    outer loop
      vertex 67.3126 1.4235 2.5
      vertex 65.8637 1.03528 2.5
      vertex 67.0813 2.10476 2.5
    endloop
  endfacet
  facet normal 0 0 -1
    outer loop
      vertex 67.4529 -0.717894 2.5
      vertex 65.9658 -0.522104 2.5
      vertex 66 0 2.5
    endloop
  endfacet
  facet normal 0 0 -1
    outer loop
      vertex 65.1734 -2.43505 2.5
      vertex 66.3634 -3.34819 2.5
      vertex 65.8891 -3.88909 2.5
    endloop
  endfacet
  facet normal 0 0 -1
    outer loop
      vertex 67.3126 -1.4235 2.5
      vertex 65.8637 -1.03528 2.5
      vertex 65.9658 -0.522104 2.5
    endloop
  endfacet
  facet normal 0 0 -1
    outer loop
      vertex 67.0813 -2.10476 2.5
      vertex 65.6955 -1.53073 2.5
      vertex 65.8637 -1.03528 2.5
    endloop
  endfacet
  facet normal 0 0 -1
    outer loop
      vertex 66.7631 -2.75 2.5
      vertex 65.4641 -2 2.5
      vertex 65.6955 -1.53073 2.5
    endloop
  endfacet
  facet normal 0 0 -1
    outer loop
      vertex 64.8284 -2.82843 2.5
      vertex 65.8891 -3.88909 2.5
      vertex 65.3482 -4.36344 2.5
    endloop
  endfacet
  facet normal 0 0 -1
    outer loop
      vertex 66.3634 -3.34819 2.5
      vertex 65.1734 -2.43505 2.5
      vertex 65.4641 -2 2.5
    endloop
  endfacet
  facet normal 0 0 -1
    outer loop
      vertex 65.8891 -3.88909 2.5
      vertex 64.8284 -2.82843 2.5
      vertex 65.1734 -2.43505 2.5
    endloop
  endfacet
  facet normal 0 0 -1
    outer loop
      vertex 64.435 -3.17341 2.5
      vertex 65.3482 -4.36344 2.5
      vertex 64.75 -4.76314 2.5
    endloop
  endfacet
  facet normal 0 0 -1
    outer loop
      vertex 65.3482 -4.36344 2.5
      vertex 64.435 -3.17341 2.5
      vertex 64.8284 -2.82843 2.5
    endloop
  endfacet
  facet normal 0 0 -1
    outer loop
      vertex 64 -3.4641 2.5
      vertex 64.75 -4.76314 2.5
      vertex 64.1048 -5.08134 2.5
    endloop
  endfacet
  facet normal 0 0 -1
    outer loop
      vertex 64.75 -4.76314 2.5
      vertex 64 -3.4641 2.5
      vertex 64.435 -3.17341 2.5
    endloop
  endfacet
  facet normal 0 0 -1
    outer loop
      vertex 64.1048 -5.08134 2.5
      vertex 63.5307 -3.69552 2.5
      vertex 64 -3.4641 2.5
    endloop
  endfacet
  facet normal 0 0 -1
    outer loop
      vertex 63.4235 -5.31259 2.5
      vertex 63.5307 -3.69552 2.5
      vertex 64.1048 -5.08134 2.5
    endloop
  endfacet
  facet normal 0 0 -1
    outer loop
      vertex 63.4235 -5.31259 2.5
      vertex 63.0353 -3.8637 2.5
      vertex 63.5307 -3.69552 2.5
    endloop
  endfacet
  facet normal 0 0 -1
    outer loop
      vertex 62.7179 -5.45295 2.5
      vertex 63.0353 -3.8637 2.5
      vertex 63.4235 -5.31259 2.5
    endloop
  endfacet
  facet normal 0 0 -1
    outer loop
      vertex 62.7179 -5.45295 2.5
      vertex 62.5221 -3.96578 2.5
      vertex 63.0353 -3.8637 2.5
    endloop
  endfacet
  facet normal 0 0 -1
    outer loop
      vertex 62 -5.5 2.5
      vertex 62.5221 -3.96578 2.5
      vertex 62.7179 -5.45295 2.5
    endloop
  endfacet
  facet normal 0 0 -1
    outer loop
      vertex 62 -5.5 2.5
      vertex 62 -4 2.5
      vertex 62.5221 -3.96578 2.5
    endloop
  endfacet
  facet normal 0 0 -1
    outer loop
      vertex 62 -5.5 2.5
      vertex 61.4779 -3.96578 2.5
      vertex 62 -4 2.5
    endloop
  endfacet
  facet normal 0 0 -1
    outer loop
      vertex 61.2821 -5.45295 2.5
      vertex 61.4779 -3.96578 2.5
      vertex 62 -5.5 2.5
    endloop
  endfacet
  facet normal 0 0 -1
    outer loop
      vertex 61.2821 -5.45295 2.5
      vertex 60.9647 -3.8637 2.5
      vertex 61.4779 -3.96578 2.5
    endloop
  endfacet
  facet normal 0 0 -1
    outer loop
      vertex 60.5765 -5.31259 2.5
      vertex 60.9647 -3.8637 2.5
      vertex 61.2821 -5.45295 2.5
    endloop
  endfacet
  facet normal 0 0 -1
    outer loop
      vertex 60.5765 -5.31259 2.5
      vertex 60.4693 -3.69552 2.5
      vertex 60.9647 -3.8637 2.5
    endloop
  endfacet
  facet normal 0 0 -1
    outer loop
      vertex 59.8952 -5.08134 2.5
      vertex 60.4693 -3.69552 2.5
      vertex 60.5765 -5.31259 2.5
    endloop
  endfacet
  facet normal -0 0 -1
    outer loop
      vertex 60.4693 -3.69552 2.5
      vertex 59.8952 -5.08134 2.5
      vertex 60 -3.4641 2.5
    endloop
  endfacet
  facet normal 0 0 -1
    outer loop
      vertex 59.25 -4.76314 2.5
      vertex 60 -3.4641 2.5
      vertex 59.8952 -5.08134 2.5
    endloop
  endfacet
  facet normal -0 0 -1
    outer loop
      vertex 60 -3.4641 2.5
      vertex 59.25 -4.76314 2.5
      vertex 59.565 -3.17341 2.5
    endloop
  endfacet
  facet normal 0 0 -1
    outer loop
      vertex 58.6518 -4.36344 2.5
      vertex 59.565 -3.17341 2.5
      vertex 59.25 -4.76314 2.5
    endloop
  endfacet
  facet normal -0 0 -1
    outer loop
      vertex 59.565 -3.17341 2.5
      vertex 58.6518 -4.36344 2.5
      vertex 59.1716 -2.82843 2.5
    endloop
  endfacet
  facet normal 0 0 -1
    outer loop
      vertex 58.1109 -3.88909 2.5
      vertex 59.1716 -2.82843 2.5
      vertex 58.6518 -4.36344 2.5
    endloop
  endfacet
  facet normal -0 0 -1
    outer loop
      vertex 59.1716 -2.82843 2.5
      vertex 58.1109 -3.88909 2.5
      vertex 58.8266 -2.43505 2.5
    endloop
  endfacet
  facet normal 0 0 -1
    outer loop
      vertex 57.6366 -3.34819 2.5
      vertex 58.8266 -2.43505 2.5
      vertex 58.1109 -3.88909 2.5
    endloop
  endfacet
  facet normal -0 0 -1
    outer loop
      vertex 58.8266 -2.43505 2.5
      vertex 57.6366 -3.34819 2.5
      vertex 58.5359 -2 2.5
    endloop
  endfacet
  facet normal 0 0 -1
    outer loop
      vertex 57.2369 -2.75 2.5
      vertex 58.5359 -2 2.5
      vertex 57.6366 -3.34819 2.5
    endloop
  endfacet
  facet normal -0 0 -1
    outer loop
      vertex 58.5359 -2 2.5
      vertex 57.2369 -2.75 2.5
      vertex 58.3045 -1.53073 2.5
    endloop
  endfacet
  facet normal 0 0 -1
    outer loop
      vertex 56.9187 -2.10476 2.5
      vertex 58.3045 -1.53073 2.5
      vertex 57.2369 -2.75 2.5
    endloop
  endfacet
  facet normal -0 0 -1
    outer loop
      vertex 58.3045 -1.53073 2.5
      vertex 56.9187 -2.10476 2.5
      vertex 58.1363 -1.03528 2.5
    endloop
  endfacet
  facet normal 0 0 -1
    outer loop
      vertex 65.6955 1.53073 2.5
      vertex 67.0813 2.10476 2.5
      vertex 65.8637 1.03528 2.5
    endloop
  endfacet
  facet normal -0 0 -1
    outer loop
      vertex 67.0813 2.10476 2.5
      vertex 65.6955 1.53073 2.5
      vertex 66.7631 2.75 2.5
    endloop
  endfacet
  facet normal 0 0 -1
    outer loop
      vertex 65.4641 2 2.5
      vertex 66.7631 2.75 2.5
      vertex 65.6955 1.53073 2.5
    endloop
  endfacet
  facet normal -0 0 -1
    outer loop
      vertex 66.7631 2.75 2.5
      vertex 65.4641 2 2.5
      vertex 66.3634 3.34819 2.5
    endloop
  endfacet
  facet normal 0 0 -1
    outer loop
      vertex 65.1734 2.43505 2.5
      vertex 66.3634 3.34819 2.5
      vertex 65.4641 2 2.5
    endloop
  endfacet
  facet normal -0 0 -1
    outer loop
      vertex 66.3634 3.34819 2.5
      vertex 65.1734 2.43505 2.5
      vertex 65.8891 3.88909 2.5
    endloop
  endfacet
  facet normal 0 0 -1
    outer loop
      vertex 64.8284 2.82843 2.5
      vertex 65.8891 3.88909 2.5
      vertex 65.1734 2.43505 2.5
    endloop
  endfacet
  facet normal -0 0 -1
    outer loop
      vertex 65.8891 3.88909 2.5
      vertex 64.8284 2.82843 2.5
      vertex 65.3482 4.36344 2.5
    endloop
  endfacet
  facet normal 0 0 -1
    outer loop
      vertex 64.435 3.17341 2.5
      vertex 65.3482 4.36344 2.5
      vertex 64.8284 2.82843 2.5
    endloop
  endfacet
  facet normal -0 0 -1
    outer loop
      vertex 65.3482 4.36344 2.5
      vertex 64.435 3.17341 2.5
      vertex 64.75 4.76314 2.5
    endloop
  endfacet
  facet normal 0 0 -1
    outer loop
      vertex 64 3.4641 2.5
      vertex 64.75 4.76314 2.5
      vertex 64.435 3.17341 2.5
    endloop
  endfacet
  facet normal -0 0 -1
    outer loop
      vertex 64.75 4.76314 2.5
      vertex 64 3.4641 2.5
      vertex 64.1048 5.08134 2.5
    endloop
  endfacet
  facet normal 0 0 -1
    outer loop
      vertex 63.5307 3.69552 2.5
      vertex 64.1048 5.08134 2.5
      vertex 64 3.4641 2.5
    endloop
  endfacet
  facet normal 0 0 -1
    outer loop
      vertex 63.5307 3.69552 2.5
      vertex 63.4235 5.31259 2.5
      vertex 64.1048 5.08134 2.5
    endloop
  endfacet
  facet normal 0 0 -1
    outer loop
      vertex 63.0353 3.8637 2.5
      vertex 63.4235 5.31259 2.5
      vertex 63.5307 3.69552 2.5
    endloop
  endfacet
  facet normal 0 0 -1
    outer loop
      vertex 63.0353 3.8637 2.5
      vertex 62.7179 5.45295 2.5
      vertex 63.4235 5.31259 2.5
    endloop
  endfacet
  facet normal 0 0 -1
    outer loop
      vertex 62.5221 3.96578 2.5
      vertex 62.7179 5.45295 2.5
      vertex 63.0353 3.8637 2.5
    endloop
  endfacet
  facet normal 0 0 -1
    outer loop
      vertex 62 4 2.5
      vertex 62.7179 5.45295 2.5
      vertex 62.5221 3.96578 2.5
    endloop
  endfacet
  facet normal 0 0 -1
    outer loop
      vertex 62 4 2.5
      vertex 62 5.5 2.5
      vertex 62.7179 5.45295 2.5
    endloop
  endfacet
  facet normal 0 0 -1
    outer loop
      vertex 61.4779 3.96578 2.5
      vertex 62 5.5 2.5
      vertex 62 4 2.5
    endloop
  endfacet
  facet normal 0 0 -1
    outer loop
      vertex 61.4779 3.96578 2.5
      vertex 61.2821 5.45295 2.5
      vertex 62 5.5 2.5
    endloop
  endfacet
  facet normal 0 0 -1
    outer loop
      vertex 60.9647 3.8637 2.5
      vertex 61.2821 5.45295 2.5
      vertex 61.4779 3.96578 2.5
    endloop
  endfacet
  facet normal 0 0 -1
    outer loop
      vertex 60.9647 3.8637 2.5
      vertex 60.5765 5.31259 2.5
      vertex 61.2821 5.45295 2.5
    endloop
  endfacet
  facet normal 0 0 -1
    outer loop
      vertex 60.4693 3.69552 2.5
      vertex 60.5765 5.31259 2.5
      vertex 60.9647 3.8637 2.5
    endloop
  endfacet
  facet normal 0 0 -1
    outer loop
      vertex 59.8952 5.08134 2.5
      vertex 60.4693 3.69552 2.5
      vertex 60 3.4641 2.5
    endloop
  endfacet
  facet normal 0 0 -1
    outer loop
      vertex 60.4693 3.69552 2.5
      vertex 59.8952 5.08134 2.5
      vertex 60.5765 5.31259 2.5
    endloop
  endfacet
  facet normal 0 0 -1
    outer loop
      vertex 59.25 4.76314 2.5
      vertex 60 3.4641 2.5
      vertex 59.565 3.17341 2.5
    endloop
  endfacet
  facet normal 0 0 -1
    outer loop
      vertex 60 3.4641 2.5
      vertex 59.25 4.76314 2.5
      vertex 59.8952 5.08134 2.5
    endloop
  endfacet
  facet normal 0 0 -1
    outer loop
      vertex 58.6518 4.36344 2.5
      vertex 59.565 3.17341 2.5
      vertex 59.1716 2.82843 2.5
    endloop
  endfacet
  facet normal 0 0 -1
    outer loop
      vertex 58.1109 3.88909 2.5
      vertex 59.1716 2.82843 2.5
      vertex 58.8266 2.43505 2.5
    endloop
  endfacet
  facet normal 0 0 -1
    outer loop
      vertex 59.565 3.17341 2.5
      vertex 58.6518 4.36344 2.5
      vertex 59.25 4.76314 2.5
    endloop
  endfacet
  facet normal 0 0 -1
    outer loop
      vertex 57.6366 3.34819 2.5
      vertex 58.8266 2.43505 2.5
      vertex 58.5359 2 2.5
    endloop
  endfacet
  facet normal 0 0 -1
    outer loop
      vertex 57.2369 2.75 2.5
      vertex 58.5359 2 2.5
      vertex 58.3045 1.53073 2.5
    endloop
  endfacet
  facet normal 0 0 -1
    outer loop
      vertex 56.9187 2.10476 2.5
      vertex 58.3045 1.53073 2.5
      vertex 58.1363 1.03528 2.5
    endloop
  endfacet
  facet normal 0 0 -1
    outer loop
      vertex 59.1716 2.82843 2.5
      vertex 58.1109 3.88909 2.5
      vertex 58.6518 4.36344 2.5
    endloop
  endfacet
  facet normal 0 0 -1
    outer loop
      vertex 56.6874 1.4235 2.5
      vertex 58.1363 1.03528 2.5
      vertex 58.0342 0.522104 2.5
    endloop
  endfacet
  facet normal 0 0 -1
    outer loop
      vertex 56.5471 0.717894 2.5
      vertex 58.0342 0.522104 2.5
      vertex 58 0 2.5
    endloop
  endfacet
  facet normal 0 0 -1
    outer loop
      vertex 56.6874 -1.4235 2.5
      vertex 58.1363 -1.03528 2.5
      vertex 56.9187 -2.10476 2.5
    endloop
  endfacet
  facet normal 0 0 -1
    outer loop
      vertex 58.8266 2.43505 2.5
      vertex 57.6366 3.34819 2.5
      vertex 58.1109 3.88909 2.5
    endloop
  endfacet
  facet normal -0 0 -1
    outer loop
      vertex 58.1363 -1.03528 2.5
      vertex 56.6874 -1.4235 2.5
      vertex 58.0342 -0.522104 2.5
    endloop
  endfacet
  facet normal 0 0 -1
    outer loop
      vertex 58.5359 2 2.5
      vertex 57.2369 2.75 2.5
      vertex 57.6366 3.34819 2.5
    endloop
  endfacet
  facet normal 0 0 -1
    outer loop
      vertex 56.5471 -0.717894 2.5
      vertex 58.0342 -0.522104 2.5
      vertex 56.6874 -1.4235 2.5
    endloop
  endfacet
  facet normal 0 0 -1
    outer loop
      vertex 58.3045 1.53073 2.5
      vertex 56.9187 2.10476 2.5
      vertex 57.2369 2.75 2.5
    endloop
  endfacet
  facet normal -0 0 -1
    outer loop
      vertex 58.0342 -0.522104 2.5
      vertex 56.5471 -0.717894 2.5
      vertex 58 0 2.5
    endloop
  endfacet
  facet normal 0 0 -1
    outer loop
      vertex 58.1363 1.03528 2.5
      vertex 56.6874 1.4235 2.5
      vertex 56.9187 2.10476 2.5
    endloop
  endfacet
  facet normal 0 0 -1
    outer loop
      vertex 56.5 0 2.5
      vertex 58 0 2.5
      vertex 56.5471 -0.717894 2.5
    endloop
  endfacet
  facet normal 0 0 -1
    outer loop
      vertex 58.0342 0.522104 2.5
      vertex 56.5471 0.717894 2.5
      vertex 56.6874 1.4235 2.5
    endloop
  endfacet
  facet normal 0 0 -1
    outer loop
      vertex 58 0 2.5
      vertex 56.5 0 2.5
      vertex 56.5471 0.717894 2.5
    endloop
  endfacet
  facet normal -0.0653981 -0.997859 0
    outer loop
      vertex 61.2821 -5.45295 2.5
      vertex 62 -5.5 3.5
      vertex 61.2821 -5.45295 3.5
    endloop
  endfacet
  facet normal -0.0653981 -0.997859 -0
    outer loop
      vertex 62 -5.5 3.5
      vertex 61.2821 -5.45295 2.5
      vertex 62 -5.5 2.5
    endloop
  endfacet
  facet normal 0.442314 0.89686 -0
    outer loop
      vertex 64.75 4.76314 2.5
      vertex 64.1048 5.08134 3.5
      vertex 64.75 4.76314 3.5
    endloop
  endfacet
  facet normal 0.442314 0.89686 0
    outer loop
      vertex 64.1048 5.08134 3.5
      vertex 64.75 4.76314 2.5
      vertex 64.1048 5.08134 2.5
    endloop
  endfacet
  facet normal 0.321414 -0.946939 0
    outer loop
      vertex 63.4235 -5.31259 2.5
      vertex 64.1048 -5.08134 3.5
      vertex 63.4235 -5.31259 3.5
    endloop
  endfacet
  facet normal 0.321414 -0.946939 0
    outer loop
      vertex 64.1048 -5.08134 3.5
      vertex 63.4235 -5.31259 2.5
      vertex 64.1048 -5.08134 2.5
    endloop
  endfacet
  facet normal -0.997855 0.0654678 0
    outer loop
      vertex 56.5 0 2.5
      vertex 56.5471 0.717894 3.5
      vertex 56.5471 0.717894 2.5
    endloop
  endfacet
  facet normal -0.997855 0.0654678 0
    outer loop
      vertex 56.5471 0.717894 3.5
      vertex 56.5 0 2.5
      vertex 56.5 0 3.5
    endloop
  endfacet
  facet normal -0.751879 0.659301 0
    outer loop
      vertex 57.6366 3.34819 2.5
      vertex 58.1109 3.88909 3.5
      vertex 58.1109 3.88909 2.5
    endloop
  endfacet
  facet normal -0.751879 0.659301 0
    outer loop
      vertex 58.1109 3.88909 3.5
      vertex 57.6366 3.34819 2.5
      vertex 57.6366 3.34819 3.5
    endloop
  endfacet
  facet normal -0.442314 0.89686 0
    outer loop
      vertex 59.8952 5.08134 2.5
      vertex 59.25 4.76314 3.5
      vertex 59.8952 5.08134 3.5
    endloop
  endfacet
  facet normal -0.442314 0.89686 0
    outer loop
      vertex 59.25 4.76314 3.5
      vertex 59.8952 5.08134 2.5
      vertex 59.25 4.76314 2.5
    endloop
  endfacet
  facet normal 0.946912 -0.321494 0
    outer loop
      vertex 67.0813 -2.10476 3.5
      vertex 67.3126 -1.4235 2.5
      vertex 67.3126 -1.4235 3.5
    endloop
  endfacet
  facet normal 0.946912 -0.321494 0
    outer loop
      vertex 67.3126 -1.4235 2.5
      vertex 67.0813 -2.10476 3.5
      vertex 67.0813 -2.10476 2.5
    endloop
  endfacet
  facet normal 0.751879 0.659301 0
    outer loop
      vertex 66.3634 3.34819 3.5
      vertex 65.8891 3.88909 2.5
      vertex 65.8891 3.88909 3.5
    endloop
  endfacet
  facet normal 0.751879 0.659301 0
    outer loop
      vertex 65.8891 3.88909 2.5
      vertex 66.3634 3.34819 3.5
      vertex 66.3634 3.34819 2.5
    endloop
  endfacet
  facet normal 0.9808 -0.195018 0
    outer loop
      vertex 67.3126 -1.4235 3.5
      vertex 67.4529 -0.717894 2.5
      vertex 67.4529 -0.717894 3.5
    endloop
  endfacet
  facet normal 0.9808 -0.195018 0
    outer loop
      vertex 67.4529 -0.717894 2.5
      vertex 67.3126 -1.4235 3.5
      vertex 67.3126 -1.4235 2.5
    endloop
  endfacet
  facet normal -0.831468 -0.555572 0
    outer loop
      vertex 57.6366 -3.34819 2.5
      vertex 57.2369 -2.75 3.5
      vertex 57.2369 -2.75 2.5
    endloop
  endfacet
  facet normal -0.831468 -0.555572 0
    outer loop
      vertex 57.2369 -2.75 3.5
      vertex 57.6366 -3.34819 2.5
      vertex 57.6366 -3.34819 3.5
    endloop
  endfacet
  facet normal -0.659341 -0.751844 0
    outer loop
      vertex 58.1109 -3.88909 2.5
      vertex 58.6518 -4.36344 3.5
      vertex 58.1109 -3.88909 3.5
    endloop
  endfacet
  facet normal -0.659341 -0.751844 -0
    outer loop
      vertex 58.6518 -4.36344 3.5
      vertex 58.1109 -3.88909 2.5
      vertex 58.6518 -4.36344 2.5
    endloop
  endfacet
  facet normal 0.1951 -0.980783 0
    outer loop
      vertex 62.7179 -5.45295 2.5
      vertex 63.4235 -5.31259 3.5
      vertex 62.7179 -5.45295 3.5
    endloop
  endfacet
  facet normal 0.1951 -0.980783 0
    outer loop
      vertex 63.4235 -5.31259 3.5
      vertex 62.7179 -5.45295 2.5
      vertex 63.4235 -5.31259 2.5
    endloop
  endfacet
  facet normal 0.659341 -0.751844 0
    outer loop
      vertex 65.3482 -4.36344 2.5
      vertex 65.8891 -3.88909 3.5
      vertex 65.3482 -4.36344 3.5
    endloop
  endfacet
  facet normal 0.659341 -0.751844 0
    outer loop
      vertex 65.8891 -3.88909 3.5
      vertex 65.3482 -4.36344 2.5
      vertex 65.8891 -3.88909 2.5
    endloop
  endfacet
  facet normal 0.997855 -0.0654678 0
    outer loop
      vertex 67.4529 -0.717894 3.5
      vertex 67.5 0 2.5
      vertex 67.5 0 3.5
    endloop
  endfacet
  facet normal 0.997855 -0.0654678 0
    outer loop
      vertex 67.5 0 2.5
      vertex 67.4529 -0.717894 3.5
      vertex 67.4529 -0.717894 2.5
    endloop
  endfacet
  facet normal -0.9808 -0.195018 0
    outer loop
      vertex 56.6874 -1.4235 2.5
      vertex 56.5471 -0.717894 3.5
      vertex 56.5471 -0.717894 2.5
    endloop
  endfacet
  facet normal -0.9808 -0.195018 0
    outer loop
      vertex 56.5471 -0.717894 3.5
      vertex 56.6874 -1.4235 2.5
      vertex 56.6874 -1.4235 3.5
    endloop
  endfacet
  facet normal 0.751879 -0.659301 0
    outer loop
      vertex 65.8891 -3.88909 3.5
      vertex 66.3634 -3.34819 2.5
      vertex 66.3634 -3.34819 3.5
    endloop
  endfacet
  facet normal 0.751879 -0.659301 0
    outer loop
      vertex 66.3634 -3.34819 2.5
      vertex 65.8891 -3.88909 3.5
      vertex 65.8891 -3.88909 2.5
    endloop
  endfacet
  facet normal -0.0653981 0.997859 0
    outer loop
      vertex 62 5.5 2.5
      vertex 61.2821 5.45295 3.5
      vertex 62 5.5 3.5
    endloop
  endfacet
  facet normal -0.0653981 0.997859 0
    outer loop
      vertex 61.2821 5.45295 3.5
      vertex 62 5.5 2.5
      vertex 61.2821 5.45295 2.5
    endloop
  endfacet
  facet normal -0.896871 -0.442292 0
    outer loop
      vertex 57.2369 -2.75 2.5
      vertex 56.9187 -2.10476 3.5
      vertex 56.9187 -2.10476 2.5
    endloop
  endfacet
  facet normal -0.896871 -0.442292 0
    outer loop
      vertex 56.9187 -2.10476 3.5
      vertex 57.2369 -2.75 2.5
      vertex 57.2369 -2.75 3.5
    endloop
  endfacet
  facet normal -0.896871 0.442292 0
    outer loop
      vertex 56.9187 2.10476 2.5
      vertex 57.2369 2.75 3.5
      vertex 57.2369 2.75 2.5
    endloop
  endfacet
  facet normal -0.896871 0.442292 0
    outer loop
      vertex 57.2369 2.75 3.5
      vertex 56.9187 2.10476 2.5
      vertex 56.9187 2.10476 3.5
    endloop
  endfacet
  facet normal 0.555566 0.831472 -0
    outer loop
      vertex 65.3482 4.36344 2.5
      vertex 64.75 4.76314 3.5
      vertex 65.3482 4.36344 3.5
    endloop
  endfacet
  facet normal 0.555566 0.831472 0
    outer loop
      vertex 64.75 4.76314 3.5
      vertex 65.3482 4.36344 2.5
      vertex 64.75 4.76314 2.5
    endloop
  endfacet
  facet normal 0.1951 0.980783 -0
    outer loop
      vertex 63.4235 5.31259 2.5
      vertex 62.7179 5.45295 3.5
      vertex 63.4235 5.31259 3.5
    endloop
  endfacet
  facet normal 0.1951 0.980783 0
    outer loop
      vertex 62.7179 5.45295 3.5
      vertex 63.4235 5.31259 2.5
      vertex 62.7179 5.45295 2.5
    endloop
  endfacet
  facet normal -0.321414 -0.946939 0
    outer loop
      vertex 59.8952 -5.08134 2.5
      vertex 60.5765 -5.31259 3.5
      vertex 59.8952 -5.08134 3.5
    endloop
  endfacet
  facet normal -0.321414 -0.946939 -0
    outer loop
      vertex 60.5765 -5.31259 3.5
      vertex 59.8952 -5.08134 2.5
      vertex 60.5765 -5.31259 2.5
    endloop
  endfacet
  facet normal -0.555566 0.831472 0
    outer loop
      vertex 59.25 4.76314 2.5
      vertex 58.6518 4.36344 3.5
      vertex 59.25 4.76314 3.5
    endloop
  endfacet
  facet normal -0.555566 0.831472 0
    outer loop
      vertex 58.6518 4.36344 3.5
      vertex 59.25 4.76314 2.5
      vertex 58.6518 4.36344 2.5
    endloop
  endfacet
  facet normal 0.831468 0.555572 0
    outer loop
      vertex 66.7631 2.75 3.5
      vertex 66.3634 3.34819 2.5
      vertex 66.3634 3.34819 3.5
    endloop
  endfacet
  facet normal 0.831468 0.555572 0
    outer loop
      vertex 66.3634 3.34819 2.5
      vertex 66.7631 2.75 3.5
      vertex 66.7631 2.75 2.5
    endloop
  endfacet
  facet normal -0.997855 -0.0654678 0
    outer loop
      vertex 56.5471 -0.717894 2.5
      vertex 56.5 0 3.5
      vertex 56.5 0 2.5
    endloop
  endfacet
  facet normal -0.997855 -0.0654678 0
    outer loop
      vertex 56.5 0 3.5
      vertex 56.5471 -0.717894 2.5
      vertex 56.5471 -0.717894 3.5
    endloop
  endfacet
  facet normal -0.321414 0.946939 0
    outer loop
      vertex 60.5765 5.31259 2.5
      vertex 59.8952 5.08134 3.5
      vertex 60.5765 5.31259 3.5
    endloop
  endfacet
  facet normal -0.321414 0.946939 0
    outer loop
      vertex 59.8952 5.08134 3.5
      vertex 60.5765 5.31259 2.5
      vertex 59.8952 5.08134 2.5
    endloop
  endfacet
  facet normal 0.0653981 0.997859 -0
    outer loop
      vertex 62.7179 5.45295 2.5
      vertex 62 5.5 3.5
      vertex 62.7179 5.45295 3.5
    endloop
  endfacet
  facet normal 0.0653981 0.997859 0
    outer loop
      vertex 62 5.5 3.5
      vertex 62.7179 5.45295 2.5
      vertex 62 5.5 2.5
    endloop
  endfacet
  facet normal -0.1951 -0.980783 0
    outer loop
      vertex 60.5765 -5.31259 2.5
      vertex 61.2821 -5.45295 3.5
      vertex 60.5765 -5.31259 3.5
    endloop
  endfacet
  facet normal -0.1951 -0.980783 -0
    outer loop
      vertex 61.2821 -5.45295 3.5
      vertex 60.5765 -5.31259 2.5
      vertex 61.2821 -5.45295 2.5
    endloop
  endfacet
  facet normal -0.1951 0.980783 0
    outer loop
      vertex 61.2821 5.45295 2.5
      vertex 60.5765 5.31259 3.5
      vertex 61.2821 5.45295 3.5
    endloop
  endfacet
  facet normal -0.1951 0.980783 0
    outer loop
      vertex 60.5765 5.31259 3.5
      vertex 61.2821 5.45295 2.5
      vertex 60.5765 5.31259 2.5
    endloop
  endfacet
  facet normal 0.555566 -0.831472 0
    outer loop
      vertex 64.75 -4.76314 2.5
      vertex 65.3482 -4.36344 3.5
      vertex 64.75 -4.76314 3.5
    endloop
  endfacet
  facet normal 0.555566 -0.831472 0
    outer loop
      vertex 65.3482 -4.36344 3.5
      vertex 64.75 -4.76314 2.5
      vertex 65.3482 -4.36344 2.5
    endloop
  endfacet
  facet normal -0.946912 -0.321494 0
    outer loop
      vertex 56.9187 -2.10476 2.5
      vertex 56.6874 -1.4235 3.5
      vertex 56.6874 -1.4235 2.5
    endloop
  endfacet
  facet normal -0.946912 -0.321494 0
    outer loop
      vertex 56.6874 -1.4235 3.5
      vertex 56.9187 -2.10476 2.5
      vertex 56.9187 -2.10476 3.5
    endloop
  endfacet
  facet normal -0.751879 -0.659301 0
    outer loop
      vertex 58.1109 -3.88909 2.5
      vertex 57.6366 -3.34819 3.5
      vertex 57.6366 -3.34819 2.5
    endloop
  endfacet
  facet normal -0.751879 -0.659301 0
    outer loop
      vertex 57.6366 -3.34819 3.5
      vertex 58.1109 -3.88909 2.5
      vertex 58.1109 -3.88909 3.5
    endloop
  endfacet
  facet normal -0.555566 -0.831472 0
    outer loop
      vertex 58.6518 -4.36344 2.5
      vertex 59.25 -4.76314 3.5
      vertex 58.6518 -4.36344 3.5
    endloop
  endfacet
  facet normal -0.555566 -0.831472 -0
    outer loop
      vertex 59.25 -4.76314 3.5
      vertex 58.6518 -4.36344 2.5
      vertex 59.25 -4.76314 2.5
    endloop
  endfacet
  facet normal -0.946912 0.321494 0
    outer loop
      vertex 56.6874 1.4235 2.5
      vertex 56.9187 2.10476 3.5
      vertex 56.9187 2.10476 2.5
    endloop
  endfacet
  facet normal -0.946912 0.321494 0
    outer loop
      vertex 56.9187 2.10476 3.5
      vertex 56.6874 1.4235 2.5
      vertex 56.6874 1.4235 3.5
    endloop
  endfacet
  facet normal -0.831468 0.555572 0
    outer loop
      vertex 57.2369 2.75 2.5
      vertex 57.6366 3.34819 3.5
      vertex 57.6366 3.34819 2.5
    endloop
  endfacet
  facet normal -0.831468 0.555572 0
    outer loop
      vertex 57.6366 3.34819 3.5
      vertex 57.2369 2.75 2.5
      vertex 57.2369 2.75 3.5
    endloop
  endfacet
  facet normal 0.980764 0.195195 0
    outer loop
      vertex 63.4872 0.195788 5.6
      vertex 63.4489 0.388228 3.5
      vertex 63.4489 0.388228 5.6
    endloop
  endfacet
  facet normal 0.980764 0.195195 0
    outer loop
      vertex 63.4489 0.388228 3.5
      vertex 63.4872 0.195788 5.6
      vertex 63.4872 0.195788 3.5
    endloop
  endfacet
  facet normal 0.99787 0.0652376 0
    outer loop
      vertex 63.5 0 5.6
      vertex 63.4872 0.195788 3.5
      vertex 63.4872 0.195788 5.6
    endloop
  endfacet
  facet normal 0.99787 0.0652376 0
    outer loop
      vertex 63.4872 0.195788 3.5
      vertex 63.5 0 5.6
      vertex 63.5 0 3.5
    endloop
  endfacet
  facet normal 0.321437 -0.946931 0
    outer loop
      vertex 62.3882 -1.44889 3.5
      vertex 62.574 -1.38582 5.6
      vertex 62.3882 -1.44889 5.6
    endloop
  endfacet
  facet normal 0.321437 -0.946931 0
    outer loop
      vertex 62.574 -1.38582 5.6
      vertex 62.3882 -1.44889 3.5
      vertex 62.574 -1.38582 3.5
    endloop
  endfacet
  facet normal 0.831487 0.555544 0
    outer loop
      vertex 63.299 0.75 5.6
      vertex 63.19 0.913141 3.5
      vertex 63.19 0.913141 5.6
    endloop
  endfacet
  facet normal 0.831487 0.555544 0
    outer loop
      vertex 63.19 0.913141 3.5
      vertex 63.299 0.75 5.6
      vertex 63.299 0.75 3.5
    endloop
  endfacet
  facet normal -0.896836 0.442363 0
    outer loop
      vertex 60.6142 0.574024 3.5
      vertex 60.701 0.75 5.6
      vertex 60.701 0.75 3.5
    endloop
  endfacet
  facet normal -0.896836 0.442363 0
    outer loop
      vertex 60.701 0.75 5.6
      vertex 60.6142 0.574024 3.5
      vertex 60.6142 0.574024 5.6
    endloop
  endfacet
  facet normal -0.555676 0.831399 0
    outer loop
      vertex 61.25 1.29904 3.5
      vertex 61.0869 1.19003 5.6
      vertex 61.25 1.29904 5.6
    endloop
  endfacet
  facet normal -0.555676 0.831399 0
    outer loop
      vertex 61.0869 1.19003 5.6
      vertex 61.25 1.29904 3.5
      vertex 61.0869 1.19003 3.5
    endloop
  endfacet
  facet normal -0.659139 0.752021 0
    outer loop
      vertex 61.0869 1.19003 3.5
      vertex 60.9393 1.06066 5.6
      vertex 61.0869 1.19003 5.6
    endloop
  endfacet
  facet normal -0.659139 0.752021 0
    outer loop
      vertex 60.9393 1.06066 5.6
      vertex 61.0869 1.19003 3.5
      vertex 60.9393 1.06066 3.5
    endloop
  endfacet
  facet normal -0.752018 0.659142 0
    outer loop
      vertex 60.81 0.913141 3.5
      vertex 60.9393 1.06066 5.6
      vertex 60.9393 1.06066 3.5
    endloop
  endfacet
  facet normal -0.752018 0.659142 0
    outer loop
      vertex 60.9393 1.06066 5.6
      vertex 60.81 0.913141 3.5
      vertex 60.81 0.913141 5.6
    endloop
  endfacet
  facet normal 0.946882 -0.32158 0
    outer loop
      vertex 63.3858 -0.574024 5.6
      vertex 63.4489 -0.388228 3.5
      vertex 63.4489 -0.388228 5.6
    endloop
  endfacet
  facet normal 0.946882 -0.32158 0
    outer loop
      vertex 63.4489 -0.388228 3.5
      vertex 63.3858 -0.574024 5.6
      vertex 63.3858 -0.574024 3.5
    endloop
  endfacet
  facet normal -0.99787 0.0652376 0
    outer loop
      vertex 60.5 0 3.5
      vertex 60.5128 0.195788 5.6
      vertex 60.5128 0.195788 3.5
    endloop
  endfacet
  facet normal -0.99787 0.0652376 0
    outer loop
      vertex 60.5128 0.195788 5.6
      vertex 60.5 0 3.5
      vertex 60.5 0 5.6
    endloop
  endfacet
  facet normal 0.555676 0.831399 -0
    outer loop
      vertex 62.9131 1.19003 3.5
      vertex 62.75 1.29904 5.6
      vertex 62.9131 1.19003 5.6
    endloop
  endfacet
  facet normal 0.555676 0.831399 0
    outer loop
      vertex 62.75 1.29904 5.6
      vertex 62.9131 1.19003 3.5
      vertex 62.75 1.29904 3.5
    endloop
  endfacet
  facet normal -0.321437 -0.946931 0
    outer loop
      vertex 61.426 -1.38582 3.5
      vertex 61.6118 -1.44889 5.6
      vertex 61.426 -1.38582 5.6
    endloop
  endfacet
  facet normal -0.321437 -0.946931 -0
    outer loop
      vertex 61.6118 -1.44889 5.6
      vertex 61.426 -1.38582 3.5
      vertex 61.6118 -1.44889 3.5
    endloop
  endfacet
  facet normal 0.195136 -0.980776 0
    outer loop
      vertex 62.1958 -1.48717 3.5
      vertex 62.3882 -1.44889 5.6
      vertex 62.1958 -1.48717 5.6
    endloop
  endfacet
  facet normal 0.195136 -0.980776 0
    outer loop
      vertex 62.3882 -1.44889 5.6
      vertex 62.1958 -1.48717 3.5
      vertex 62.3882 -1.44889 3.5
    endloop
  endfacet
  facet normal -0.321437 0.946931 0
    outer loop
      vertex 61.6118 1.44889 3.5
      vertex 61.426 1.38582 5.6
      vertex 61.6118 1.44889 5.6
    endloop
  endfacet
  facet normal -0.321437 0.946931 0
    outer loop
      vertex 61.426 1.38582 5.6
      vertex 61.6118 1.44889 3.5
      vertex 61.426 1.38582 3.5
    endloop
  endfacet
  facet normal -0.831487 -0.555544 0
    outer loop
      vertex 60.81 -0.913141 3.5
      vertex 60.701 -0.75 5.6
      vertex 60.701 -0.75 3.5
    endloop
  endfacet
  facet normal -0.831487 -0.555544 0
    outer loop
      vertex 60.701 -0.75 5.6
      vertex 60.81 -0.913141 3.5
      vertex 60.81 -0.913141 5.6
    endloop
  endfacet
  facet normal 0.555676 -0.831399 0
    outer loop
      vertex 62.75 -1.29904 3.5
      vertex 62.9131 -1.19003 5.6
      vertex 62.75 -1.29904 5.6
    endloop
  endfacet
  facet normal 0.555676 -0.831399 0
    outer loop
      vertex 62.9131 -1.19003 5.6
      vertex 62.75 -1.29904 3.5
      vertex 62.9131 -1.19003 3.5
    endloop
  endfacet
  facet normal -0.946882 0.32158 0
    outer loop
      vertex 60.5511 0.388228 3.5
      vertex 60.6142 0.574024 5.6
      vertex 60.6142 0.574024 3.5
    endloop
  endfacet
  facet normal -0.946882 0.32158 0
    outer loop
      vertex 60.6142 0.574024 5.6
      vertex 60.5511 0.388228 3.5
      vertex 60.5511 0.388228 5.6
    endloop
  endfacet
  facet normal 0.321437 0.946931 -0
    outer loop
      vertex 62.574 1.38582 3.5
      vertex 62.3882 1.44889 5.6
      vertex 62.574 1.38582 5.6
    endloop
  endfacet
  facet normal 0.321437 0.946931 0
    outer loop
      vertex 62.3882 1.44889 5.6
      vertex 62.574 1.38582 3.5
      vertex 62.3882 1.44889 3.5
    endloop
  endfacet
  facet normal 0.0653858 0.99786 -0
    outer loop
      vertex 62.1958 1.48717 3.5
      vertex 62 1.5 5.6
      vertex 62.1958 1.48717 5.6
    endloop
  endfacet
  facet normal 0.0653858 0.99786 0
    outer loop
      vertex 62 1.5 5.6
      vertex 62.1958 1.48717 3.5
      vertex 62 1.5 3.5
    endloop
  endfacet
  facet normal -0.442233 0.8969 0
    outer loop
      vertex 61.426 1.38582 3.5
      vertex 61.25 1.29904 5.6
      vertex 61.426 1.38582 5.6
    endloop
  endfacet
  facet normal -0.442233 0.8969 0
    outer loop
      vertex 61.25 1.29904 5.6
      vertex 61.426 1.38582 3.5
      vertex 61.25 1.29904 3.5
    endloop
  endfacet
  facet normal 0.831487 -0.555544 0
    outer loop
      vertex 63.19 -0.913141 5.6
      vertex 63.299 -0.75 3.5
      vertex 63.299 -0.75 5.6
    endloop
  endfacet
  facet normal 0.831487 -0.555544 0
    outer loop
      vertex 63.299 -0.75 3.5
      vertex 63.19 -0.913141 5.6
      vertex 63.19 -0.913141 3.5
    endloop
  endfacet
  facet normal -0.99787 -0.0652376 0
    outer loop
      vertex 60.5128 -0.195788 3.5
      vertex 60.5 0 5.6
      vertex 60.5 0 3.5
    endloop
  endfacet
  facet normal -0.99787 -0.0652376 0
    outer loop
      vertex 60.5 0 5.6
      vertex 60.5128 -0.195788 3.5
      vertex 60.5128 -0.195788 5.6
    endloop
  endfacet
  facet normal 0.980764 -0.195195 0
    outer loop
      vertex 63.4489 -0.388228 5.6
      vertex 63.4872 -0.195788 3.5
      vertex 63.4872 -0.195788 5.6
    endloop
  endfacet
  facet normal 0.980764 -0.195195 0
    outer loop
      vertex 63.4872 -0.195788 3.5
      vertex 63.4489 -0.388228 5.6
      vertex 63.4489 -0.388228 3.5
    endloop
  endfacet
  facet normal -0.946882 -0.32158 0
    outer loop
      vertex 60.6142 -0.574024 3.5
      vertex 60.5511 -0.388228 5.6
      vertex 60.5511 -0.388228 3.5
    endloop
  endfacet
  facet normal -0.946882 -0.32158 0
    outer loop
      vertex 60.5511 -0.388228 5.6
      vertex 60.6142 -0.574024 3.5
      vertex 60.6142 -0.574024 5.6
    endloop
  endfacet
  facet normal -0.659139 -0.752021 0
    outer loop
      vertex 60.9393 -1.06066 3.5
      vertex 61.0869 -1.19003 5.6
      vertex 60.9393 -1.06066 5.6
    endloop
  endfacet
  facet normal -0.659139 -0.752021 -0
    outer loop
      vertex 61.0869 -1.19003 5.6
      vertex 60.9393 -1.06066 3.5
      vertex 61.0869 -1.19003 3.5
    endloop
  endfacet
  facet normal 0.442233 0.8969 -0
    outer loop
      vertex 62.75 1.29904 3.5
      vertex 62.574 1.38582 5.6
      vertex 62.75 1.29904 5.6
    endloop
  endfacet
  facet normal 0.442233 0.8969 0
    outer loop
      vertex 62.574 1.38582 5.6
      vertex 62.75 1.29904 3.5
      vertex 62.574 1.38582 3.5
    endloop
  endfacet
  facet normal -0.195136 0.980776 0
    outer loop
      vertex 61.8042 1.48717 3.5
      vertex 61.6118 1.44889 5.6
      vertex 61.8042 1.48717 5.6
    endloop
  endfacet
  facet normal -0.195136 0.980776 0
    outer loop
      vertex 61.6118 1.44889 5.6
      vertex 61.8042 1.48717 3.5
      vertex 61.6118 1.44889 3.5
    endloop
  endfacet
  facet normal 0.752018 0.659142 0
    outer loop
      vertex 63.19 0.913141 5.6
      vertex 63.0607 1.06066 3.5
      vertex 63.0607 1.06066 5.6
    endloop
  endfacet
  facet normal 0.752018 0.659142 0
    outer loop
      vertex 63.0607 1.06066 3.5
      vertex 63.19 0.913141 5.6
      vertex 63.19 0.913141 3.5
    endloop
  endfacet
  facet normal 0.195136 0.980776 -0
    outer loop
      vertex 62.3882 1.44889 3.5
      vertex 62.1958 1.48717 5.6
      vertex 62.3882 1.44889 5.6
    endloop
  endfacet
  facet normal 0.195136 0.980776 0
    outer loop
      vertex 62.1958 1.48717 5.6
      vertex 62.3882 1.44889 3.5
      vertex 62.1958 1.48717 3.5
    endloop
  endfacet
  facet normal 0.752018 -0.659142 0
    outer loop
      vertex 63.0607 -1.06066 5.6
      vertex 63.19 -0.913141 3.5
      vertex 63.19 -0.913141 5.6
    endloop
  endfacet
  facet normal 0.752018 -0.659142 0
    outer loop
      vertex 63.19 -0.913141 3.5
      vertex 63.0607 -1.06066 5.6
      vertex 63.0607 -1.06066 3.5
    endloop
  endfacet
  facet normal -0.442233 -0.8969 0
    outer loop
      vertex 61.25 -1.29904 3.5
      vertex 61.426 -1.38582 5.6
      vertex 61.25 -1.29904 5.6
    endloop
  endfacet
  facet normal -0.442233 -0.8969 -0
    outer loop
      vertex 61.426 -1.38582 5.6
      vertex 61.25 -1.29904 3.5
      vertex 61.426 -1.38582 3.5
    endloop
  endfacet
  facet normal -0.980764 0.195195 0
    outer loop
      vertex 60.5128 0.195788 3.5
      vertex 60.5511 0.388228 5.6
      vertex 60.5511 0.388228 3.5
    endloop
  endfacet
  facet normal -0.980764 0.195195 0
    outer loop
      vertex 60.5511 0.388228 5.6
      vertex 60.5128 0.195788 3.5
      vertex 60.5128 0.195788 5.6
    endloop
  endfacet
  facet normal 0.0653858 -0.99786 0
    outer loop
      vertex 62 -1.5 3.5
      vertex 62.1958 -1.48717 5.6
      vertex 62 -1.5 5.6
    endloop
  endfacet
  facet normal 0.0653858 -0.99786 0
    outer loop
      vertex 62.1958 -1.48717 5.6
      vertex 62 -1.5 3.5
      vertex 62.1958 -1.48717 3.5
    endloop
  endfacet
  facet normal 0.442233 -0.8969 0
    outer loop
      vertex 62.574 -1.38582 3.5
      vertex 62.75 -1.29904 5.6
      vertex 62.574 -1.38582 5.6
    endloop
  endfacet
  facet normal 0.442233 -0.8969 0
    outer loop
      vertex 62.75 -1.29904 5.6
      vertex 62.574 -1.38582 3.5
      vertex 62.75 -1.29904 3.5
    endloop
  endfacet
  facet normal 0.659139 -0.752021 0
    outer loop
      vertex 62.9131 -1.19003 3.5
      vertex 63.0607 -1.06066 5.6
      vertex 62.9131 -1.19003 5.6
    endloop
  endfacet
  facet normal 0.659139 -0.752021 0
    outer loop
      vertex 63.0607 -1.06066 5.6
      vertex 62.9131 -1.19003 3.5
      vertex 63.0607 -1.06066 3.5
    endloop
  endfacet
  facet normal -0.896836 -0.442363 0
    outer loop
      vertex 60.701 -0.75 3.5
      vertex 60.6142 -0.574024 5.6
      vertex 60.6142 -0.574024 3.5
    endloop
  endfacet
  facet normal -0.896836 -0.442363 0
    outer loop
      vertex 60.6142 -0.574024 5.6
      vertex 60.701 -0.75 3.5
      vertex 60.701 -0.75 5.6
    endloop
  endfacet
  facet normal 0.896836 -0.442363 0
    outer loop
      vertex 63.299 -0.75 5.6
      vertex 63.3858 -0.574024 3.5
      vertex 63.3858 -0.574024 5.6
    endloop
  endfacet
  facet normal 0.896836 -0.442363 0
    outer loop
      vertex 63.3858 -0.574024 3.5
      vertex 63.299 -0.75 5.6
      vertex 63.299 -0.75 3.5
    endloop
  endfacet
  facet normal 0.659139 0.752021 -0
    outer loop
      vertex 63.0607 1.06066 3.5
      vertex 62.9131 1.19003 5.6
      vertex 63.0607 1.06066 5.6
    endloop
  endfacet
  facet normal 0.659139 0.752021 0
    outer loop
      vertex 62.9131 1.19003 5.6
      vertex 63.0607 1.06066 3.5
      vertex 62.9131 1.19003 3.5
    endloop
  endfacet
  facet normal 0.99787 -0.0652376 0
    outer loop
      vertex 63.4872 -0.195788 5.6
      vertex 63.5 0 3.5
      vertex 63.5 0 5.6
    endloop
  endfacet
  facet normal 0.99787 -0.0652376 0
    outer loop
      vertex 63.5 0 3.5
      vertex 63.4872 -0.195788 5.6
      vertex 63.4872 -0.195788 3.5
    endloop
  endfacet
  facet normal -0.555676 -0.831399 0
    outer loop
      vertex 61.0869 -1.19003 3.5
      vertex 61.25 -1.29904 5.6
      vertex 61.0869 -1.19003 5.6
    endloop
  endfacet
  facet normal -0.555676 -0.831399 -0
    outer loop
      vertex 61.25 -1.29904 5.6
      vertex 61.0869 -1.19003 3.5
      vertex 61.25 -1.29904 3.5
    endloop
  endfacet
  facet normal 0.896836 0.442363 0
    outer loop
      vertex 63.3858 0.574024 5.6
      vertex 63.299 0.75 3.5
      vertex 63.299 0.75 5.6
    endloop
  endfacet
  facet normal 0.896836 0.442363 0
    outer loop
      vertex 63.299 0.75 3.5
      vertex 63.3858 0.574024 5.6
      vertex 63.3858 0.574024 3.5
    endloop
  endfacet
  facet normal 0.946882 0.32158 0
    outer loop
      vertex 63.4489 0.388228 5.6
      vertex 63.3858 0.574024 3.5
      vertex 63.3858 0.574024 5.6
    endloop
  endfacet
  facet normal 0.946882 0.32158 0
    outer loop
      vertex 63.3858 0.574024 3.5
      vertex 63.4489 0.388228 5.6
      vertex 63.4489 0.388228 3.5
    endloop
  endfacet
  facet normal -0.0653858 0.99786 0
    outer loop
      vertex 62 1.5 3.5
      vertex 61.8042 1.48717 5.6
      vertex 62 1.5 5.6
    endloop
  endfacet
  facet normal -0.0653858 0.99786 0
    outer loop
      vertex 61.8042 1.48717 5.6
      vertex 62 1.5 3.5
      vertex 61.8042 1.48717 3.5
    endloop
  endfacet
  facet normal -0.980764 -0.195195 0
    outer loop
      vertex 60.5511 -0.388228 3.5
      vertex 60.5128 -0.195788 5.6
      vertex 60.5128 -0.195788 3.5
    endloop
  endfacet
  facet normal -0.980764 -0.195195 0
    outer loop
      vertex 60.5128 -0.195788 5.6
      vertex 60.5511 -0.388228 3.5
      vertex 60.5511 -0.388228 5.6
    endloop
  endfacet
  facet normal -0.752018 -0.659142 0
    outer loop
      vertex 60.9393 -1.06066 3.5
      vertex 60.81 -0.913141 5.6
      vertex 60.81 -0.913141 3.5
    endloop
  endfacet
  facet normal -0.752018 -0.659142 0
    outer loop
      vertex 60.81 -0.913141 5.6
      vertex 60.9393 -1.06066 3.5
      vertex 60.9393 -1.06066 5.6
    endloop
  endfacet
  facet normal 0 0 1
    outer loop
      vertex 63.4872 0.195788 5.6
      vertex 63.4872 -0.195788 5.6
      vertex 63.5 0 5.6
    endloop
  endfacet
  facet normal 0 0 1
    outer loop
      vertex 63.4489 0.388228 5.6
      vertex 63.4872 -0.195788 5.6
      vertex 63.4872 0.195788 5.6
    endloop
  endfacet
  facet normal 0 0 1
    outer loop
      vertex 63.4489 0.388228 5.6
      vertex 63.4489 -0.388228 5.6
      vertex 63.4872 -0.195788 5.6
    endloop
  endfacet
  facet normal 0 0 1
    outer loop
      vertex 63.3858 0.574024 5.6
      vertex 63.4489 -0.388228 5.6
      vertex 63.4489 0.388228 5.6
    endloop
  endfacet
  facet normal 0 0 1
    outer loop
      vertex 63.3858 0.574024 5.6
      vertex 63.3858 -0.574024 5.6
      vertex 63.4489 -0.388228 5.6
    endloop
  endfacet
  facet normal 0 0 1
    outer loop
      vertex 63.299 0.75 5.6
      vertex 63.3858 -0.574024 5.6
      vertex 63.3858 0.574024 5.6
    endloop
  endfacet
  facet normal 0 0 1
    outer loop
      vertex 63.299 0.75 5.6
      vertex 63.299 -0.75 5.6
      vertex 63.3858 -0.574024 5.6
    endloop
  endfacet
  facet normal 0 0 1
    outer loop
      vertex 63.19 0.913141 5.6
      vertex 63.299 -0.75 5.6
      vertex 63.299 0.75 5.6
    endloop
  endfacet
  facet normal 0 0 1
    outer loop
      vertex 63.19 0.913141 5.6
      vertex 63.19 -0.913141 5.6
      vertex 63.299 -0.75 5.6
    endloop
  endfacet
  facet normal 0 0 1
    outer loop
      vertex 63.0607 1.06066 5.6
      vertex 63.19 -0.913141 5.6
      vertex 63.19 0.913141 5.6
    endloop
  endfacet
  facet normal 0 0 1
    outer loop
      vertex 63.0607 1.06066 5.6
      vertex 63.0607 -1.06066 5.6
      vertex 63.19 -0.913141 5.6
    endloop
  endfacet
  facet normal 0 0 1
    outer loop
      vertex 62.9131 1.19003 5.6
      vertex 63.0607 -1.06066 5.6
      vertex 63.0607 1.06066 5.6
    endloop
  endfacet
  facet normal 0 0 1
    outer loop
      vertex 62.9131 1.19003 5.6
      vertex 62.9131 -1.19003 5.6
      vertex 63.0607 -1.06066 5.6
    endloop
  endfacet
  facet normal 0 0 1
    outer loop
      vertex 62.75 1.29904 5.6
      vertex 62.9131 -1.19003 5.6
      vertex 62.9131 1.19003 5.6
    endloop
  endfacet
  facet normal 0 0 1
    outer loop
      vertex 62.75 1.29904 5.6
      vertex 62.75 -1.29904 5.6
      vertex 62.9131 -1.19003 5.6
    endloop
  endfacet
  facet normal 0 0 1
    outer loop
      vertex 62.574 1.38582 5.6
      vertex 62.75 -1.29904 5.6
      vertex 62.75 1.29904 5.6
    endloop
  endfacet
  facet normal 0 0 1
    outer loop
      vertex 62.574 1.38582 5.6
      vertex 62.574 -1.38582 5.6
      vertex 62.75 -1.29904 5.6
    endloop
  endfacet
  facet normal 0 0 1
    outer loop
      vertex 62.3882 1.44889 5.6
      vertex 62.574 -1.38582 5.6
      vertex 62.574 1.38582 5.6
    endloop
  endfacet
  facet normal 0 0 1
    outer loop
      vertex 62.3882 1.44889 5.6
      vertex 62.3882 -1.44889 5.6
      vertex 62.574 -1.38582 5.6
    endloop
  endfacet
  facet normal 0 0 1
    outer loop
      vertex 62.1958 1.48717 5.6
      vertex 62.3882 -1.44889 5.6
      vertex 62.3882 1.44889 5.6
    endloop
  endfacet
  facet normal 0 0 1
    outer loop
      vertex 62.1958 1.48717 5.6
      vertex 62.1958 -1.48717 5.6
      vertex 62.3882 -1.44889 5.6
    endloop
  endfacet
  facet normal 0 0 1
    outer loop
      vertex 62 1.5 5.6
      vertex 62.1958 -1.48717 5.6
      vertex 62.1958 1.48717 5.6
    endloop
  endfacet
  facet normal 0 0 1
    outer loop
      vertex 62 1.5 5.6
      vertex 62 -1.5 5.6
      vertex 62.1958 -1.48717 5.6
    endloop
  endfacet
  facet normal -0 0 1
    outer loop
      vertex 61.8042 1.48717 5.6
      vertex 62 -1.5 5.6
      vertex 62 1.5 5.6
    endloop
  endfacet
  facet normal 0 0 1
    outer loop
      vertex 61.8042 1.48717 5.6
      vertex 61.8042 -1.48717 5.6
      vertex 62 -1.5 5.6
    endloop
  endfacet
  facet normal -0 0 1
    outer loop
      vertex 61.6118 1.44889 5.6
      vertex 61.8042 -1.48717 5.6
      vertex 61.8042 1.48717 5.6
    endloop
  endfacet
  facet normal 0 0 1
    outer loop
      vertex 61.6118 1.44889 5.6
      vertex 61.6118 -1.44889 5.6
      vertex 61.8042 -1.48717 5.6
    endloop
  endfacet
  facet normal -0 0 1
    outer loop
      vertex 61.426 1.38582 5.6
      vertex 61.6118 -1.44889 5.6
      vertex 61.6118 1.44889 5.6
    endloop
  endfacet
  facet normal 0 0 1
    outer loop
      vertex 61.426 1.38582 5.6
      vertex 61.426 -1.38582 5.6
      vertex 61.6118 -1.44889 5.6
    endloop
  endfacet
  facet normal -0 0 1
    outer loop
      vertex 61.25 1.29904 5.6
      vertex 61.426 -1.38582 5.6
      vertex 61.426 1.38582 5.6
    endloop
  endfacet
  facet normal 0 0 1
    outer loop
      vertex 61.25 1.29904 5.6
      vertex 61.25 -1.29904 5.6
      vertex 61.426 -1.38582 5.6
    endloop
  endfacet
  facet normal -0 0 1
    outer loop
      vertex 61.0869 1.19003 5.6
      vertex 61.25 -1.29904 5.6
      vertex 61.25 1.29904 5.6
    endloop
  endfacet
  facet normal 0 0 1
    outer loop
      vertex 61.0869 1.19003 5.6
      vertex 61.0869 -1.19003 5.6
      vertex 61.25 -1.29904 5.6
    endloop
  endfacet
  facet normal -0 0 1
    outer loop
      vertex 60.9393 1.06066 5.6
      vertex 61.0869 -1.19003 5.6
      vertex 61.0869 1.19003 5.6
    endloop
  endfacet
  facet normal 0 0 1
    outer loop
      vertex 60.9393 1.06066 5.6
      vertex 60.9393 -1.06066 5.6
      vertex 61.0869 -1.19003 5.6
    endloop
  endfacet
  facet normal -0 0 1
    outer loop
      vertex 60.81 0.913141 5.6
      vertex 60.9393 -1.06066 5.6
      vertex 60.9393 1.06066 5.6
    endloop
  endfacet
  facet normal 0 0 1
    outer loop
      vertex 60.81 0.913141 5.6
      vertex 60.81 -0.913141 5.6
      vertex 60.9393 -1.06066 5.6
    endloop
  endfacet
  facet normal -0 0 1
    outer loop
      vertex 60.701 0.75 5.6
      vertex 60.81 -0.913141 5.6
      vertex 60.81 0.913141 5.6
    endloop
  endfacet
  facet normal 0 0 1
    outer loop
      vertex 60.701 0.75 5.6
      vertex 60.701 -0.75 5.6
      vertex 60.81 -0.913141 5.6
    endloop
  endfacet
  facet normal -0 0 1
    outer loop
      vertex 60.6142 0.574024 5.6
      vertex 60.701 -0.75 5.6
      vertex 60.701 0.75 5.6
    endloop
  endfacet
  facet normal 0 0 1
    outer loop
      vertex 60.6142 0.574024 5.6
      vertex 60.6142 -0.574024 5.6
      vertex 60.701 -0.75 5.6
    endloop
  endfacet
  facet normal -0 0 1
    outer loop
      vertex 60.5511 0.388228 5.6
      vertex 60.6142 -0.574024 5.6
      vertex 60.6142 0.574024 5.6
    endloop
  endfacet
  facet normal 0 0 1
    outer loop
      vertex 60.5511 0.388228 5.6
      vertex 60.5511 -0.388228 5.6
      vertex 60.6142 -0.574024 5.6
    endloop
  endfacet
  facet normal -0 0 1
    outer loop
      vertex 60.5128 0.195788 5.6
      vertex 60.5511 -0.388228 5.6
      vertex 60.5511 0.388228 5.6
    endloop
  endfacet
  facet normal 0 0 1
    outer loop
      vertex 60.5128 0.195788 5.6
      vertex 60.5128 -0.195788 5.6
      vertex 60.5511 -0.388228 5.6
    endloop
  endfacet
  facet normal 0 -0 1
    outer loop
      vertex 60.5128 -0.195788 5.6
      vertex 60.5128 0.195788 5.6
      vertex 60.5 0 5.6
    endloop
  endfacet
  facet normal -0.195136 -0.980776 0
    outer loop
      vertex 61.6118 -1.44889 3.5
      vertex 61.8042 -1.48717 5.6
      vertex 61.6118 -1.44889 5.6
    endloop
  endfacet
  facet normal -0.195136 -0.980776 -0
    outer loop
      vertex 61.8042 -1.48717 5.6
      vertex 61.6118 -1.44889 3.5
      vertex 61.8042 -1.48717 3.5
    endloop
  endfacet
  facet normal -0.831487 0.555544 0
    outer loop
      vertex 60.701 0.75 3.5
      vertex 60.81 0.913141 5.6
      vertex 60.81 0.913141 3.5
    endloop
  endfacet
  facet normal -0.831487 0.555544 0
    outer loop
      vertex 60.81 0.913141 5.6
      vertex 60.701 0.75 3.5
      vertex 60.701 0.75 5.6
    endloop
  endfacet
  facet normal -0.0653858 -0.99786 0
    outer loop
      vertex 61.8042 -1.48717 3.5
      vertex 62 -1.5 5.6
      vertex 61.8042 -1.48717 5.6
    endloop
  endfacet
  facet normal -0.0653858 -0.99786 -0
    outer loop
      vertex 62 -1.5 5.6
      vertex 61.8042 -1.48717 3.5
      vertex 62 -1.5 3.5
    endloop
  endfacet
endsolid OpenSCAD_Model
